[0.309s] DEBUG:colcon:Command line arguments: ['/usr/bin/colcon', 'build', '--symlink-install']
[0.310s] DEBUG:colcon:Parsed command line arguments: Namespace(log_base=None, log_level=None, verb_name='build', build_base='build', install_base='install', merge_install=False, symlink_install=True, test_result_base=None, continue_on_error=False, executor='parallel', parallel_workers=2, event_handlers=None, ignore_user_meta=False, metas=['./colcon.meta'], base_paths=['.'], packages_ignore=None, packages_ignore_regex=None, paths=None, packages_up_to=None, packages_up_to_regex=None, packages_above=None, packages_above_and_dependencies=None, packages_above_depth=None, packages_select_by_dep=None, packages_skip_by_dep=None, packages_skip_up_to=None, packages_select_build_failed=False, packages_skip_build_finished=False, packages_select_test_failures=False, packages_skip_test_passed=False, packages_select=None, packages_skip=None, packages_select_regex=None, packages_skip_regex=None, packages_start=None, packages_end=None, allow_overriding=[], cmake_args=None, cmake_target=None, cmake_target_skip_unavailable=False, cmake_clean_cache=False, cmake_clean_first=False, cmake_force_configure=False, ament_cmake_args=None, catkin_cmake_args=None, catkin_skip_building_tests=False, mixin_files=None, mixin=None, verb_parser=<colcon_mixin.mixin.mixin_argument.MixinArgumentDecorator object at 0x7492667ebfa0>, verb_extension=<colcon_core.verb.build.BuildVerb object at 0x7492667ebaf0>, main=<bound method BuildVerb.main of <colcon_core.verb.build.BuildVerb object at 0x7492667ebaf0>>, mixin_verb=('build',))
[0.751s] Level 1:colcon.colcon_core.package_discovery:discover_packages(colcon_meta) check parameters
[0.751s] Level 1:colcon.colcon_core.package_discovery:discover_packages(recursive) check parameters
[0.751s] Level 1:colcon.colcon_core.package_discovery:discover_packages(ignore) check parameters
[0.751s] Level 1:colcon.colcon_core.package_discovery:discover_packages(path) check parameters
[0.751s] Level 1:colcon.colcon_core.package_discovery:discover_packages(colcon_meta) discover
[0.751s] Level 1:colcon.colcon_core.package_discovery:discover_packages(recursive) discover
[0.751s] INFO:colcon.colcon_core.package_discovery:Crawling recursively for packages in '/home/allen/rm_ws'
[0.752s] Level 1:colcon.colcon_core.package_identification:_identify(.) by extensions ['ignore', 'ignore_ament_install']
[0.752s] Level 1:colcon.colcon_core.package_identification:_identify(.) by extension 'ignore'
[0.752s] Level 1:colcon.colcon_core.package_identification:_identify(.) by extension 'ignore_ament_install'
[0.752s] Level 1:colcon.colcon_core.package_identification:_identify(.) by extensions ['colcon_pkg']
[0.752s] Level 1:colcon.colcon_core.package_identification:_identify(.) by extension 'colcon_pkg'
[0.752s] Level 1:colcon.colcon_core.package_identification:_identify(.) by extensions ['colcon_meta']
[0.752s] Level 1:colcon.colcon_core.package_identification:_identify(.) by extension 'colcon_meta'
[0.752s] Level 1:colcon.colcon_core.package_identification:_identify(.) by extensions ['ros']
[0.752s] Level 1:colcon.colcon_core.package_identification:_identify(.) by extension 'ros'
[0.781s] Level 1:colcon.colcon_core.package_identification:_identify(.) by extensions ['cmake', 'python']
[0.781s] Level 1:colcon.colcon_core.package_identification:_identify(.) by extension 'cmake'
[0.781s] Level 1:colcon.colcon_core.package_identification:_identify(.) by extension 'python'
[0.782s] Level 1:colcon.colcon_core.package_identification:_identify(.) by extensions ['python_setup_py']
[0.782s] Level 1:colcon.colcon_core.package_identification:_identify(.) by extension 'python_setup_py'
[0.782s] Level 1:colcon.colcon_core.package_identification:_identify(build) by extensions ['ignore', 'ignore_ament_install']
[0.782s] Level 1:colcon.colcon_core.package_identification:_identify(build) by extension 'ignore'
[0.783s] Level 1:colcon.colcon_core.package_identification:_identify(build) ignored
[0.783s] Level 1:colcon.colcon_core.package_identification:_identify(install) by extensions ['ignore', 'ignore_ament_install']
[0.784s] Level 1:colcon.colcon_core.package_identification:_identify(install) by extension 'ignore'
[0.784s] Level 1:colcon.colcon_core.package_identification:_identify(install) ignored
[0.784s] Level 1:colcon.colcon_core.package_identification:_identify(log) by extensions ['ignore', 'ignore_ament_install']
[0.785s] Level 1:colcon.colcon_core.package_identification:_identify(log) by extension 'ignore'
[0.785s] Level 1:colcon.colcon_core.package_identification:_identify(log) ignored
[0.785s] Level 1:colcon.colcon_core.package_identification:_identify(src) by extensions ['ignore', 'ignore_ament_install']
[0.785s] Level 1:colcon.colcon_core.package_identification:_identify(src) by extension 'ignore'
[0.785s] Level 1:colcon.colcon_core.package_identification:_identify(src) by extension 'ignore_ament_install'
[0.786s] Level 1:colcon.colcon_core.package_identification:_identify(src) by extensions ['colcon_pkg']
[0.786s] Level 1:colcon.colcon_core.package_identification:_identify(src) by extension 'colcon_pkg'
[0.786s] Level 1:colcon.colcon_core.package_identification:_identify(src) by extensions ['colcon_meta']
[0.786s] Level 1:colcon.colcon_core.package_identification:_identify(src) by extension 'colcon_meta'
[0.786s] Level 1:colcon.colcon_core.package_identification:_identify(src) by extensions ['ros']
[0.786s] Level 1:colcon.colcon_core.package_identification:_identify(src) by extension 'ros'
[0.787s] Level 1:colcon.colcon_core.package_identification:_identify(src) by extensions ['cmake', 'python']
[0.787s] Level 1:colcon.colcon_core.package_identification:_identify(src) by extension 'cmake'
[0.787s] Level 1:colcon.colcon_core.package_identification:_identify(src) by extension 'python'
[0.787s] Level 1:colcon.colcon_core.package_identification:_identify(src) by extensions ['python_setup_py']
[0.787s] Level 1:colcon.colcon_core.package_identification:_identify(src) by extension 'python_setup_py'
[0.788s] Level 1:colcon.colcon_core.package_identification:_identify(src/livox_laser_simulation_RO2) by extensions ['ignore', 'ignore_ament_install']
[0.788s] Level 1:colcon.colcon_core.package_identification:_identify(src/livox_laser_simulation_RO2) by extension 'ignore'
[0.788s] Level 1:colcon.colcon_core.package_identification:_identify(src/livox_laser_simulation_RO2) by extension 'ignore_ament_install'
[0.789s] Level 1:colcon.colcon_core.package_identification:_identify(src/livox_laser_simulation_RO2) by extensions ['colcon_pkg']
[0.789s] Level 1:colcon.colcon_core.package_identification:_identify(src/livox_laser_simulation_RO2) by extension 'colcon_pkg'
[0.789s] Level 1:colcon.colcon_core.package_identification:_identify(src/livox_laser_simulation_RO2) by extensions ['colcon_meta']
[0.789s] Level 1:colcon.colcon_core.package_identification:_identify(src/livox_laser_simulation_RO2) by extension 'colcon_meta'
[0.789s] Level 1:colcon.colcon_core.package_identification:_identify(src/livox_laser_simulation_RO2) by extensions ['ros']
[0.789s] Level 1:colcon.colcon_core.package_identification:_identify(src/livox_laser_simulation_RO2) by extension 'ros'
[0.796s] DEBUG:colcon.colcon_core.package_identification:Package 'src/livox_laser_simulation_RO2' with type 'ros.ament_cmake' and name 'ros2_livox_simulation'
[0.796s] Level 1:colcon.colcon_core.package_identification:_identify(src/livox_ros_driver2) by extensions ['ignore', 'ignore_ament_install']
[0.796s] Level 1:colcon.colcon_core.package_identification:_identify(src/livox_ros_driver2) by extension 'ignore'
[0.796s] Level 1:colcon.colcon_core.package_identification:_identify(src/livox_ros_driver2) by extension 'ignore_ament_install'
[0.796s] Level 1:colcon.colcon_core.package_identification:_identify(src/livox_ros_driver2) by extensions ['colcon_pkg']
[0.796s] Level 1:colcon.colcon_core.package_identification:_identify(src/livox_ros_driver2) by extension 'colcon_pkg'
[0.796s] Level 1:colcon.colcon_core.package_identification:_identify(src/livox_ros_driver2) by extensions ['colcon_meta']
[0.796s] Level 1:colcon.colcon_core.package_identification:_identify(src/livox_ros_driver2) by extension 'colcon_meta'
[0.796s] Level 1:colcon.colcon_core.package_identification:_identify(src/livox_ros_driver2) by extensions ['ros']
[0.797s] Level 1:colcon.colcon_core.package_identification:_identify(src/livox_ros_driver2) by extension 'ros'
[0.797s] Level 1:colcon.colcon_core.package_identification:_identify(src/livox_ros_driver2) by extensions ['cmake', 'python']
[0.797s] Level 1:colcon.colcon_core.package_identification:_identify(src/livox_ros_driver2) by extension 'cmake'
[0.797s] Level 1:colcon.colcon_core.package_identification:_identify(src/livox_ros_driver2) by extension 'python'
[0.797s] Level 1:colcon.colcon_core.package_identification:_identify(src/livox_ros_driver2) by extensions ['python_setup_py']
[0.797s] Level 1:colcon.colcon_core.package_identification:_identify(src/livox_ros_driver2) by extension 'python_setup_py'
[0.797s] Level 1:colcon.colcon_core.package_identification:_identify(src/livox_ros_driver2/src) by extensions ['ignore', 'ignore_ament_install']
[0.797s] Level 1:colcon.colcon_core.package_identification:_identify(src/livox_ros_driver2/src) by extension 'ignore'
[0.798s] Level 1:colcon.colcon_core.package_identification:_identify(src/livox_ros_driver2/src) by extension 'ignore_ament_install'
[0.798s] Level 1:colcon.colcon_core.package_identification:_identify(src/livox_ros_driver2/src) by extensions ['colcon_pkg']
[0.798s] Level 1:colcon.colcon_core.package_identification:_identify(src/livox_ros_driver2/src) by extension 'colcon_pkg'
[0.798s] Level 1:colcon.colcon_core.package_identification:_identify(src/livox_ros_driver2/src) by extensions ['colcon_meta']
[0.798s] Level 1:colcon.colcon_core.package_identification:_identify(src/livox_ros_driver2/src) by extension 'colcon_meta'
[0.798s] Level 1:colcon.colcon_core.package_identification:_identify(src/livox_ros_driver2/src) by extensions ['ros']
[0.798s] Level 1:colcon.colcon_core.package_identification:_identify(src/livox_ros_driver2/src) by extension 'ros'
[0.801s] DEBUG:colcon.colcon_core.package_identification:Package 'src/livox_ros_driver2/src' with type 'ros.ament_cmake' and name 'livox_ros_driver2'
[0.802s] Level 1:colcon.colcon_core.package_identification:_identify(src/rm_localization) by extensions ['ignore', 'ignore_ament_install']
[0.802s] Level 1:colcon.colcon_core.package_identification:_identify(src/rm_localization) by extension 'ignore'
[0.803s] Level 1:colcon.colcon_core.package_identification:_identify(src/rm_localization) by extension 'ignore_ament_install'
[0.803s] Level 1:colcon.colcon_core.package_identification:_identify(src/rm_localization) by extensions ['colcon_pkg']
[0.803s] Level 1:colcon.colcon_core.package_identification:_identify(src/rm_localization) by extension 'colcon_pkg'
[0.803s] Level 1:colcon.colcon_core.package_identification:_identify(src/rm_localization) by extensions ['colcon_meta']
[0.803s] Level 1:colcon.colcon_core.package_identification:_identify(src/rm_localization) by extension 'colcon_meta'
[0.803s] Level 1:colcon.colcon_core.package_identification:_identify(src/rm_localization) by extensions ['ros']
[0.803s] Level 1:colcon.colcon_core.package_identification:_identify(src/rm_localization) by extension 'ros'
[0.804s] Level 1:colcon.colcon_core.package_identification:_identify(src/rm_localization) by extensions ['cmake', 'python']
[0.804s] Level 1:colcon.colcon_core.package_identification:_identify(src/rm_localization) by extension 'cmake'
[0.804s] Level 1:colcon.colcon_core.package_identification:_identify(src/rm_localization) by extension 'python'
[0.804s] Level 1:colcon.colcon_core.package_identification:_identify(src/rm_localization) by extensions ['python_setup_py']
[0.804s] Level 1:colcon.colcon_core.package_identification:_identify(src/rm_localization) by extension 'python_setup_py'
[0.805s] Level 1:colcon.colcon_core.package_identification:_identify(src/rm_localization/FAST_LIO) by extensions ['ignore', 'ignore_ament_install']
[0.805s] Level 1:colcon.colcon_core.package_identification:_identify(src/rm_localization/FAST_LIO) by extension 'ignore'
[0.805s] Level 1:colcon.colcon_core.package_identification:_identify(src/rm_localization/FAST_LIO) by extension 'ignore_ament_install'
[0.805s] Level 1:colcon.colcon_core.package_identification:_identify(src/rm_localization/FAST_LIO) by extensions ['colcon_pkg']
[0.805s] Level 1:colcon.colcon_core.package_identification:_identify(src/rm_localization/FAST_LIO) by extension 'colcon_pkg'
[0.806s] Level 1:colcon.colcon_core.package_identification:_identify(src/rm_localization/FAST_LIO) by extensions ['colcon_meta']
[0.806s] Level 1:colcon.colcon_core.package_identification:_identify(src/rm_localization/FAST_LIO) by extension 'colcon_meta'
[0.806s] Level 1:colcon.colcon_core.package_identification:_identify(src/rm_localization/FAST_LIO) by extensions ['ros']
[0.806s] Level 1:colcon.colcon_core.package_identification:_identify(src/rm_localization/FAST_LIO) by extension 'ros'
[0.811s] DEBUG:colcon.colcon_core.package_identification:Package 'src/rm_localization/FAST_LIO' with type 'ros.ament_cmake' and name 'fast_lio'
[0.811s] Level 1:colcon.colcon_core.package_identification:_identify(src/rm_localization/icp_registration) by extensions ['ignore', 'ignore_ament_install']
[0.811s] Level 1:colcon.colcon_core.package_identification:_identify(src/rm_localization/icp_registration) by extension 'ignore'
[0.811s] Level 1:colcon.colcon_core.package_identification:_identify(src/rm_localization/icp_registration) by extension 'ignore_ament_install'
[0.811s] Level 1:colcon.colcon_core.package_identification:_identify(src/rm_localization/icp_registration) by extensions ['colcon_pkg']
[0.811s] Level 1:colcon.colcon_core.package_identification:_identify(src/rm_localization/icp_registration) by extension 'colcon_pkg'
[0.811s] Level 1:colcon.colcon_core.package_identification:_identify(src/rm_localization/icp_registration) by extensions ['colcon_meta']
[0.811s] Level 1:colcon.colcon_core.package_identification:_identify(src/rm_localization/icp_registration) by extension 'colcon_meta'
[0.811s] Level 1:colcon.colcon_core.package_identification:_identify(src/rm_localization/icp_registration) by extensions ['ros']
[0.812s] Level 1:colcon.colcon_core.package_identification:_identify(src/rm_localization/icp_registration) by extension 'ros'
[0.814s] DEBUG:colcon.colcon_core.package_identification:Package 'src/rm_localization/icp_registration' with type 'ros.ament_cmake' and name 'icp_registration'
[0.814s] Level 1:colcon.colcon_core.package_identification:_identify(src/rm_localization/point_lio) by extensions ['ignore', 'ignore_ament_install']
[0.814s] Level 1:colcon.colcon_core.package_identification:_identify(src/rm_localization/point_lio) by extension 'ignore'
[0.814s] Level 1:colcon.colcon_core.package_identification:_identify(src/rm_localization/point_lio) by extension 'ignore_ament_install'
[0.814s] Level 1:colcon.colcon_core.package_identification:_identify(src/rm_localization/point_lio) by extensions ['colcon_pkg']
[0.815s] Level 1:colcon.colcon_core.package_identification:_identify(src/rm_localization/point_lio) by extension 'colcon_pkg'
[0.815s] Level 1:colcon.colcon_core.package_identification:_identify(src/rm_localization/point_lio) by extensions ['colcon_meta']
[0.815s] Level 1:colcon.colcon_core.package_identification:_identify(src/rm_localization/point_lio) by extension 'colcon_meta'
[0.815s] Level 1:colcon.colcon_core.package_identification:_identify(src/rm_localization/point_lio) by extensions ['ros']
[0.815s] Level 1:colcon.colcon_core.package_identification:_identify(src/rm_localization/point_lio) by extension 'ros'
[0.818s] DEBUG:colcon.colcon_core.package_identification:Package 'src/rm_localization/point_lio' with type 'ros.ament_cmake' and name 'point_lio'
[0.818s] Level 1:colcon.colcon_core.package_identification:_identify(src/rm_nav_bringup) by extensions ['ignore', 'ignore_ament_install']
[0.818s] Level 1:colcon.colcon_core.package_identification:_identify(src/rm_nav_bringup) by extension 'ignore'
[0.818s] Level 1:colcon.colcon_core.package_identification:_identify(src/rm_nav_bringup) by extension 'ignore_ament_install'
[0.818s] Level 1:colcon.colcon_core.package_identification:_identify(src/rm_nav_bringup) by extensions ['colcon_pkg']
[0.818s] Level 1:colcon.colcon_core.package_identification:_identify(src/rm_nav_bringup) by extension 'colcon_pkg'
[0.818s] Level 1:colcon.colcon_core.package_identification:_identify(src/rm_nav_bringup) by extensions ['colcon_meta']
[0.818s] Level 1:colcon.colcon_core.package_identification:_identify(src/rm_nav_bringup) by extension 'colcon_meta'
[0.819s] Level 1:colcon.colcon_core.package_identification:_identify(src/rm_nav_bringup) by extensions ['ros']
[0.819s] Level 1:colcon.colcon_core.package_identification:_identify(src/rm_nav_bringup) by extension 'ros'
[0.820s] DEBUG:colcon.colcon_core.package_identification:Package 'src/rm_nav_bringup' with type 'ros.ament_cmake' and name 'rm_nav_bringup'
[0.821s] Level 1:colcon.colcon_core.package_identification:_identify(src/rm_navigation) by extensions ['ignore', 'ignore_ament_install']
[0.821s] Level 1:colcon.colcon_core.package_identification:_identify(src/rm_navigation) by extension 'ignore'
[0.821s] Level 1:colcon.colcon_core.package_identification:_identify(src/rm_navigation) by extension 'ignore_ament_install'
[0.821s] Level 1:colcon.colcon_core.package_identification:_identify(src/rm_navigation) by extensions ['colcon_pkg']
[0.821s] Level 1:colcon.colcon_core.package_identification:_identify(src/rm_navigation) by extension 'colcon_pkg'
[0.821s] Level 1:colcon.colcon_core.package_identification:_identify(src/rm_navigation) by extensions ['colcon_meta']
[0.821s] Level 1:colcon.colcon_core.package_identification:_identify(src/rm_navigation) by extension 'colcon_meta'
[0.822s] Level 1:colcon.colcon_core.package_identification:_identify(src/rm_navigation) by extensions ['ros']
[0.822s] Level 1:colcon.colcon_core.package_identification:_identify(src/rm_navigation) by extension 'ros'
[0.822s] Level 1:colcon.colcon_core.package_identification:_identify(src/rm_navigation) by extensions ['cmake', 'python']
[0.822s] Level 1:colcon.colcon_core.package_identification:_identify(src/rm_navigation) by extension 'cmake'
[0.822s] Level 1:colcon.colcon_core.package_identification:_identify(src/rm_navigation) by extension 'python'
[0.822s] Level 1:colcon.colcon_core.package_identification:_identify(src/rm_navigation) by extensions ['python_setup_py']
[0.822s] Level 1:colcon.colcon_core.package_identification:_identify(src/rm_navigation) by extension 'python_setup_py'
[0.822s] Level 1:colcon.colcon_core.package_identification:_identify(src/rm_navigation/costmap_converter) by extensions ['ignore', 'ignore_ament_install']
[0.822s] Level 1:colcon.colcon_core.package_identification:_identify(src/rm_navigation/costmap_converter) by extension 'ignore'
[0.823s] Level 1:colcon.colcon_core.package_identification:_identify(src/rm_navigation/costmap_converter) by extension 'ignore_ament_install'
[0.823s] Level 1:colcon.colcon_core.package_identification:_identify(src/rm_navigation/costmap_converter) by extensions ['colcon_pkg']
[0.823s] Level 1:colcon.colcon_core.package_identification:_identify(src/rm_navigation/costmap_converter) by extension 'colcon_pkg'
[0.823s] Level 1:colcon.colcon_core.package_identification:_identify(src/rm_navigation/costmap_converter) by extensions ['colcon_meta']
[0.823s] Level 1:colcon.colcon_core.package_identification:_identify(src/rm_navigation/costmap_converter) by extension 'colcon_meta'
[0.823s] Level 1:colcon.colcon_core.package_identification:_identify(src/rm_navigation/costmap_converter) by extensions ['ros']
[0.823s] Level 1:colcon.colcon_core.package_identification:_identify(src/rm_navigation/costmap_converter) by extension 'ros'
[0.823s] Level 1:colcon.colcon_core.package_identification:_identify(src/rm_navigation/costmap_converter) by extensions ['cmake', 'python']
[0.823s] Level 1:colcon.colcon_core.package_identification:_identify(src/rm_navigation/costmap_converter) by extension 'cmake'
[0.823s] Level 1:colcon.colcon_core.package_identification:_identify(src/rm_navigation/costmap_converter) by extension 'python'
[0.823s] Level 1:colcon.colcon_core.package_identification:_identify(src/rm_navigation/costmap_converter) by extensions ['python_setup_py']
[0.823s] Level 1:colcon.colcon_core.package_identification:_identify(src/rm_navigation/costmap_converter) by extension 'python_setup_py'
[0.824s] Level 1:colcon.colcon_core.package_identification:_identify(src/rm_navigation/costmap_converter/costmap_converter) by extensions ['ignore', 'ignore_ament_install']
[0.824s] Level 1:colcon.colcon_core.package_identification:_identify(src/rm_navigation/costmap_converter/costmap_converter) by extension 'ignore'
[0.824s] Level 1:colcon.colcon_core.package_identification:_identify(src/rm_navigation/costmap_converter/costmap_converter) by extension 'ignore_ament_install'
[0.824s] Level 1:colcon.colcon_core.package_identification:_identify(src/rm_navigation/costmap_converter/costmap_converter) by extensions ['colcon_pkg']
[0.824s] Level 1:colcon.colcon_core.package_identification:_identify(src/rm_navigation/costmap_converter/costmap_converter) by extension 'colcon_pkg'
[0.824s] Level 1:colcon.colcon_core.package_identification:_identify(src/rm_navigation/costmap_converter/costmap_converter) by extensions ['colcon_meta']
[0.824s] Level 1:colcon.colcon_core.package_identification:_identify(src/rm_navigation/costmap_converter/costmap_converter) by extension 'colcon_meta'
[0.824s] Level 1:colcon.colcon_core.package_identification:_identify(src/rm_navigation/costmap_converter/costmap_converter) by extensions ['ros']
[0.824s] Level 1:colcon.colcon_core.package_identification:_identify(src/rm_navigation/costmap_converter/costmap_converter) by extension 'ros'
[0.850s] DEBUG:colcon.colcon_core.package_identification:Package 'src/rm_navigation/costmap_converter/costmap_converter' with type 'ros.ament_cmake' and name 'costmap_converter'
[0.852s] Level 1:colcon.colcon_core.package_identification:_identify(src/rm_navigation/costmap_converter/costmap_converter_msgs) by extensions ['ignore', 'ignore_ament_install']
[0.852s] Level 1:colcon.colcon_core.package_identification:_identify(src/rm_navigation/costmap_converter/costmap_converter_msgs) by extension 'ignore'
[0.852s] Level 1:colcon.colcon_core.package_identification:_identify(src/rm_navigation/costmap_converter/costmap_converter_msgs) by extension 'ignore_ament_install'
[0.852s] Level 1:colcon.colcon_core.package_identification:_identify(src/rm_navigation/costmap_converter/costmap_converter_msgs) by extensions ['colcon_pkg']
[0.852s] Level 1:colcon.colcon_core.package_identification:_identify(src/rm_navigation/costmap_converter/costmap_converter_msgs) by extension 'colcon_pkg'
[0.853s] Level 1:colcon.colcon_core.package_identification:_identify(src/rm_navigation/costmap_converter/costmap_converter_msgs) by extensions ['colcon_meta']
[0.853s] Level 1:colcon.colcon_core.package_identification:_identify(src/rm_navigation/costmap_converter/costmap_converter_msgs) by extension 'colcon_meta'
[0.853s] Level 1:colcon.colcon_core.package_identification:_identify(src/rm_navigation/costmap_converter/costmap_converter_msgs) by extensions ['ros']
[0.853s] Level 1:colcon.colcon_core.package_identification:_identify(src/rm_navigation/costmap_converter/costmap_converter_msgs) by extension 'ros'
[0.855s] DEBUG:colcon.colcon_core.package_identification:Package 'src/rm_navigation/costmap_converter/costmap_converter_msgs' with type 'ros.ament_cmake' and name 'costmap_converter_msgs'
[0.855s] Level 1:colcon.colcon_core.package_identification:_identify(src/rm_navigation/fake_vel_transform) by extensions ['ignore', 'ignore_ament_install']
[0.856s] Level 1:colcon.colcon_core.package_identification:_identify(src/rm_navigation/fake_vel_transform) by extension 'ignore'
[0.856s] Level 1:colcon.colcon_core.package_identification:_identify(src/rm_navigation/fake_vel_transform) by extension 'ignore_ament_install'
[0.856s] Level 1:colcon.colcon_core.package_identification:_identify(src/rm_navigation/fake_vel_transform) by extensions ['colcon_pkg']
[0.856s] Level 1:colcon.colcon_core.package_identification:_identify(src/rm_navigation/fake_vel_transform) by extension 'colcon_pkg'
[0.856s] Level 1:colcon.colcon_core.package_identification:_identify(src/rm_navigation/fake_vel_transform) by extensions ['colcon_meta']
[0.856s] Level 1:colcon.colcon_core.package_identification:_identify(src/rm_navigation/fake_vel_transform) by extension 'colcon_meta'
[0.856s] Level 1:colcon.colcon_core.package_identification:_identify(src/rm_navigation/fake_vel_transform) by extensions ['ros']
[0.856s] Level 1:colcon.colcon_core.package_identification:_identify(src/rm_navigation/fake_vel_transform) by extension 'ros'
[0.858s] DEBUG:colcon.colcon_core.package_identification:Package 'src/rm_navigation/fake_vel_transform' with type 'ros.ament_cmake' and name 'fake_vel_transform'
[0.858s] Level 1:colcon.colcon_core.package_identification:_identify(src/rm_navigation/rm_navigation) by extensions ['ignore', 'ignore_ament_install']
[0.858s] Level 1:colcon.colcon_core.package_identification:_identify(src/rm_navigation/rm_navigation) by extension 'ignore'
[0.858s] Level 1:colcon.colcon_core.package_identification:_identify(src/rm_navigation/rm_navigation) by extension 'ignore_ament_install'
[0.858s] Level 1:colcon.colcon_core.package_identification:_identify(src/rm_navigation/rm_navigation) by extensions ['colcon_pkg']
[0.858s] Level 1:colcon.colcon_core.package_identification:_identify(src/rm_navigation/rm_navigation) by extension 'colcon_pkg'
[0.858s] Level 1:colcon.colcon_core.package_identification:_identify(src/rm_navigation/rm_navigation) by extensions ['colcon_meta']
[0.858s] Level 1:colcon.colcon_core.package_identification:_identify(src/rm_navigation/rm_navigation) by extension 'colcon_meta'
[0.858s] Level 1:colcon.colcon_core.package_identification:_identify(src/rm_navigation/rm_navigation) by extensions ['ros']
[0.858s] Level 1:colcon.colcon_core.package_identification:_identify(src/rm_navigation/rm_navigation) by extension 'ros'
[0.860s] DEBUG:colcon.colcon_core.package_identification:Package 'src/rm_navigation/rm_navigation' with type 'ros.ament_cmake' and name 'rm_navigation'
[0.860s] Level 1:colcon.colcon_core.package_identification:_identify(src/rm_navigation/teb_local_planner) by extensions ['ignore', 'ignore_ament_install']
[0.861s] Level 1:colcon.colcon_core.package_identification:_identify(src/rm_navigation/teb_local_planner) by extension 'ignore'
[0.861s] Level 1:colcon.colcon_core.package_identification:_identify(src/rm_navigation/teb_local_planner) by extension 'ignore_ament_install'
[0.861s] Level 1:colcon.colcon_core.package_identification:_identify(src/rm_navigation/teb_local_planner) by extensions ['colcon_pkg']
[0.861s] Level 1:colcon.colcon_core.package_identification:_identify(src/rm_navigation/teb_local_planner) by extension 'colcon_pkg'
[0.861s] Level 1:colcon.colcon_core.package_identification:_identify(src/rm_navigation/teb_local_planner) by extensions ['colcon_meta']
[0.861s] Level 1:colcon.colcon_core.package_identification:_identify(src/rm_navigation/teb_local_planner) by extension 'colcon_meta'
[0.861s] Level 1:colcon.colcon_core.package_identification:_identify(src/rm_navigation/teb_local_planner) by extensions ['ros']
[0.862s] Level 1:colcon.colcon_core.package_identification:_identify(src/rm_navigation/teb_local_planner) by extension 'ros'
[0.862s] Level 1:colcon.colcon_core.package_identification:_identify(src/rm_navigation/teb_local_planner) by extensions ['cmake', 'python']
[0.862s] Level 1:colcon.colcon_core.package_identification:_identify(src/rm_navigation/teb_local_planner) by extension 'cmake'
[0.862s] Level 1:colcon.colcon_core.package_identification:_identify(src/rm_navigation/teb_local_planner) by extension 'python'
[0.862s] Level 1:colcon.colcon_core.package_identification:_identify(src/rm_navigation/teb_local_planner) by extensions ['python_setup_py']
[0.862s] Level 1:colcon.colcon_core.package_identification:_identify(src/rm_navigation/teb_local_planner) by extension 'python_setup_py'
[0.863s] Level 1:colcon.colcon_core.package_identification:_identify(src/rm_navigation/teb_local_planner/teb_local_planner) by extensions ['ignore', 'ignore_ament_install']
[0.863s] Level 1:colcon.colcon_core.package_identification:_identify(src/rm_navigation/teb_local_planner/teb_local_planner) by extension 'ignore'
[0.863s] Level 1:colcon.colcon_core.package_identification:_identify(src/rm_navigation/teb_local_planner/teb_local_planner) by extension 'ignore_ament_install'
[0.863s] Level 1:colcon.colcon_core.package_identification:_identify(src/rm_navigation/teb_local_planner/teb_local_planner) by extensions ['colcon_pkg']
[0.864s] Level 1:colcon.colcon_core.package_identification:_identify(src/rm_navigation/teb_local_planner/teb_local_planner) by extension 'colcon_pkg'
[0.864s] Level 1:colcon.colcon_core.package_identification:_identify(src/rm_navigation/teb_local_planner/teb_local_planner) by extensions ['colcon_meta']
[0.864s] Level 1:colcon.colcon_core.package_identification:_identify(src/rm_navigation/teb_local_planner/teb_local_planner) by extension 'colcon_meta'
[0.864s] Level 1:colcon.colcon_core.package_identification:_identify(src/rm_navigation/teb_local_planner/teb_local_planner) by extensions ['ros']
[0.864s] Level 1:colcon.colcon_core.package_identification:_identify(src/rm_navigation/teb_local_planner/teb_local_planner) by extension 'ros'
[0.870s] DEBUG:colcon.colcon_core.package_identification:Package 'src/rm_navigation/teb_local_planner/teb_local_planner' with type 'ros.ament_cmake' and name 'teb_local_planner'
[0.870s] Level 1:colcon.colcon_core.package_identification:_identify(src/rm_navigation/teb_local_planner/teb_msgs) by extensions ['ignore', 'ignore_ament_install']
[0.870s] Level 1:colcon.colcon_core.package_identification:_identify(src/rm_navigation/teb_local_planner/teb_msgs) by extension 'ignore'
[0.871s] Level 1:colcon.colcon_core.package_identification:_identify(src/rm_navigation/teb_local_planner/teb_msgs) by extension 'ignore_ament_install'
[0.871s] Level 1:colcon.colcon_core.package_identification:_identify(src/rm_navigation/teb_local_planner/teb_msgs) by extensions ['colcon_pkg']
[0.871s] Level 1:colcon.colcon_core.package_identification:_identify(src/rm_navigation/teb_local_planner/teb_msgs) by extension 'colcon_pkg'
[0.872s] Level 1:colcon.colcon_core.package_identification:_identify(src/rm_navigation/teb_local_planner/teb_msgs) by extensions ['colcon_meta']
[0.872s] Level 1:colcon.colcon_core.package_identification:_identify(src/rm_navigation/teb_local_planner/teb_msgs) by extension 'colcon_meta'
[0.872s] Level 1:colcon.colcon_core.package_identification:_identify(src/rm_navigation/teb_local_planner/teb_msgs) by extensions ['ros']
[0.872s] Level 1:colcon.colcon_core.package_identification:_identify(src/rm_navigation/teb_local_planner/teb_msgs) by extension 'ros'
[0.874s] DEBUG:colcon.colcon_core.package_identification:Package 'src/rm_navigation/teb_local_planner/teb_msgs' with type 'ros.ament_cmake' and name 'teb_msgs'
[0.874s] Level 1:colcon.colcon_core.package_identification:_identify(src/rm_perception) by extensions ['ignore', 'ignore_ament_install']
[0.874s] Level 1:colcon.colcon_core.package_identification:_identify(src/rm_perception) by extension 'ignore'
[0.875s] Level 1:colcon.colcon_core.package_identification:_identify(src/rm_perception) by extension 'ignore_ament_install'
[0.875s] Level 1:colcon.colcon_core.package_identification:_identify(src/rm_perception) by extensions ['colcon_pkg']
[0.875s] Level 1:colcon.colcon_core.package_identification:_identify(src/rm_perception) by extension 'colcon_pkg'
[0.875s] Level 1:colcon.colcon_core.package_identification:_identify(src/rm_perception) by extensions ['colcon_meta']
[0.875s] Level 1:colcon.colcon_core.package_identification:_identify(src/rm_perception) by extension 'colcon_meta'
[0.875s] Level 1:colcon.colcon_core.package_identification:_identify(src/rm_perception) by extensions ['ros']
[0.875s] Level 1:colcon.colcon_core.package_identification:_identify(src/rm_perception) by extension 'ros'
[0.875s] Level 1:colcon.colcon_core.package_identification:_identify(src/rm_perception) by extensions ['cmake', 'python']
[0.875s] Level 1:colcon.colcon_core.package_identification:_identify(src/rm_perception) by extension 'cmake'
[0.875s] Level 1:colcon.colcon_core.package_identification:_identify(src/rm_perception) by extension 'python'
[0.875s] Level 1:colcon.colcon_core.package_identification:_identify(src/rm_perception) by extensions ['python_setup_py']
[0.875s] Level 1:colcon.colcon_core.package_identification:_identify(src/rm_perception) by extension 'python_setup_py'
[0.875s] Level 1:colcon.colcon_core.package_identification:_identify(src/rm_perception/imu_complementary_filter) by extensions ['ignore', 'ignore_ament_install']
[0.876s] Level 1:colcon.colcon_core.package_identification:_identify(src/rm_perception/imu_complementary_filter) by extension 'ignore'
[0.876s] Level 1:colcon.colcon_core.package_identification:_identify(src/rm_perception/imu_complementary_filter) by extension 'ignore_ament_install'
[0.876s] Level 1:colcon.colcon_core.package_identification:_identify(src/rm_perception/imu_complementary_filter) by extensions ['colcon_pkg']
[0.876s] Level 1:colcon.colcon_core.package_identification:_identify(src/rm_perception/imu_complementary_filter) by extension 'colcon_pkg'
[0.876s] Level 1:colcon.colcon_core.package_identification:_identify(src/rm_perception/imu_complementary_filter) by extensions ['colcon_meta']
[0.876s] Level 1:colcon.colcon_core.package_identification:_identify(src/rm_perception/imu_complementary_filter) by extension 'colcon_meta'
[0.876s] Level 1:colcon.colcon_core.package_identification:_identify(src/rm_perception/imu_complementary_filter) by extensions ['ros']
[0.876s] Level 1:colcon.colcon_core.package_identification:_identify(src/rm_perception/imu_complementary_filter) by extension 'ros'
[0.877s] DEBUG:colcon.colcon_core.package_identification:Package 'src/rm_perception/imu_complementary_filter' with type 'ros.ament_cmake' and name 'imu_complementary_filter'
[0.877s] Level 1:colcon.colcon_core.package_identification:_identify(src/rm_perception/linefit_ground_segementation_ros2) by extensions ['ignore', 'ignore_ament_install']
[0.877s] Level 1:colcon.colcon_core.package_identification:_identify(src/rm_perception/linefit_ground_segementation_ros2) by extension 'ignore'
[0.878s] Level 1:colcon.colcon_core.package_identification:_identify(src/rm_perception/linefit_ground_segementation_ros2) by extension 'ignore_ament_install'
[0.878s] Level 1:colcon.colcon_core.package_identification:_identify(src/rm_perception/linefit_ground_segementation_ros2) by extensions ['colcon_pkg']
[0.878s] Level 1:colcon.colcon_core.package_identification:_identify(src/rm_perception/linefit_ground_segementation_ros2) by extension 'colcon_pkg'
[0.878s] Level 1:colcon.colcon_core.package_identification:_identify(src/rm_perception/linefit_ground_segementation_ros2) by extensions ['colcon_meta']
[0.878s] Level 1:colcon.colcon_core.package_identification:_identify(src/rm_perception/linefit_ground_segementation_ros2) by extension 'colcon_meta'
[0.878s] Level 1:colcon.colcon_core.package_identification:_identify(src/rm_perception/linefit_ground_segementation_ros2) by extensions ['ros']
[0.878s] Level 1:colcon.colcon_core.package_identification:_identify(src/rm_perception/linefit_ground_segementation_ros2) by extension 'ros'
[0.878s] Level 1:colcon.colcon_core.package_identification:_identify(src/rm_perception/linefit_ground_segementation_ros2) by extensions ['cmake', 'python']
[0.878s] Level 1:colcon.colcon_core.package_identification:_identify(src/rm_perception/linefit_ground_segementation_ros2) by extension 'cmake'
[0.878s] Level 1:colcon.colcon_core.package_identification:_identify(src/rm_perception/linefit_ground_segementation_ros2) by extension 'python'
[0.879s] Level 1:colcon.colcon_core.package_identification:_identify(src/rm_perception/linefit_ground_segementation_ros2) by extensions ['python_setup_py']
[0.879s] Level 1:colcon.colcon_core.package_identification:_identify(src/rm_perception/linefit_ground_segementation_ros2) by extension 'python_setup_py'
[0.879s] Level 1:colcon.colcon_core.package_identification:_identify(src/rm_perception/linefit_ground_segementation_ros2/doc) by extensions ['ignore', 'ignore_ament_install']
[0.879s] Level 1:colcon.colcon_core.package_identification:_identify(src/rm_perception/linefit_ground_segementation_ros2/doc) by extension 'ignore'
[0.880s] Level 1:colcon.colcon_core.package_identification:_identify(src/rm_perception/linefit_ground_segementation_ros2/doc) by extension 'ignore_ament_install'
[0.880s] Level 1:colcon.colcon_core.package_identification:_identify(src/rm_perception/linefit_ground_segementation_ros2/doc) by extensions ['colcon_pkg']
[0.880s] Level 1:colcon.colcon_core.package_identification:_identify(src/rm_perception/linefit_ground_segementation_ros2/doc) by extension 'colcon_pkg'
[0.880s] Level 1:colcon.colcon_core.package_identification:_identify(src/rm_perception/linefit_ground_segementation_ros2/doc) by extensions ['colcon_meta']
[0.880s] Level 1:colcon.colcon_core.package_identification:_identify(src/rm_perception/linefit_ground_segementation_ros2/doc) by extension 'colcon_meta'
[0.880s] Level 1:colcon.colcon_core.package_identification:_identify(src/rm_perception/linefit_ground_segementation_ros2/doc) by extensions ['ros']
[0.881s] Level 1:colcon.colcon_core.package_identification:_identify(src/rm_perception/linefit_ground_segementation_ros2/doc) by extension 'ros'
[0.881s] Level 1:colcon.colcon_core.package_identification:_identify(src/rm_perception/linefit_ground_segementation_ros2/doc) by extensions ['cmake', 'python']
[0.881s] Level 1:colcon.colcon_core.package_identification:_identify(src/rm_perception/linefit_ground_segementation_ros2/doc) by extension 'cmake'
[0.881s] Level 1:colcon.colcon_core.package_identification:_identify(src/rm_perception/linefit_ground_segementation_ros2/doc) by extension 'python'
[0.881s] Level 1:colcon.colcon_core.package_identification:_identify(src/rm_perception/linefit_ground_segementation_ros2/doc) by extensions ['python_setup_py']
[0.882s] Level 1:colcon.colcon_core.package_identification:_identify(src/rm_perception/linefit_ground_segementation_ros2/doc) by extension 'python_setup_py'
[0.882s] Level 1:colcon.colcon_core.package_identification:_identify(src/rm_perception/linefit_ground_segementation_ros2/linefit_ground_segmentation) by extensions ['ignore', 'ignore_ament_install']
[0.882s] Level 1:colcon.colcon_core.package_identification:_identify(src/rm_perception/linefit_ground_segementation_ros2/linefit_ground_segmentation) by extension 'ignore'
[0.882s] Level 1:colcon.colcon_core.package_identification:_identify(src/rm_perception/linefit_ground_segementation_ros2/linefit_ground_segmentation) by extension 'ignore_ament_install'
[0.883s] Level 1:colcon.colcon_core.package_identification:_identify(src/rm_perception/linefit_ground_segementation_ros2/linefit_ground_segmentation) by extensions ['colcon_pkg']
[0.883s] Level 1:colcon.colcon_core.package_identification:_identify(src/rm_perception/linefit_ground_segementation_ros2/linefit_ground_segmentation) by extension 'colcon_pkg'
[0.883s] Level 1:colcon.colcon_core.package_identification:_identify(src/rm_perception/linefit_ground_segementation_ros2/linefit_ground_segmentation) by extensions ['colcon_meta']
[0.883s] Level 1:colcon.colcon_core.package_identification:_identify(src/rm_perception/linefit_ground_segementation_ros2/linefit_ground_segmentation) by extension 'colcon_meta'
[0.883s] Level 1:colcon.colcon_core.package_identification:_identify(src/rm_perception/linefit_ground_segementation_ros2/linefit_ground_segmentation) by extensions ['ros']
[0.883s] Level 1:colcon.colcon_core.package_identification:_identify(src/rm_perception/linefit_ground_segementation_ros2/linefit_ground_segmentation) by extension 'ros'
[0.885s] DEBUG:colcon.colcon_core.package_identification:Package 'src/rm_perception/linefit_ground_segementation_ros2/linefit_ground_segmentation' with type 'ros.ament_cmake' and name 'linefit_ground_segmentation'
[0.886s] Level 1:colcon.colcon_core.package_identification:_identify(src/rm_perception/linefit_ground_segementation_ros2/linefit_ground_segmentation_ros) by extensions ['ignore', 'ignore_ament_install']
[0.886s] Level 1:colcon.colcon_core.package_identification:_identify(src/rm_perception/linefit_ground_segementation_ros2/linefit_ground_segmentation_ros) by extension 'ignore'
[0.886s] Level 1:colcon.colcon_core.package_identification:_identify(src/rm_perception/linefit_ground_segementation_ros2/linefit_ground_segmentation_ros) by extension 'ignore_ament_install'
[0.887s] Level 1:colcon.colcon_core.package_identification:_identify(src/rm_perception/linefit_ground_segementation_ros2/linefit_ground_segmentation_ros) by extensions ['colcon_pkg']
[0.887s] Level 1:colcon.colcon_core.package_identification:_identify(src/rm_perception/linefit_ground_segementation_ros2/linefit_ground_segmentation_ros) by extension 'colcon_pkg'
[0.887s] Level 1:colcon.colcon_core.package_identification:_identify(src/rm_perception/linefit_ground_segementation_ros2/linefit_ground_segmentation_ros) by extensions ['colcon_meta']
[0.887s] Level 1:colcon.colcon_core.package_identification:_identify(src/rm_perception/linefit_ground_segementation_ros2/linefit_ground_segmentation_ros) by extension 'colcon_meta'
[0.887s] Level 1:colcon.colcon_core.package_identification:_identify(src/rm_perception/linefit_ground_segementation_ros2/linefit_ground_segmentation_ros) by extensions ['ros']
[0.887s] Level 1:colcon.colcon_core.package_identification:_identify(src/rm_perception/linefit_ground_segementation_ros2/linefit_ground_segmentation_ros) by extension 'ros'
[0.890s] DEBUG:colcon.colcon_core.package_identification:Package 'src/rm_perception/linefit_ground_segementation_ros2/linefit_ground_segmentation_ros' with type 'ros.ament_cmake' and name 'linefit_ground_segmentation_ros'
[0.890s] Level 1:colcon.colcon_core.package_identification:_identify(src/rm_perception/pointcloud_to_laserscan) by extensions ['ignore', 'ignore_ament_install']
[0.891s] Level 1:colcon.colcon_core.package_identification:_identify(src/rm_perception/pointcloud_to_laserscan) by extension 'ignore'
[0.891s] Level 1:colcon.colcon_core.package_identification:_identify(src/rm_perception/pointcloud_to_laserscan) by extension 'ignore_ament_install'
[0.892s] Level 1:colcon.colcon_core.package_identification:_identify(src/rm_perception/pointcloud_to_laserscan) by extensions ['colcon_pkg']
[0.892s] Level 1:colcon.colcon_core.package_identification:_identify(src/rm_perception/pointcloud_to_laserscan) by extension 'colcon_pkg'
[0.892s] Level 1:colcon.colcon_core.package_identification:_identify(src/rm_perception/pointcloud_to_laserscan) by extensions ['colcon_meta']
[0.892s] Level 1:colcon.colcon_core.package_identification:_identify(src/rm_perception/pointcloud_to_laserscan) by extension 'colcon_meta'
[0.892s] Level 1:colcon.colcon_core.package_identification:_identify(src/rm_perception/pointcloud_to_laserscan) by extensions ['ros']
[0.892s] Level 1:colcon.colcon_core.package_identification:_identify(src/rm_perception/pointcloud_to_laserscan) by extension 'ros'
[0.896s] DEBUG:colcon.colcon_core.package_identification:Package 'src/rm_perception/pointcloud_to_laserscan' with type 'ros.ament_cmake' and name 'pointcloud_to_laserscan'
[0.897s] Level 1:colcon.colcon_core.package_identification:_identify(src/rmbot2) by extensions ['ignore', 'ignore_ament_install']
[0.897s] Level 1:colcon.colcon_core.package_identification:_identify(src/rmbot2) by extension 'ignore'
[0.897s] Level 1:colcon.colcon_core.package_identification:_identify(src/rmbot2) by extension 'ignore_ament_install'
[0.897s] Level 1:colcon.colcon_core.package_identification:_identify(src/rmbot2) by extensions ['colcon_pkg']
[0.897s] Level 1:colcon.colcon_core.package_identification:_identify(src/rmbot2) by extension 'colcon_pkg'
[0.897s] Level 1:colcon.colcon_core.package_identification:_identify(src/rmbot2) by extensions ['colcon_meta']
[0.897s] Level 1:colcon.colcon_core.package_identification:_identify(src/rmbot2) by extension 'colcon_meta'
[0.897s] Level 1:colcon.colcon_core.package_identification:_identify(src/rmbot2) by extensions ['ros']
[0.897s] Level 1:colcon.colcon_core.package_identification:_identify(src/rmbot2) by extension 'ros'
[0.901s] DEBUG:colcon.colcon_core.package_identification:Package 'src/rmbot2' with type 'ros.ament_cmake' and name 'rmbot2'
[0.901s] Level 1:colcon.colcon_core.package_discovery:discover_packages(recursive) using defaults
[0.901s] Level 1:colcon.colcon_core.package_discovery:discover_packages(ignore) discover
[0.901s] Level 1:colcon.colcon_core.package_discovery:discover_packages(ignore) using defaults
[0.901s] Level 1:colcon.colcon_core.package_discovery:discover_packages(path) discover
[0.901s] Level 1:colcon.colcon_core.package_discovery:discover_packages(path) using defaults
[0.962s] Level 1:colcon.colcon_core.package_discovery:discover_packages(prefix_path) check parameters
[0.963s] Level 1:colcon.colcon_core.package_discovery:discover_packages(prefix_path) discover
[0.970s] WARNING:colcon.colcon_core.prefix_path.colcon:The path '/home/allen/Robomaster/rm_ws/install' in the environment variable COLCON_PREFIX_PATH doesn't exist
[0.973s] WARNING:colcon.colcon_ros.prefix_path.ament:The path '/home/allen/rm_ws/install/teb_local_planner' in the environment variable AMENT_PREFIX_PATH doesn't exist
[0.973s] WARNING:colcon.colcon_ros.prefix_path.ament:The path '/home/allen/rm_ws/install/teb_msgs' in the environment variable AMENT_PREFIX_PATH doesn't exist
[0.974s] WARNING:colcon.colcon_ros.prefix_path.ament:The path '/home/allen/rm_ws/install/ros2_livox_simulation' in the environment variable AMENT_PREFIX_PATH doesn't exist
[0.976s] WARNING:colcon.colcon_ros.prefix_path.ament:The path '/home/allen/rm_ws/install/rmbot2' in the environment variable AMENT_PREFIX_PATH doesn't exist
[0.977s] WARNING:colcon.colcon_ros.prefix_path.ament:The path '/home/allen/rm_ws/install/rm_navigation' in the environment variable AMENT_PREFIX_PATH doesn't exist
[0.977s] WARNING:colcon.colcon_ros.prefix_path.ament:The path '/home/allen/rm_ws/install/rm_nav_bringup' in the environment variable AMENT_PREFIX_PATH doesn't exist
[0.977s] WARNING:colcon.colcon_ros.prefix_path.ament:The path '/home/allen/rm_ws/install/pointcloud_to_laserscan' in the environment variable AMENT_PREFIX_PATH doesn't exist
[0.978s] WARNING:colcon.colcon_ros.prefix_path.ament:The path '/home/allen/rm_ws/install/point_lio' in the environment variable AMENT_PREFIX_PATH doesn't exist
[0.978s] WARNING:colcon.colcon_ros.prefix_path.ament:The path '/home/allen/rm_ws/install/icp_registration' in the environment variable AMENT_PREFIX_PATH doesn't exist
[0.978s] WARNING:colcon.colcon_ros.prefix_path.ament:The path '/home/allen/rm_ws/install/fast_lio' in the environment variable AMENT_PREFIX_PATH doesn't exist
[0.978s] WARNING:colcon.colcon_ros.prefix_path.ament:The path '/home/allen/rm_ws/install/livox_ros_driver2' in the environment variable AMENT_PREFIX_PATH doesn't exist
[0.978s] WARNING:colcon.colcon_ros.prefix_path.ament:The path '/home/allen/rm_ws/install/linefit_ground_segmentation_ros' in the environment variable AMENT_PREFIX_PATH doesn't exist
[0.981s] WARNING:colcon.colcon_ros.prefix_path.ament:The path '/home/allen/rm_ws/install/linefit_ground_segmentation' in the environment variable AMENT_PREFIX_PATH doesn't exist
[0.981s] WARNING:colcon.colcon_ros.prefix_path.ament:The path '/home/allen/rm_ws/install/imu_complementary_filter' in the environment variable AMENT_PREFIX_PATH doesn't exist
[0.981s] WARNING:colcon.colcon_ros.prefix_path.ament:The path '/home/allen/rm_ws/install/fake_vel_transform' in the environment variable AMENT_PREFIX_PATH doesn't exist
[0.981s] WARNING:colcon.colcon_ros.prefix_path.ament:The path '/home/allen/rm_ws/install/costmap_converter' in the environment variable AMENT_PREFIX_PATH doesn't exist
[0.981s] WARNING:colcon.colcon_ros.prefix_path.ament:The path '/home/allen/rm_ws/install/costmap_converter_msgs' in the environment variable AMENT_PREFIX_PATH doesn't exist
[0.981s] WARNING:colcon.colcon_ros.prefix_path.ament:The path '/home/allen/Robomaster/rm_ws/install/teb_local_planner' in the environment variable AMENT_PREFIX_PATH doesn't exist
[0.981s] WARNING:colcon.colcon_ros.prefix_path.ament:The path '/home/allen/Robomaster/rm_ws/install/teb_msgs' in the environment variable AMENT_PREFIX_PATH doesn't exist
[0.982s] WARNING:colcon.colcon_ros.prefix_path.ament:The path '/home/allen/Robomaster/rm_ws/install/ros2_livox_simulation' in the environment variable AMENT_PREFIX_PATH doesn't exist
[0.982s] WARNING:colcon.colcon_ros.prefix_path.ament:The path '/home/allen/Robomaster/rm_ws/install/rmbot2' in the environment variable AMENT_PREFIX_PATH doesn't exist
[0.982s] WARNING:colcon.colcon_ros.prefix_path.ament:The path '/home/allen/Robomaster/rm_ws/install/rm_navigation' in the environment variable AMENT_PREFIX_PATH doesn't exist
[0.982s] WARNING:colcon.colcon_ros.prefix_path.ament:The path '/home/allen/Robomaster/rm_ws/install/rm_nav_bringup' in the environment variable AMENT_PREFIX_PATH doesn't exist
[0.982s] WARNING:colcon.colcon_ros.prefix_path.ament:The path '/home/allen/Robomaster/rm_ws/install/pointcloud_to_laserscan' in the environment variable AMENT_PREFIX_PATH doesn't exist
[0.982s] WARNING:colcon.colcon_ros.prefix_path.ament:The path '/home/allen/Robomaster/rm_ws/install/point_lio' in the environment variable AMENT_PREFIX_PATH doesn't exist
[0.982s] WARNING:colcon.colcon_ros.prefix_path.ament:The path '/home/allen/Robomaster/rm_ws/install/icp_registration' in the environment variable AMENT_PREFIX_PATH doesn't exist
[0.982s] WARNING:colcon.colcon_ros.prefix_path.ament:The path '/home/allen/Robomaster/rm_ws/install/fast_lio' in the environment variable AMENT_PREFIX_PATH doesn't exist
[0.982s] WARNING:colcon.colcon_ros.prefix_path.ament:The path '/home/allen/Robomaster/rm_ws/install/livox_ros_driver2' in the environment variable AMENT_PREFIX_PATH doesn't exist
[0.982s] WARNING:colcon.colcon_ros.prefix_path.ament:The path '/home/allen/Robomaster/rm_ws/install/linefit_ground_segmentation_ros' in the environment variable AMENT_PREFIX_PATH doesn't exist
[0.983s] WARNING:colcon.colcon_ros.prefix_path.ament:The path '/home/allen/Robomaster/rm_ws/install/linefit_ground_segmentation' in the environment variable AMENT_PREFIX_PATH doesn't exist
[0.983s] WARNING:colcon.colcon_ros.prefix_path.ament:The path '/home/allen/Robomaster/rm_ws/install/imu_complementary_filter' in the environment variable AMENT_PREFIX_PATH doesn't exist
[0.983s] WARNING:colcon.colcon_ros.prefix_path.ament:The path '/home/allen/Robomaster/rm_ws/install/fake_vel_transform' in the environment variable AMENT_PREFIX_PATH doesn't exist
[0.983s] WARNING:colcon.colcon_ros.prefix_path.ament:The path '/home/allen/Robomaster/rm_ws/install/costmap_converter' in the environment variable AMENT_PREFIX_PATH doesn't exist
[0.983s] WARNING:colcon.colcon_ros.prefix_path.ament:The path '/home/allen/Robomaster/rm_ws/install/costmap_converter_msgs' in the environment variable AMENT_PREFIX_PATH doesn't exist
[0.987s] WARNING:colcon.colcon_ros.prefix_path.catkin:The path '/home/allen/rm_ws/install/teb_local_planner' in the environment variable CMAKE_PREFIX_PATH doesn't exist
[0.987s] WARNING:colcon.colcon_ros.prefix_path.catkin:The path '/home/allen/rm_ws/install/teb_msgs' in the environment variable CMAKE_PREFIX_PATH doesn't exist
[0.987s] WARNING:colcon.colcon_ros.prefix_path.catkin:The path '/home/allen/rm_ws/install/ros2_livox_simulation' in the environment variable CMAKE_PREFIX_PATH doesn't exist
[0.988s] WARNING:colcon.colcon_ros.prefix_path.catkin:The path '/home/allen/rm_ws/install/rmbot2' in the environment variable CMAKE_PREFIX_PATH doesn't exist
[0.988s] WARNING:colcon.colcon_ros.prefix_path.catkin:The path '/home/allen/rm_ws/install/rm_navigation' in the environment variable CMAKE_PREFIX_PATH doesn't exist
[0.988s] WARNING:colcon.colcon_ros.prefix_path.catkin:The path '/home/allen/rm_ws/install/rm_nav_bringup' in the environment variable CMAKE_PREFIX_PATH doesn't exist
[0.988s] WARNING:colcon.colcon_ros.prefix_path.catkin:The path '/home/allen/rm_ws/install/pointcloud_to_laserscan' in the environment variable CMAKE_PREFIX_PATH doesn't exist
[0.988s] WARNING:colcon.colcon_ros.prefix_path.catkin:The path '/home/allen/rm_ws/install/point_lio' in the environment variable CMAKE_PREFIX_PATH doesn't exist
[0.988s] WARNING:colcon.colcon_ros.prefix_path.catkin:The path '/home/allen/rm_ws/install/icp_registration' in the environment variable CMAKE_PREFIX_PATH doesn't exist
[0.988s] WARNING:colcon.colcon_ros.prefix_path.catkin:The path '/home/allen/rm_ws/install/fast_lio' in the environment variable CMAKE_PREFIX_PATH doesn't exist
[0.989s] WARNING:colcon.colcon_ros.prefix_path.catkin:The path '/home/allen/rm_ws/install/livox_ros_driver2' in the environment variable CMAKE_PREFIX_PATH doesn't exist
[0.989s] WARNING:colcon.colcon_ros.prefix_path.catkin:The path '/home/allen/rm_ws/install/linefit_ground_segmentation_ros' in the environment variable CMAKE_PREFIX_PATH doesn't exist
[0.989s] WARNING:colcon.colcon_ros.prefix_path.catkin:The path '/home/allen/rm_ws/install/linefit_ground_segmentation' in the environment variable CMAKE_PREFIX_PATH doesn't exist
[0.997s] WARNING:colcon.colcon_ros.prefix_path.catkin:The path '/home/allen/rm_ws/install/imu_complementary_filter' in the environment variable CMAKE_PREFIX_PATH doesn't exist
[0.997s] WARNING:colcon.colcon_ros.prefix_path.catkin:The path '/home/allen/rm_ws/install/fake_vel_transform' in the environment variable CMAKE_PREFIX_PATH doesn't exist
[0.997s] WARNING:colcon.colcon_ros.prefix_path.catkin:The path '/home/allen/rm_ws/install/costmap_converter' in the environment variable CMAKE_PREFIX_PATH doesn't exist
[0.997s] WARNING:colcon.colcon_ros.prefix_path.catkin:The path '/home/allen/rm_ws/install/costmap_converter_msgs' in the environment variable CMAKE_PREFIX_PATH doesn't exist
[0.997s] WARNING:colcon.colcon_ros.prefix_path.catkin:The path '/home/allen/Robomaster/rm_ws/install/teb_local_planner' in the environment variable CMAKE_PREFIX_PATH doesn't exist
[0.997s] WARNING:colcon.colcon_ros.prefix_path.catkin:The path '/home/allen/Robomaster/rm_ws/install/teb_msgs' in the environment variable CMAKE_PREFIX_PATH doesn't exist
[0.997s] WARNING:colcon.colcon_ros.prefix_path.catkin:The path '/home/allen/Robomaster/rm_ws/install/ros2_livox_simulation' in the environment variable CMAKE_PREFIX_PATH doesn't exist
[0.997s] WARNING:colcon.colcon_ros.prefix_path.catkin:The path '/home/allen/Robomaster/rm_ws/install/rmbot2' in the environment variable CMAKE_PREFIX_PATH doesn't exist
[0.997s] WARNING:colcon.colcon_ros.prefix_path.catkin:The path '/home/allen/Robomaster/rm_ws/install/rm_navigation' in the environment variable CMAKE_PREFIX_PATH doesn't exist
[0.997s] WARNING:colcon.colcon_ros.prefix_path.catkin:The path '/home/allen/Robomaster/rm_ws/install/rm_nav_bringup' in the environment variable CMAKE_PREFIX_PATH doesn't exist
[0.998s] WARNING:colcon.colcon_ros.prefix_path.catkin:The path '/home/allen/Robomaster/rm_ws/install/pointcloud_to_laserscan' in the environment variable CMAKE_PREFIX_PATH doesn't exist
[0.998s] WARNING:colcon.colcon_ros.prefix_path.catkin:The path '/home/allen/Robomaster/rm_ws/install/point_lio' in the environment variable CMAKE_PREFIX_PATH doesn't exist
[0.998s] WARNING:colcon.colcon_ros.prefix_path.catkin:The path '/home/allen/Robomaster/rm_ws/install/icp_registration' in the environment variable CMAKE_PREFIX_PATH doesn't exist
[0.998s] WARNING:colcon.colcon_ros.prefix_path.catkin:The path '/home/allen/Robomaster/rm_ws/install/fast_lio' in the environment variable CMAKE_PREFIX_PATH doesn't exist
[0.998s] WARNING:colcon.colcon_ros.prefix_path.catkin:The path '/home/allen/Robomaster/rm_ws/install/livox_ros_driver2' in the environment variable CMAKE_PREFIX_PATH doesn't exist
[1.000s] WARNING:colcon.colcon_ros.prefix_path.catkin:The path '/home/allen/Robomaster/rm_ws/install/linefit_ground_segmentation_ros' in the environment variable CMAKE_PREFIX_PATH doesn't exist
[1.003s] WARNING:colcon.colcon_ros.prefix_path.catkin:The path '/home/allen/Robomaster/rm_ws/install/linefit_ground_segmentation' in the environment variable CMAKE_PREFIX_PATH doesn't exist
[1.003s] WARNING:colcon.colcon_ros.prefix_path.catkin:The path '/home/allen/Robomaster/rm_ws/install/imu_complementary_filter' in the environment variable CMAKE_PREFIX_PATH doesn't exist
[1.003s] WARNING:colcon.colcon_ros.prefix_path.catkin:The path '/home/allen/Robomaster/rm_ws/install/fake_vel_transform' in the environment variable CMAKE_PREFIX_PATH doesn't exist
[1.004s] WARNING:colcon.colcon_ros.prefix_path.catkin:The path '/home/allen/Robomaster/rm_ws/install/costmap_converter' in the environment variable CMAKE_PREFIX_PATH doesn't exist
[1.006s] WARNING:colcon.colcon_ros.prefix_path.catkin:The path '/home/allen/Robomaster/rm_ws/install/costmap_converter_msgs' in the environment variable CMAKE_PREFIX_PATH doesn't exist
[1.017s] DEBUG:colcon.colcon_installed_package_information.package_discovery:Found 0 installed packages in /home/allen/rm_ws/install
[1.019s] DEBUG:colcon.colcon_installed_package_information.package_discovery:Found 6 installed packages in /home/allen/capstone/description_ws/install
[1.043s] DEBUG:colcon.colcon_installed_package_information.package_discovery:Found 454 installed packages in /opt/ros/humble
[1.063s] Level 1:colcon.colcon_core.package_discovery:discover_packages(prefix_path) using defaults
[1.374s] Level 5:colcon.colcon_core.verb:set package 'costmap_converter_msgs' build argument 'cmake_args' from command line to 'None'
[1.374s] Level 5:colcon.colcon_core.verb:set package 'costmap_converter_msgs' build argument 'cmake_target' from command line to 'None'
[1.374s] Level 5:colcon.colcon_core.verb:set package 'costmap_converter_msgs' build argument 'cmake_target_skip_unavailable' from command line to 'False'
[1.374s] Level 5:colcon.colcon_core.verb:set package 'costmap_converter_msgs' build argument 'cmake_clean_cache' from command line to 'False'
[1.374s] Level 5:colcon.colcon_core.verb:set package 'costmap_converter_msgs' build argument 'cmake_clean_first' from command line to 'False'
[1.374s] Level 5:colcon.colcon_core.verb:set package 'costmap_converter_msgs' build argument 'cmake_force_configure' from command line to 'False'
[1.374s] Level 5:colcon.colcon_core.verb:set package 'costmap_converter_msgs' build argument 'ament_cmake_args' from command line to 'None'
[1.375s] Level 5:colcon.colcon_core.verb:set package 'costmap_converter_msgs' build argument 'catkin_cmake_args' from command line to 'None'
[1.375s] Level 5:colcon.colcon_core.verb:set package 'costmap_converter_msgs' build argument 'catkin_skip_building_tests' from command line to 'False'
[1.375s] DEBUG:colcon.colcon_core.verb:Building package 'costmap_converter_msgs' with the following arguments: {'ament_cmake_args': None, 'build_base': '/home/allen/rm_ws/build/costmap_converter_msgs', 'catkin_cmake_args': None, 'catkin_skip_building_tests': False, 'cmake_args': None, 'cmake_clean_cache': False, 'cmake_clean_first': False, 'cmake_force_configure': False, 'cmake_target': None, 'cmake_target_skip_unavailable': False, 'install_base': '/home/allen/rm_ws/install/costmap_converter_msgs', 'merge_install': False, 'path': '/home/allen/rm_ws/src/rm_navigation/costmap_converter/costmap_converter_msgs', 'symlink_install': True, 'test_result_base': None}
[1.376s] Level 5:colcon.colcon_core.verb:set package 'fake_vel_transform' build argument 'cmake_args' from command line to 'None'
[1.376s] Level 5:colcon.colcon_core.verb:set package 'fake_vel_transform' build argument 'cmake_target' from command line to 'None'
[1.377s] Level 5:colcon.colcon_core.verb:set package 'fake_vel_transform' build argument 'cmake_target_skip_unavailable' from command line to 'False'
[1.377s] Level 5:colcon.colcon_core.verb:set package 'fake_vel_transform' build argument 'cmake_clean_cache' from command line to 'False'
[1.377s] Level 5:colcon.colcon_core.verb:set package 'fake_vel_transform' build argument 'cmake_clean_first' from command line to 'False'
[1.377s] Level 5:colcon.colcon_core.verb:set package 'fake_vel_transform' build argument 'cmake_force_configure' from command line to 'False'
[1.377s] Level 5:colcon.colcon_core.verb:set package 'fake_vel_transform' build argument 'ament_cmake_args' from command line to 'None'
[1.377s] Level 5:colcon.colcon_core.verb:set package 'fake_vel_transform' build argument 'catkin_cmake_args' from command line to 'None'
[1.377s] Level 5:colcon.colcon_core.verb:set package 'fake_vel_transform' build argument 'catkin_skip_building_tests' from command line to 'False'
[1.377s] DEBUG:colcon.colcon_core.verb:Building package 'fake_vel_transform' with the following arguments: {'ament_cmake_args': None, 'build_base': '/home/allen/rm_ws/build/fake_vel_transform', 'catkin_cmake_args': None, 'catkin_skip_building_tests': False, 'cmake_args': None, 'cmake_clean_cache': False, 'cmake_clean_first': False, 'cmake_force_configure': False, 'cmake_target': None, 'cmake_target_skip_unavailable': False, 'install_base': '/home/allen/rm_ws/install/fake_vel_transform', 'merge_install': False, 'path': '/home/allen/rm_ws/src/rm_navigation/fake_vel_transform', 'symlink_install': True, 'test_result_base': None}
[1.378s] Level 5:colcon.colcon_core.verb:set package 'imu_complementary_filter' build argument 'cmake_args' from command line to 'None'
[1.378s] Level 5:colcon.colcon_core.verb:set package 'imu_complementary_filter' build argument 'cmake_target' from command line to 'None'
[1.378s] Level 5:colcon.colcon_core.verb:set package 'imu_complementary_filter' build argument 'cmake_target_skip_unavailable' from command line to 'False'
[1.378s] Level 5:colcon.colcon_core.verb:set package 'imu_complementary_filter' build argument 'cmake_clean_cache' from command line to 'False'
[1.378s] Level 5:colcon.colcon_core.verb:set package 'imu_complementary_filter' build argument 'cmake_clean_first' from command line to 'False'
[1.378s] Level 5:colcon.colcon_core.verb:set package 'imu_complementary_filter' build argument 'cmake_force_configure' from command line to 'False'
[1.378s] Level 5:colcon.colcon_core.verb:set package 'imu_complementary_filter' build argument 'ament_cmake_args' from command line to 'None'
[1.378s] Level 5:colcon.colcon_core.verb:set package 'imu_complementary_filter' build argument 'catkin_cmake_args' from command line to 'None'
[1.378s] Level 5:colcon.colcon_core.verb:set package 'imu_complementary_filter' build argument 'catkin_skip_building_tests' from command line to 'False'
[1.378s] DEBUG:colcon.colcon_core.verb:Building package 'imu_complementary_filter' with the following arguments: {'ament_cmake_args': None, 'build_base': '/home/allen/rm_ws/build/imu_complementary_filter', 'catkin_cmake_args': None, 'catkin_skip_building_tests': False, 'cmake_args': None, 'cmake_clean_cache': False, 'cmake_clean_first': False, 'cmake_force_configure': False, 'cmake_target': None, 'cmake_target_skip_unavailable': False, 'install_base': '/home/allen/rm_ws/install/imu_complementary_filter', 'merge_install': False, 'path': '/home/allen/rm_ws/src/rm_perception/imu_complementary_filter', 'symlink_install': True, 'test_result_base': None}
[1.379s] Level 5:colcon.colcon_core.verb:set package 'linefit_ground_segmentation' build argument 'cmake_args' from command line to 'None'
[1.379s] Level 5:colcon.colcon_core.verb:set package 'linefit_ground_segmentation' build argument 'cmake_target' from command line to 'None'
[1.379s] Level 5:colcon.colcon_core.verb:set package 'linefit_ground_segmentation' build argument 'cmake_target_skip_unavailable' from command line to 'False'
[1.379s] Level 5:colcon.colcon_core.verb:set package 'linefit_ground_segmentation' build argument 'cmake_clean_cache' from command line to 'False'
[1.379s] Level 5:colcon.colcon_core.verb:set package 'linefit_ground_segmentation' build argument 'cmake_clean_first' from command line to 'False'
[1.379s] Level 5:colcon.colcon_core.verb:set package 'linefit_ground_segmentation' build argument 'cmake_force_configure' from command line to 'False'
[1.379s] Level 5:colcon.colcon_core.verb:set package 'linefit_ground_segmentation' build argument 'ament_cmake_args' from command line to 'None'
[1.379s] Level 5:colcon.colcon_core.verb:set package 'linefit_ground_segmentation' build argument 'catkin_cmake_args' from command line to 'None'
[1.379s] Level 5:colcon.colcon_core.verb:set package 'linefit_ground_segmentation' build argument 'catkin_skip_building_tests' from command line to 'False'
[1.379s] DEBUG:colcon.colcon_core.verb:Building package 'linefit_ground_segmentation' with the following arguments: {'ament_cmake_args': None, 'build_base': '/home/allen/rm_ws/build/linefit_ground_segmentation', 'catkin_cmake_args': None, 'catkin_skip_building_tests': False, 'cmake_args': None, 'cmake_clean_cache': False, 'cmake_clean_first': False, 'cmake_force_configure': False, 'cmake_target': None, 'cmake_target_skip_unavailable': False, 'install_base': '/home/allen/rm_ws/install/linefit_ground_segmentation', 'merge_install': False, 'path': '/home/allen/rm_ws/src/rm_perception/linefit_ground_segementation_ros2/linefit_ground_segmentation', 'symlink_install': True, 'test_result_base': None}
[1.380s] Level 5:colcon.colcon_core.verb:set package 'livox_ros_driver2' build argument 'cmake_args' from command line to 'None'
[1.380s] Level 5:colcon.colcon_core.verb:set package 'livox_ros_driver2' build argument 'cmake_target' from command line to 'None'
[1.380s] Level 5:colcon.colcon_core.verb:set package 'livox_ros_driver2' build argument 'cmake_target_skip_unavailable' from command line to 'False'
[1.380s] Level 5:colcon.colcon_core.verb:set package 'livox_ros_driver2' build argument 'cmake_clean_cache' from command line to 'False'
[1.380s] Level 5:colcon.colcon_core.verb:set package 'livox_ros_driver2' build argument 'cmake_clean_first' from command line to 'False'
[1.380s] Level 5:colcon.colcon_core.verb:set package 'livox_ros_driver2' build argument 'cmake_force_configure' from command line to 'False'
[1.381s] Level 5:colcon.colcon_core.verb:set package 'livox_ros_driver2' build argument 'ament_cmake_args' from command line to 'None'
[1.381s] Level 5:colcon.colcon_core.verb:set package 'livox_ros_driver2' build argument 'catkin_cmake_args' from command line to 'None'
[1.381s] Level 5:colcon.colcon_core.verb:set package 'livox_ros_driver2' build argument 'catkin_skip_building_tests' from command line to 'False'
[1.381s] DEBUG:colcon.colcon_core.verb:Building package 'livox_ros_driver2' with the following arguments: {'ament_cmake_args': None, 'build_base': '/home/allen/rm_ws/build/livox_ros_driver2', 'catkin_cmake_args': None, 'catkin_skip_building_tests': False, 'cmake_args': None, 'cmake_clean_cache': False, 'cmake_clean_first': False, 'cmake_force_configure': False, 'cmake_target': None, 'cmake_target_skip_unavailable': False, 'install_base': '/home/allen/rm_ws/install/livox_ros_driver2', 'merge_install': False, 'path': '/home/allen/rm_ws/src/livox_ros_driver2/src', 'symlink_install': True, 'test_result_base': None}
[1.381s] Level 5:colcon.colcon_core.verb:set package 'pointcloud_to_laserscan' build argument 'cmake_args' from command line to 'None'
[1.381s] Level 5:colcon.colcon_core.verb:set package 'pointcloud_to_laserscan' build argument 'cmake_target' from command line to 'None'
[1.381s] Level 5:colcon.colcon_core.verb:set package 'pointcloud_to_laserscan' build argument 'cmake_target_skip_unavailable' from command line to 'False'
[1.381s] Level 5:colcon.colcon_core.verb:set package 'pointcloud_to_laserscan' build argument 'cmake_clean_cache' from command line to 'False'
[1.382s] Level 5:colcon.colcon_core.verb:set package 'pointcloud_to_laserscan' build argument 'cmake_clean_first' from command line to 'False'
[1.382s] Level 5:colcon.colcon_core.verb:set package 'pointcloud_to_laserscan' build argument 'cmake_force_configure' from command line to 'False'
[1.382s] Level 5:colcon.colcon_core.verb:set package 'pointcloud_to_laserscan' build argument 'ament_cmake_args' from command line to 'None'
[1.382s] Level 5:colcon.colcon_core.verb:set package 'pointcloud_to_laserscan' build argument 'catkin_cmake_args' from command line to 'None'
[1.382s] Level 5:colcon.colcon_core.verb:set package 'pointcloud_to_laserscan' build argument 'catkin_skip_building_tests' from command line to 'False'
[1.382s] DEBUG:colcon.colcon_core.verb:Building package 'pointcloud_to_laserscan' with the following arguments: {'ament_cmake_args': None, 'build_base': '/home/allen/rm_ws/build/pointcloud_to_laserscan', 'catkin_cmake_args': None, 'catkin_skip_building_tests': False, 'cmake_args': None, 'cmake_clean_cache': False, 'cmake_clean_first': False, 'cmake_force_configure': False, 'cmake_target': None, 'cmake_target_skip_unavailable': False, 'install_base': '/home/allen/rm_ws/install/pointcloud_to_laserscan', 'merge_install': False, 'path': '/home/allen/rm_ws/src/rm_perception/pointcloud_to_laserscan', 'symlink_install': True, 'test_result_base': None}
[1.382s] Level 5:colcon.colcon_core.verb:set package 'rm_nav_bringup' build argument 'cmake_args' from command line to 'None'
[1.382s] Level 5:colcon.colcon_core.verb:set package 'rm_nav_bringup' build argument 'cmake_target' from command line to 'None'
[1.382s] Level 5:colcon.colcon_core.verb:set package 'rm_nav_bringup' build argument 'cmake_target_skip_unavailable' from command line to 'False'
[1.383s] Level 5:colcon.colcon_core.verb:set package 'rm_nav_bringup' build argument 'cmake_clean_cache' from command line to 'False'
[1.383s] Level 5:colcon.colcon_core.verb:set package 'rm_nav_bringup' build argument 'cmake_clean_first' from command line to 'False'
[1.383s] Level 5:colcon.colcon_core.verb:set package 'rm_nav_bringup' build argument 'cmake_force_configure' from command line to 'False'
[1.383s] Level 5:colcon.colcon_core.verb:set package 'rm_nav_bringup' build argument 'ament_cmake_args' from command line to 'None'
[1.383s] Level 5:colcon.colcon_core.verb:set package 'rm_nav_bringup' build argument 'catkin_cmake_args' from command line to 'None'
[1.383s] Level 5:colcon.colcon_core.verb:set package 'rm_nav_bringup' build argument 'catkin_skip_building_tests' from command line to 'False'
[1.383s] DEBUG:colcon.colcon_core.verb:Building package 'rm_nav_bringup' with the following arguments: {'ament_cmake_args': None, 'build_base': '/home/allen/rm_ws/build/rm_nav_bringup', 'catkin_cmake_args': None, 'catkin_skip_building_tests': False, 'cmake_args': None, 'cmake_clean_cache': False, 'cmake_clean_first': False, 'cmake_force_configure': False, 'cmake_target': None, 'cmake_target_skip_unavailable': False, 'install_base': '/home/allen/rm_ws/install/rm_nav_bringup', 'merge_install': False, 'path': '/home/allen/rm_ws/src/rm_nav_bringup', 'symlink_install': True, 'test_result_base': None}
[1.383s] Level 5:colcon.colcon_core.verb:set package 'rm_navigation' build argument 'cmake_args' from command line to 'None'
[1.383s] Level 5:colcon.colcon_core.verb:set package 'rm_navigation' build argument 'cmake_target' from command line to 'None'
[1.383s] Level 5:colcon.colcon_core.verb:set package 'rm_navigation' build argument 'cmake_target_skip_unavailable' from command line to 'False'
[1.384s] Level 5:colcon.colcon_core.verb:set package 'rm_navigation' build argument 'cmake_clean_cache' from command line to 'False'
[1.384s] Level 5:colcon.colcon_core.verb:set package 'rm_navigation' build argument 'cmake_clean_first' from command line to 'False'
[1.384s] Level 5:colcon.colcon_core.verb:set package 'rm_navigation' build argument 'cmake_force_configure' from command line to 'False'
[1.384s] Level 5:colcon.colcon_core.verb:set package 'rm_navigation' build argument 'ament_cmake_args' from command line to 'None'
[1.384s] Level 5:colcon.colcon_core.verb:set package 'rm_navigation' build argument 'catkin_cmake_args' from command line to 'None'
[1.384s] Level 5:colcon.colcon_core.verb:set package 'rm_navigation' build argument 'catkin_skip_building_tests' from command line to 'False'
[1.384s] DEBUG:colcon.colcon_core.verb:Building package 'rm_navigation' with the following arguments: {'ament_cmake_args': None, 'build_base': '/home/allen/rm_ws/build/rm_navigation', 'catkin_cmake_args': None, 'catkin_skip_building_tests': False, 'cmake_args': None, 'cmake_clean_cache': False, 'cmake_clean_first': False, 'cmake_force_configure': False, 'cmake_target': None, 'cmake_target_skip_unavailable': False, 'install_base': '/home/allen/rm_ws/install/rm_navigation', 'merge_install': False, 'path': '/home/allen/rm_ws/src/rm_navigation/rm_navigation', 'symlink_install': True, 'test_result_base': None}
[1.384s] Level 5:colcon.colcon_core.verb:set package 'rmbot2' build argument 'cmake_args' from command line to 'None'
[1.384s] Level 5:colcon.colcon_core.verb:set package 'rmbot2' build argument 'cmake_target' from command line to 'None'
[1.385s] Level 5:colcon.colcon_core.verb:set package 'rmbot2' build argument 'cmake_target_skip_unavailable' from command line to 'False'
[1.385s] Level 5:colcon.colcon_core.verb:set package 'rmbot2' build argument 'cmake_clean_cache' from command line to 'False'
[1.385s] Level 5:colcon.colcon_core.verb:set package 'rmbot2' build argument 'cmake_clean_first' from command line to 'False'
[1.385s] Level 5:colcon.colcon_core.verb:set package 'rmbot2' build argument 'cmake_force_configure' from command line to 'False'
[1.385s] Level 5:colcon.colcon_core.verb:set package 'rmbot2' build argument 'ament_cmake_args' from command line to 'None'
[1.385s] Level 5:colcon.colcon_core.verb:set package 'rmbot2' build argument 'catkin_cmake_args' from command line to 'None'
[1.385s] Level 5:colcon.colcon_core.verb:set package 'rmbot2' build argument 'catkin_skip_building_tests' from command line to 'False'
[1.385s] DEBUG:colcon.colcon_core.verb:Building package 'rmbot2' with the following arguments: {'ament_cmake_args': None, 'build_base': '/home/allen/rm_ws/build/rmbot2', 'catkin_cmake_args': None, 'catkin_skip_building_tests': False, 'cmake_args': None, 'cmake_clean_cache': False, 'cmake_clean_first': False, 'cmake_force_configure': False, 'cmake_target': None, 'cmake_target_skip_unavailable': False, 'install_base': '/home/allen/rm_ws/install/rmbot2', 'merge_install': False, 'path': '/home/allen/rm_ws/src/rmbot2', 'symlink_install': True, 'test_result_base': None}
[1.385s] Level 5:colcon.colcon_core.verb:set package 'costmap_converter' build argument 'cmake_args' from command line to 'None'
[1.385s] Level 5:colcon.colcon_core.verb:set package 'costmap_converter' build argument 'cmake_target' from command line to 'None'
[1.385s] Level 5:colcon.colcon_core.verb:set package 'costmap_converter' build argument 'cmake_target_skip_unavailable' from command line to 'False'
[1.385s] Level 5:colcon.colcon_core.verb:set package 'costmap_converter' build argument 'cmake_clean_cache' from command line to 'False'
[1.386s] Level 5:colcon.colcon_core.verb:set package 'costmap_converter' build argument 'cmake_clean_first' from command line to 'False'
[1.386s] Level 5:colcon.colcon_core.verb:set package 'costmap_converter' build argument 'cmake_force_configure' from command line to 'False'
[1.386s] Level 5:colcon.colcon_core.verb:set package 'costmap_converter' build argument 'ament_cmake_args' from command line to 'None'
[1.386s] Level 5:colcon.colcon_core.verb:set package 'costmap_converter' build argument 'catkin_cmake_args' from command line to 'None'
[1.386s] Level 5:colcon.colcon_core.verb:set package 'costmap_converter' build argument 'catkin_skip_building_tests' from command line to 'False'
[1.386s] DEBUG:colcon.colcon_core.verb:Building package 'costmap_converter' with the following arguments: {'ament_cmake_args': None, 'build_base': '/home/allen/rm_ws/build/costmap_converter', 'catkin_cmake_args': None, 'catkin_skip_building_tests': False, 'cmake_args': None, 'cmake_clean_cache': False, 'cmake_clean_first': False, 'cmake_force_configure': False, 'cmake_target': None, 'cmake_target_skip_unavailable': False, 'install_base': '/home/allen/rm_ws/install/costmap_converter', 'merge_install': False, 'path': '/home/allen/rm_ws/src/rm_navigation/costmap_converter/costmap_converter', 'symlink_install': True, 'test_result_base': None}
[1.386s] Level 5:colcon.colcon_core.verb:set package 'fast_lio' build argument 'cmake_args' from command line to 'None'
[1.387s] Level 5:colcon.colcon_core.verb:set package 'fast_lio' build argument 'cmake_target' from command line to 'None'
[1.387s] Level 5:colcon.colcon_core.verb:set package 'fast_lio' build argument 'cmake_target_skip_unavailable' from command line to 'False'
[1.387s] Level 5:colcon.colcon_core.verb:set package 'fast_lio' build argument 'cmake_clean_cache' from command line to 'False'
[1.387s] Level 5:colcon.colcon_core.verb:set package 'fast_lio' build argument 'cmake_clean_first' from command line to 'False'
[1.387s] Level 5:colcon.colcon_core.verb:set package 'fast_lio' build argument 'cmake_force_configure' from command line to 'False'
[1.387s] Level 5:colcon.colcon_core.verb:set package 'fast_lio' build argument 'ament_cmake_args' from command line to 'None'
[1.387s] Level 5:colcon.colcon_core.verb:set package 'fast_lio' build argument 'catkin_cmake_args' from command line to 'None'
[1.387s] Level 5:colcon.colcon_core.verb:set package 'fast_lio' build argument 'catkin_skip_building_tests' from command line to 'False'
[1.387s] DEBUG:colcon.colcon_core.verb:Building package 'fast_lio' with the following arguments: {'ament_cmake_args': None, 'build_base': '/home/allen/rm_ws/build/fast_lio', 'catkin_cmake_args': None, 'catkin_skip_building_tests': False, 'cmake_args': None, 'cmake_clean_cache': False, 'cmake_clean_first': False, 'cmake_force_configure': False, 'cmake_target': None, 'cmake_target_skip_unavailable': False, 'install_base': '/home/allen/rm_ws/install/fast_lio', 'merge_install': False, 'path': '/home/allen/rm_ws/src/rm_localization/FAST_LIO', 'symlink_install': True, 'test_result_base': None}
[1.387s] Level 5:colcon.colcon_core.verb:set package 'icp_registration' build argument 'cmake_args' from command line to 'None'
[1.388s] Level 5:colcon.colcon_core.verb:set package 'icp_registration' build argument 'cmake_target' from command line to 'None'
[1.388s] Level 5:colcon.colcon_core.verb:set package 'icp_registration' build argument 'cmake_target_skip_unavailable' from command line to 'False'
[1.388s] Level 5:colcon.colcon_core.verb:set package 'icp_registration' build argument 'cmake_clean_cache' from command line to 'False'
[1.388s] Level 5:colcon.colcon_core.verb:set package 'icp_registration' build argument 'cmake_clean_first' from command line to 'False'
[1.388s] Level 5:colcon.colcon_core.verb:set package 'icp_registration' build argument 'cmake_force_configure' from command line to 'False'
[1.388s] Level 5:colcon.colcon_core.verb:set package 'icp_registration' build argument 'ament_cmake_args' from command line to 'None'
[1.388s] Level 5:colcon.colcon_core.verb:set package 'icp_registration' build argument 'catkin_cmake_args' from command line to 'None'
[1.388s] Level 5:colcon.colcon_core.verb:set package 'icp_registration' build argument 'catkin_skip_building_tests' from command line to 'False'
[1.388s] DEBUG:colcon.colcon_core.verb:Building package 'icp_registration' with the following arguments: {'ament_cmake_args': None, 'build_base': '/home/allen/rm_ws/build/icp_registration', 'catkin_cmake_args': None, 'catkin_skip_building_tests': False, 'cmake_args': None, 'cmake_clean_cache': False, 'cmake_clean_first': False, 'cmake_force_configure': False, 'cmake_target': None, 'cmake_target_skip_unavailable': False, 'install_base': '/home/allen/rm_ws/install/icp_registration', 'merge_install': False, 'path': '/home/allen/rm_ws/src/rm_localization/icp_registration', 'symlink_install': True, 'test_result_base': None}
[1.388s] Level 5:colcon.colcon_core.verb:set package 'linefit_ground_segmentation_ros' build argument 'cmake_args' from command line to 'None'
[1.389s] Level 5:colcon.colcon_core.verb:set package 'linefit_ground_segmentation_ros' build argument 'cmake_target' from command line to 'None'
[1.389s] Level 5:colcon.colcon_core.verb:set package 'linefit_ground_segmentation_ros' build argument 'cmake_target_skip_unavailable' from command line to 'False'
[1.389s] Level 5:colcon.colcon_core.verb:set package 'linefit_ground_segmentation_ros' build argument 'cmake_clean_cache' from command line to 'False'
[1.389s] Level 5:colcon.colcon_core.verb:set package 'linefit_ground_segmentation_ros' build argument 'cmake_clean_first' from command line to 'False'
[1.389s] Level 5:colcon.colcon_core.verb:set package 'linefit_ground_segmentation_ros' build argument 'cmake_force_configure' from command line to 'False'
[1.389s] Level 5:colcon.colcon_core.verb:set package 'linefit_ground_segmentation_ros' build argument 'ament_cmake_args' from command line to 'None'
[1.389s] Level 5:colcon.colcon_core.verb:set package 'linefit_ground_segmentation_ros' build argument 'catkin_cmake_args' from command line to 'None'
[1.389s] Level 5:colcon.colcon_core.verb:set package 'linefit_ground_segmentation_ros' build argument 'catkin_skip_building_tests' from command line to 'False'
[1.389s] DEBUG:colcon.colcon_core.verb:Building package 'linefit_ground_segmentation_ros' with the following arguments: {'ament_cmake_args': None, 'build_base': '/home/allen/rm_ws/build/linefit_ground_segmentation_ros', 'catkin_cmake_args': None, 'catkin_skip_building_tests': False, 'cmake_args': None, 'cmake_clean_cache': False, 'cmake_clean_first': False, 'cmake_force_configure': False, 'cmake_target': None, 'cmake_target_skip_unavailable': False, 'install_base': '/home/allen/rm_ws/install/linefit_ground_segmentation_ros', 'merge_install': False, 'path': '/home/allen/rm_ws/src/rm_perception/linefit_ground_segementation_ros2/linefit_ground_segmentation_ros', 'symlink_install': True, 'test_result_base': None}
[1.390s] Level 5:colcon.colcon_core.verb:set package 'point_lio' build argument 'cmake_args' from command line to 'None'
[1.390s] Level 5:colcon.colcon_core.verb:set package 'point_lio' build argument 'cmake_target' from command line to 'None'
[1.390s] Level 5:colcon.colcon_core.verb:set package 'point_lio' build argument 'cmake_target_skip_unavailable' from command line to 'False'
[1.390s] Level 5:colcon.colcon_core.verb:set package 'point_lio' build argument 'cmake_clean_cache' from command line to 'False'
[1.390s] Level 5:colcon.colcon_core.verb:set package 'point_lio' build argument 'cmake_clean_first' from command line to 'False'
[1.390s] Level 5:colcon.colcon_core.verb:set package 'point_lio' build argument 'cmake_force_configure' from command line to 'False'
[1.390s] Level 5:colcon.colcon_core.verb:set package 'point_lio' build argument 'ament_cmake_args' from command line to 'None'
[1.390s] Level 5:colcon.colcon_core.verb:set package 'point_lio' build argument 'catkin_cmake_args' from command line to 'None'
[1.390s] Level 5:colcon.colcon_core.verb:set package 'point_lio' build argument 'catkin_skip_building_tests' from command line to 'False'
[1.390s] DEBUG:colcon.colcon_core.verb:Building package 'point_lio' with the following arguments: {'ament_cmake_args': None, 'build_base': '/home/allen/rm_ws/build/point_lio', 'catkin_cmake_args': None, 'catkin_skip_building_tests': False, 'cmake_args': None, 'cmake_clean_cache': False, 'cmake_clean_first': False, 'cmake_force_configure': False, 'cmake_target': None, 'cmake_target_skip_unavailable': False, 'install_base': '/home/allen/rm_ws/install/point_lio', 'merge_install': False, 'path': '/home/allen/rm_ws/src/rm_localization/point_lio', 'symlink_install': True, 'test_result_base': None}
[1.391s] Level 5:colcon.colcon_core.verb:set package 'ros2_livox_simulation' build argument 'cmake_args' from command line to 'None'
[1.391s] Level 5:colcon.colcon_core.verb:set package 'ros2_livox_simulation' build argument 'cmake_target' from command line to 'None'
[1.391s] Level 5:colcon.colcon_core.verb:set package 'ros2_livox_simulation' build argument 'cmake_target_skip_unavailable' from command line to 'False'
[1.391s] Level 5:colcon.colcon_core.verb:set package 'ros2_livox_simulation' build argument 'cmake_clean_cache' from command line to 'False'
[1.391s] Level 5:colcon.colcon_core.verb:set package 'ros2_livox_simulation' build argument 'cmake_clean_first' from command line to 'False'
[1.391s] Level 5:colcon.colcon_core.verb:set package 'ros2_livox_simulation' build argument 'cmake_force_configure' from command line to 'False'
[1.391s] Level 5:colcon.colcon_core.verb:set package 'ros2_livox_simulation' build argument 'ament_cmake_args' from command line to 'None'
[1.391s] Level 5:colcon.colcon_core.verb:set package 'ros2_livox_simulation' build argument 'catkin_cmake_args' from command line to 'None'
[1.391s] Level 5:colcon.colcon_core.verb:set package 'ros2_livox_simulation' build argument 'catkin_skip_building_tests' from command line to 'False'
[1.391s] DEBUG:colcon.colcon_core.verb:Building package 'ros2_livox_simulation' with the following arguments: {'ament_cmake_args': None, 'build_base': '/home/allen/rm_ws/build/ros2_livox_simulation', 'catkin_cmake_args': None, 'catkin_skip_building_tests': False, 'cmake_args': None, 'cmake_clean_cache': False, 'cmake_clean_first': False, 'cmake_force_configure': False, 'cmake_target': None, 'cmake_target_skip_unavailable': False, 'install_base': '/home/allen/rm_ws/install/ros2_livox_simulation', 'merge_install': False, 'path': '/home/allen/rm_ws/src/livox_laser_simulation_RO2', 'symlink_install': True, 'test_result_base': None}
[1.392s] Level 5:colcon.colcon_core.verb:set package 'teb_msgs' build argument 'cmake_args' from command line to 'None'
[1.392s] Level 5:colcon.colcon_core.verb:set package 'teb_msgs' build argument 'cmake_target' from command line to 'None'
[1.392s] Level 5:colcon.colcon_core.verb:set package 'teb_msgs' build argument 'cmake_target_skip_unavailable' from command line to 'False'
[1.392s] Level 5:colcon.colcon_core.verb:set package 'teb_msgs' build argument 'cmake_clean_cache' from command line to 'False'
[1.392s] Level 5:colcon.colcon_core.verb:set package 'teb_msgs' build argument 'cmake_clean_first' from command line to 'False'
[1.392s] Level 5:colcon.colcon_core.verb:set package 'teb_msgs' build argument 'cmake_force_configure' from command line to 'False'
[1.392s] Level 5:colcon.colcon_core.verb:set package 'teb_msgs' build argument 'ament_cmake_args' from command line to 'None'
[1.392s] Level 5:colcon.colcon_core.verb:set package 'teb_msgs' build argument 'catkin_cmake_args' from command line to 'None'
[1.392s] Level 5:colcon.colcon_core.verb:set package 'teb_msgs' build argument 'catkin_skip_building_tests' from command line to 'False'
[1.392s] DEBUG:colcon.colcon_core.verb:Building package 'teb_msgs' with the following arguments: {'ament_cmake_args': None, 'build_base': '/home/allen/rm_ws/build/teb_msgs', 'catkin_cmake_args': None, 'catkin_skip_building_tests': False, 'cmake_args': None, 'cmake_clean_cache': False, 'cmake_clean_first': False, 'cmake_force_configure': False, 'cmake_target': None, 'cmake_target_skip_unavailable': False, 'install_base': '/home/allen/rm_ws/install/teb_msgs', 'merge_install': False, 'path': '/home/allen/rm_ws/src/rm_navigation/teb_local_planner/teb_msgs', 'symlink_install': True, 'test_result_base': None}
[1.393s] Level 5:colcon.colcon_core.verb:set package 'teb_local_planner' build argument 'cmake_args' from command line to 'None'
[1.393s] Level 5:colcon.colcon_core.verb:set package 'teb_local_planner' build argument 'cmake_target' from command line to 'None'
[1.393s] Level 5:colcon.colcon_core.verb:set package 'teb_local_planner' build argument 'cmake_target_skip_unavailable' from command line to 'False'
[1.393s] Level 5:colcon.colcon_core.verb:set package 'teb_local_planner' build argument 'cmake_clean_cache' from command line to 'False'
[1.394s] Level 5:colcon.colcon_core.verb:set package 'teb_local_planner' build argument 'cmake_clean_first' from command line to 'False'
[1.394s] Level 5:colcon.colcon_core.verb:set package 'teb_local_planner' build argument 'cmake_force_configure' from command line to 'False'
[1.394s] Level 5:colcon.colcon_core.verb:set package 'teb_local_planner' build argument 'ament_cmake_args' from command line to 'None'
[1.394s] Level 5:colcon.colcon_core.verb:set package 'teb_local_planner' build argument 'catkin_cmake_args' from command line to 'None'
[1.394s] Level 5:colcon.colcon_core.verb:set package 'teb_local_planner' build argument 'catkin_skip_building_tests' from command line to 'False'
[1.394s] DEBUG:colcon.colcon_core.verb:Building package 'teb_local_planner' with the following arguments: {'ament_cmake_args': None, 'build_base': '/home/allen/rm_ws/build/teb_local_planner', 'catkin_cmake_args': None, 'catkin_skip_building_tests': False, 'cmake_args': None, 'cmake_clean_cache': False, 'cmake_clean_first': False, 'cmake_force_configure': False, 'cmake_target': None, 'cmake_target_skip_unavailable': False, 'install_base': '/home/allen/rm_ws/install/teb_local_planner', 'merge_install': False, 'path': '/home/allen/rm_ws/src/rm_navigation/teb_local_planner/teb_local_planner', 'symlink_install': True, 'test_result_base': None}
[1.394s] INFO:colcon.colcon_core.executor:Executing jobs using 'parallel' executor
[1.397s] DEBUG:colcon.colcon_parallel_executor.executor.parallel:run_until_complete
[1.397s] INFO:colcon.colcon_ros.task.ament_cmake.build:Building ROS package in '/home/allen/rm_ws/src/livox_ros_driver2/src' with build type 'ament_cmake'
[1.398s] INFO:colcon.colcon_cmake.task.cmake.build:Building CMake package in '/home/allen/rm_ws/src/livox_ros_driver2/src'
[1.405s] INFO:colcon.colcon_core.plugin_system:Skipping extension 'colcon_core.shell.bat': Not used on non-Windows systems
[1.405s] INFO:colcon.colcon_core.shell:Skip shell extension 'powershell' for command environment: Not usable outside of PowerShell
[1.405s] DEBUG:colcon.colcon_core.shell:Skip shell extension 'dsv' for command environment
[1.421s] INFO:colcon.colcon_ros.task.ament_cmake.build:Building ROS package in '/home/allen/rm_ws/src/rm_navigation/costmap_converter/costmap_converter_msgs' with build type 'ament_cmake'
[1.421s] INFO:colcon.colcon_cmake.task.cmake.build:Building CMake package in '/home/allen/rm_ws/src/rm_navigation/costmap_converter/costmap_converter_msgs'
[1.421s] INFO:colcon.colcon_core.shell:Skip shell extension 'powershell' for command environment: Not usable outside of PowerShell
[1.422s] DEBUG:colcon.colcon_core.shell:Skip shell extension 'dsv' for command environment
[1.446s] DEBUG:colcon.colcon_core.event_handler.log_command:Invoking command in '/home/allen/rm_ws/build/livox_ros_driver2': CMAKE_PREFIX_PATH=/home/allen/rm_ws/install/teb_local_planner:/home/allen/rm_ws/install/teb_msgs:/home/allen/rm_ws/install/ros2_livox_simulation:/home/allen/rm_ws/install/rmbot2:/home/allen/rm_ws/install/rm_navigation:/home/allen/rm_ws/install/rm_nav_bringup:/home/allen/rm_ws/install/pointcloud_to_laserscan:/home/allen/rm_ws/install/point_lio:/home/allen/rm_ws/install/icp_registration:/home/allen/rm_ws/install/fast_lio:/home/allen/rm_ws/install/livox_ros_driver2:/home/allen/rm_ws/install/linefit_ground_segmentation_ros:/home/allen/rm_ws/install/linefit_ground_segmentation:/home/allen/rm_ws/install/imu_complementary_filter:/home/allen/rm_ws/install/fake_vel_transform:/home/allen/rm_ws/install/costmap_converter:/home/allen/rm_ws/install/costmap_converter_msgs:/home/allen/Robomaster/rm_ws/install/teb_local_planner:/home/allen/Robomaster/rm_ws/install/teb_msgs:/home/allen/Robomaster/rm_ws/install/ros2_livox_simulation:/home/allen/Robomaster/rm_ws/install/rmbot2:/home/allen/Robomaster/rm_ws/install/rm_navigation:/home/allen/Robomaster/rm_ws/install/rm_nav_bringup:/home/allen/Robomaster/rm_ws/install/pointcloud_to_laserscan:/home/allen/Robomaster/rm_ws/install/point_lio:/home/allen/Robomaster/rm_ws/install/icp_registration:/home/allen/Robomaster/rm_ws/install/fast_lio:/home/allen/Robomaster/rm_ws/install/livox_ros_driver2:/home/allen/Robomaster/rm_ws/install/linefit_ground_segmentation_ros:/home/allen/Robomaster/rm_ws/install/linefit_ground_segmentation:/home/allen/Robomaster/rm_ws/install/imu_complementary_filter:/home/allen/Robomaster/rm_ws/install/fake_vel_transform:/home/allen/Robomaster/rm_ws/install/costmap_converter:/home/allen/Robomaster/rm_ws/install/costmap_converter_msgs:/home/allen/capstone/description_ws/install/ur_yt_sim:/home/allen/capstone/description_ws/install/ur10e_description:/home/allen/capstone/description_ws/install/kuka_agilus_support:/home/allen/capstone/description_ws/install/kuka_resources:/opt/ros/humble:/home/allen/capstone/description_ws/install/kuka_kr3_description /usr/bin/cmake /home/allen/rm_ws/src/livox_ros_driver2/src -DAMENT_CMAKE_SYMLINK_INSTALL=1 -DCMAKE_INSTALL_PREFIX=/home/allen/rm_ws/install/livox_ros_driver2
[1.467s] DEBUG:colcon.colcon_core.event_handler.log_command:Invoking command in '/home/allen/rm_ws/build/costmap_converter_msgs': CMAKE_PREFIX_PATH=/home/allen/rm_ws/install/teb_local_planner:/home/allen/rm_ws/install/teb_msgs:/home/allen/rm_ws/install/ros2_livox_simulation:/home/allen/rm_ws/install/rmbot2:/home/allen/rm_ws/install/rm_navigation:/home/allen/rm_ws/install/rm_nav_bringup:/home/allen/rm_ws/install/pointcloud_to_laserscan:/home/allen/rm_ws/install/point_lio:/home/allen/rm_ws/install/icp_registration:/home/allen/rm_ws/install/fast_lio:/home/allen/rm_ws/install/livox_ros_driver2:/home/allen/rm_ws/install/linefit_ground_segmentation_ros:/home/allen/rm_ws/install/linefit_ground_segmentation:/home/allen/rm_ws/install/imu_complementary_filter:/home/allen/rm_ws/install/fake_vel_transform:/home/allen/rm_ws/install/costmap_converter:/home/allen/rm_ws/install/costmap_converter_msgs:/home/allen/Robomaster/rm_ws/install/teb_local_planner:/home/allen/Robomaster/rm_ws/install/teb_msgs:/home/allen/Robomaster/rm_ws/install/ros2_livox_simulation:/home/allen/Robomaster/rm_ws/install/rmbot2:/home/allen/Robomaster/rm_ws/install/rm_navigation:/home/allen/Robomaster/rm_ws/install/rm_nav_bringup:/home/allen/Robomaster/rm_ws/install/pointcloud_to_laserscan:/home/allen/Robomaster/rm_ws/install/point_lio:/home/allen/Robomaster/rm_ws/install/icp_registration:/home/allen/Robomaster/rm_ws/install/fast_lio:/home/allen/Robomaster/rm_ws/install/livox_ros_driver2:/home/allen/Robomaster/rm_ws/install/linefit_ground_segmentation_ros:/home/allen/Robomaster/rm_ws/install/linefit_ground_segmentation:/home/allen/Robomaster/rm_ws/install/imu_complementary_filter:/home/allen/Robomaster/rm_ws/install/fake_vel_transform:/home/allen/Robomaster/rm_ws/install/costmap_converter:/home/allen/Robomaster/rm_ws/install/costmap_converter_msgs:/home/allen/capstone/description_ws/install/ur_yt_sim:/home/allen/capstone/description_ws/install/ur10e_description:/home/allen/capstone/description_ws/install/kuka_agilus_support:/home/allen/capstone/description_ws/install/kuka_resources:/opt/ros/humble:/home/allen/capstone/description_ws/install/kuka_kr3_description /usr/bin/cmake /home/allen/rm_ws/src/rm_navigation/costmap_converter/costmap_converter_msgs -DAMENT_CMAKE_SYMLINK_INSTALL=1 -DCMAKE_INSTALL_PREFIX=/home/allen/rm_ws/install/costmap_converter_msgs
[10.153s] DEBUG:colcon.colcon_core.event_handler.log_command:Invoked command in '/home/allen/rm_ws/build/costmap_converter_msgs' returned '0': CMAKE_PREFIX_PATH=/home/allen/rm_ws/install/teb_local_planner:/home/allen/rm_ws/install/teb_msgs:/home/allen/rm_ws/install/ros2_livox_simulation:/home/allen/rm_ws/install/rmbot2:/home/allen/rm_ws/install/rm_navigation:/home/allen/rm_ws/install/rm_nav_bringup:/home/allen/rm_ws/install/pointcloud_to_laserscan:/home/allen/rm_ws/install/point_lio:/home/allen/rm_ws/install/icp_registration:/home/allen/rm_ws/install/fast_lio:/home/allen/rm_ws/install/livox_ros_driver2:/home/allen/rm_ws/install/linefit_ground_segmentation_ros:/home/allen/rm_ws/install/linefit_ground_segmentation:/home/allen/rm_ws/install/imu_complementary_filter:/home/allen/rm_ws/install/fake_vel_transform:/home/allen/rm_ws/install/costmap_converter:/home/allen/rm_ws/install/costmap_converter_msgs:/home/allen/Robomaster/rm_ws/install/teb_local_planner:/home/allen/Robomaster/rm_ws/install/teb_msgs:/home/allen/Robomaster/rm_ws/install/ros2_livox_simulation:/home/allen/Robomaster/rm_ws/install/rmbot2:/home/allen/Robomaster/rm_ws/install/rm_navigation:/home/allen/Robomaster/rm_ws/install/rm_nav_bringup:/home/allen/Robomaster/rm_ws/install/pointcloud_to_laserscan:/home/allen/Robomaster/rm_ws/install/point_lio:/home/allen/Robomaster/rm_ws/install/icp_registration:/home/allen/Robomaster/rm_ws/install/fast_lio:/home/allen/Robomaster/rm_ws/install/livox_ros_driver2:/home/allen/Robomaster/rm_ws/install/linefit_ground_segmentation_ros:/home/allen/Robomaster/rm_ws/install/linefit_ground_segmentation:/home/allen/Robomaster/rm_ws/install/imu_complementary_filter:/home/allen/Robomaster/rm_ws/install/fake_vel_transform:/home/allen/Robomaster/rm_ws/install/costmap_converter:/home/allen/Robomaster/rm_ws/install/costmap_converter_msgs:/home/allen/capstone/description_ws/install/ur_yt_sim:/home/allen/capstone/description_ws/install/ur10e_description:/home/allen/capstone/description_ws/install/kuka_agilus_support:/home/allen/capstone/description_ws/install/kuka_resources:/opt/ros/humble:/home/allen/capstone/description_ws/install/kuka_kr3_description /usr/bin/cmake /home/allen/rm_ws/src/rm_navigation/costmap_converter/costmap_converter_msgs -DAMENT_CMAKE_SYMLINK_INSTALL=1 -DCMAKE_INSTALL_PREFIX=/home/allen/rm_ws/install/costmap_converter_msgs
[10.162s] DEBUG:colcon.colcon_core.event_handler.log_command:Invoking command in '/home/allen/rm_ws/build/costmap_converter_msgs': CMAKE_PREFIX_PATH=/home/allen/rm_ws/install/teb_local_planner:/home/allen/rm_ws/install/teb_msgs:/home/allen/rm_ws/install/ros2_livox_simulation:/home/allen/rm_ws/install/rmbot2:/home/allen/rm_ws/install/rm_navigation:/home/allen/rm_ws/install/rm_nav_bringup:/home/allen/rm_ws/install/pointcloud_to_laserscan:/home/allen/rm_ws/install/point_lio:/home/allen/rm_ws/install/icp_registration:/home/allen/rm_ws/install/fast_lio:/home/allen/rm_ws/install/livox_ros_driver2:/home/allen/rm_ws/install/linefit_ground_segmentation_ros:/home/allen/rm_ws/install/linefit_ground_segmentation:/home/allen/rm_ws/install/imu_complementary_filter:/home/allen/rm_ws/install/fake_vel_transform:/home/allen/rm_ws/install/costmap_converter:/home/allen/rm_ws/install/costmap_converter_msgs:/home/allen/Robomaster/rm_ws/install/teb_local_planner:/home/allen/Robomaster/rm_ws/install/teb_msgs:/home/allen/Robomaster/rm_ws/install/ros2_livox_simulation:/home/allen/Robomaster/rm_ws/install/rmbot2:/home/allen/Robomaster/rm_ws/install/rm_navigation:/home/allen/Robomaster/rm_ws/install/rm_nav_bringup:/home/allen/Robomaster/rm_ws/install/pointcloud_to_laserscan:/home/allen/Robomaster/rm_ws/install/point_lio:/home/allen/Robomaster/rm_ws/install/icp_registration:/home/allen/Robomaster/rm_ws/install/fast_lio:/home/allen/Robomaster/rm_ws/install/livox_ros_driver2:/home/allen/Robomaster/rm_ws/install/linefit_ground_segmentation_ros:/home/allen/Robomaster/rm_ws/install/linefit_ground_segmentation:/home/allen/Robomaster/rm_ws/install/imu_complementary_filter:/home/allen/Robomaster/rm_ws/install/fake_vel_transform:/home/allen/Robomaster/rm_ws/install/costmap_converter:/home/allen/Robomaster/rm_ws/install/costmap_converter_msgs:/home/allen/capstone/description_ws/install/ur_yt_sim:/home/allen/capstone/description_ws/install/ur10e_description:/home/allen/capstone/description_ws/install/kuka_agilus_support:/home/allen/capstone/description_ws/install/kuka_resources:/opt/ros/humble:/home/allen/capstone/description_ws/install/kuka_kr3_description /usr/bin/cmake --build /home/allen/rm_ws/build/costmap_converter_msgs -- -j2 -l2
[31.018s] DEBUG:colcon.colcon_core.event_handler.log_command:Invoked command in '/home/allen/rm_ws/build/livox_ros_driver2' returned '0': CMAKE_PREFIX_PATH=/home/allen/rm_ws/install/teb_local_planner:/home/allen/rm_ws/install/teb_msgs:/home/allen/rm_ws/install/ros2_livox_simulation:/home/allen/rm_ws/install/rmbot2:/home/allen/rm_ws/install/rm_navigation:/home/allen/rm_ws/install/rm_nav_bringup:/home/allen/rm_ws/install/pointcloud_to_laserscan:/home/allen/rm_ws/install/point_lio:/home/allen/rm_ws/install/icp_registration:/home/allen/rm_ws/install/fast_lio:/home/allen/rm_ws/install/livox_ros_driver2:/home/allen/rm_ws/install/linefit_ground_segmentation_ros:/home/allen/rm_ws/install/linefit_ground_segmentation:/home/allen/rm_ws/install/imu_complementary_filter:/home/allen/rm_ws/install/fake_vel_transform:/home/allen/rm_ws/install/costmap_converter:/home/allen/rm_ws/install/costmap_converter_msgs:/home/allen/Robomaster/rm_ws/install/teb_local_planner:/home/allen/Robomaster/rm_ws/install/teb_msgs:/home/allen/Robomaster/rm_ws/install/ros2_livox_simulation:/home/allen/Robomaster/rm_ws/install/rmbot2:/home/allen/Robomaster/rm_ws/install/rm_navigation:/home/allen/Robomaster/rm_ws/install/rm_nav_bringup:/home/allen/Robomaster/rm_ws/install/pointcloud_to_laserscan:/home/allen/Robomaster/rm_ws/install/point_lio:/home/allen/Robomaster/rm_ws/install/icp_registration:/home/allen/Robomaster/rm_ws/install/fast_lio:/home/allen/Robomaster/rm_ws/install/livox_ros_driver2:/home/allen/Robomaster/rm_ws/install/linefit_ground_segmentation_ros:/home/allen/Robomaster/rm_ws/install/linefit_ground_segmentation:/home/allen/Robomaster/rm_ws/install/imu_complementary_filter:/home/allen/Robomaster/rm_ws/install/fake_vel_transform:/home/allen/Robomaster/rm_ws/install/costmap_converter:/home/allen/Robomaster/rm_ws/install/costmap_converter_msgs:/home/allen/capstone/description_ws/install/ur_yt_sim:/home/allen/capstone/description_ws/install/ur10e_description:/home/allen/capstone/description_ws/install/kuka_agilus_support:/home/allen/capstone/description_ws/install/kuka_resources:/opt/ros/humble:/home/allen/capstone/description_ws/install/kuka_kr3_description /usr/bin/cmake /home/allen/rm_ws/src/livox_ros_driver2/src -DAMENT_CMAKE_SYMLINK_INSTALL=1 -DCMAKE_INSTALL_PREFIX=/home/allen/rm_ws/install/livox_ros_driver2
[31.037s] DEBUG:colcon.colcon_core.event_handler.log_command:Invoking command in '/home/allen/rm_ws/build/livox_ros_driver2': CMAKE_PREFIX_PATH=/home/allen/rm_ws/install/teb_local_planner:/home/allen/rm_ws/install/teb_msgs:/home/allen/rm_ws/install/ros2_livox_simulation:/home/allen/rm_ws/install/rmbot2:/home/allen/rm_ws/install/rm_navigation:/home/allen/rm_ws/install/rm_nav_bringup:/home/allen/rm_ws/install/pointcloud_to_laserscan:/home/allen/rm_ws/install/point_lio:/home/allen/rm_ws/install/icp_registration:/home/allen/rm_ws/install/fast_lio:/home/allen/rm_ws/install/livox_ros_driver2:/home/allen/rm_ws/install/linefit_ground_segmentation_ros:/home/allen/rm_ws/install/linefit_ground_segmentation:/home/allen/rm_ws/install/imu_complementary_filter:/home/allen/rm_ws/install/fake_vel_transform:/home/allen/rm_ws/install/costmap_converter:/home/allen/rm_ws/install/costmap_converter_msgs:/home/allen/Robomaster/rm_ws/install/teb_local_planner:/home/allen/Robomaster/rm_ws/install/teb_msgs:/home/allen/Robomaster/rm_ws/install/ros2_livox_simulation:/home/allen/Robomaster/rm_ws/install/rmbot2:/home/allen/Robomaster/rm_ws/install/rm_navigation:/home/allen/Robomaster/rm_ws/install/rm_nav_bringup:/home/allen/Robomaster/rm_ws/install/pointcloud_to_laserscan:/home/allen/Robomaster/rm_ws/install/point_lio:/home/allen/Robomaster/rm_ws/install/icp_registration:/home/allen/Robomaster/rm_ws/install/fast_lio:/home/allen/Robomaster/rm_ws/install/livox_ros_driver2:/home/allen/Robomaster/rm_ws/install/linefit_ground_segmentation_ros:/home/allen/Robomaster/rm_ws/install/linefit_ground_segmentation:/home/allen/Robomaster/rm_ws/install/imu_complementary_filter:/home/allen/Robomaster/rm_ws/install/fake_vel_transform:/home/allen/Robomaster/rm_ws/install/costmap_converter:/home/allen/Robomaster/rm_ws/install/costmap_converter_msgs:/home/allen/capstone/description_ws/install/ur_yt_sim:/home/allen/capstone/description_ws/install/ur10e_description:/home/allen/capstone/description_ws/install/kuka_agilus_support:/home/allen/capstone/description_ws/install/kuka_resources:/opt/ros/humble:/home/allen/capstone/description_ws/install/kuka_kr3_description /usr/bin/cmake --build /home/allen/rm_ws/build/livox_ros_driver2 -- -j2 -l2
[51.378s] DEBUG:colcon.colcon_core.event_handler.log_command:Invoked command in '/home/allen/rm_ws/build/costmap_converter_msgs' returned '0': CMAKE_PREFIX_PATH=/home/allen/rm_ws/install/teb_local_planner:/home/allen/rm_ws/install/teb_msgs:/home/allen/rm_ws/install/ros2_livox_simulation:/home/allen/rm_ws/install/rmbot2:/home/allen/rm_ws/install/rm_navigation:/home/allen/rm_ws/install/rm_nav_bringup:/home/allen/rm_ws/install/pointcloud_to_laserscan:/home/allen/rm_ws/install/point_lio:/home/allen/rm_ws/install/icp_registration:/home/allen/rm_ws/install/fast_lio:/home/allen/rm_ws/install/livox_ros_driver2:/home/allen/rm_ws/install/linefit_ground_segmentation_ros:/home/allen/rm_ws/install/linefit_ground_segmentation:/home/allen/rm_ws/install/imu_complementary_filter:/home/allen/rm_ws/install/fake_vel_transform:/home/allen/rm_ws/install/costmap_converter:/home/allen/rm_ws/install/costmap_converter_msgs:/home/allen/Robomaster/rm_ws/install/teb_local_planner:/home/allen/Robomaster/rm_ws/install/teb_msgs:/home/allen/Robomaster/rm_ws/install/ros2_livox_simulation:/home/allen/Robomaster/rm_ws/install/rmbot2:/home/allen/Robomaster/rm_ws/install/rm_navigation:/home/allen/Robomaster/rm_ws/install/rm_nav_bringup:/home/allen/Robomaster/rm_ws/install/pointcloud_to_laserscan:/home/allen/Robomaster/rm_ws/install/point_lio:/home/allen/Robomaster/rm_ws/install/icp_registration:/home/allen/Robomaster/rm_ws/install/fast_lio:/home/allen/Robomaster/rm_ws/install/livox_ros_driver2:/home/allen/Robomaster/rm_ws/install/linefit_ground_segmentation_ros:/home/allen/Robomaster/rm_ws/install/linefit_ground_segmentation:/home/allen/Robomaster/rm_ws/install/imu_complementary_filter:/home/allen/Robomaster/rm_ws/install/fake_vel_transform:/home/allen/Robomaster/rm_ws/install/costmap_converter:/home/allen/Robomaster/rm_ws/install/costmap_converter_msgs:/home/allen/capstone/description_ws/install/ur_yt_sim:/home/allen/capstone/description_ws/install/ur10e_description:/home/allen/capstone/description_ws/install/kuka_agilus_support:/home/allen/capstone/description_ws/install/kuka_resources:/opt/ros/humble:/home/allen/capstone/description_ws/install/kuka_kr3_description /usr/bin/cmake --build /home/allen/rm_ws/build/costmap_converter_msgs -- -j2 -l2
[51.424s] DEBUG:colcon.colcon_core.event_handler.log_command:Invoking command in '/home/allen/rm_ws/build/costmap_converter_msgs': CMAKE_PREFIX_PATH=/home/allen/rm_ws/install/teb_local_planner:/home/allen/rm_ws/install/teb_msgs:/home/allen/rm_ws/install/ros2_livox_simulation:/home/allen/rm_ws/install/rmbot2:/home/allen/rm_ws/install/rm_navigation:/home/allen/rm_ws/install/rm_nav_bringup:/home/allen/rm_ws/install/pointcloud_to_laserscan:/home/allen/rm_ws/install/point_lio:/home/allen/rm_ws/install/icp_registration:/home/allen/rm_ws/install/fast_lio:/home/allen/rm_ws/install/livox_ros_driver2:/home/allen/rm_ws/install/linefit_ground_segmentation_ros:/home/allen/rm_ws/install/linefit_ground_segmentation:/home/allen/rm_ws/install/imu_complementary_filter:/home/allen/rm_ws/install/fake_vel_transform:/home/allen/rm_ws/install/costmap_converter:/home/allen/rm_ws/install/costmap_converter_msgs:/home/allen/Robomaster/rm_ws/install/teb_local_planner:/home/allen/Robomaster/rm_ws/install/teb_msgs:/home/allen/Robomaster/rm_ws/install/ros2_livox_simulation:/home/allen/Robomaster/rm_ws/install/rmbot2:/home/allen/Robomaster/rm_ws/install/rm_navigation:/home/allen/Robomaster/rm_ws/install/rm_nav_bringup:/home/allen/Robomaster/rm_ws/install/pointcloud_to_laserscan:/home/allen/Robomaster/rm_ws/install/point_lio:/home/allen/Robomaster/rm_ws/install/icp_registration:/home/allen/Robomaster/rm_ws/install/fast_lio:/home/allen/Robomaster/rm_ws/install/livox_ros_driver2:/home/allen/Robomaster/rm_ws/install/linefit_ground_segmentation_ros:/home/allen/Robomaster/rm_ws/install/linefit_ground_segmentation:/home/allen/Robomaster/rm_ws/install/imu_complementary_filter:/home/allen/Robomaster/rm_ws/install/fake_vel_transform:/home/allen/Robomaster/rm_ws/install/costmap_converter:/home/allen/Robomaster/rm_ws/install/costmap_converter_msgs:/home/allen/capstone/description_ws/install/ur_yt_sim:/home/allen/capstone/description_ws/install/ur10e_description:/home/allen/capstone/description_ws/install/kuka_agilus_support:/home/allen/capstone/description_ws/install/kuka_resources:/opt/ros/humble:/home/allen/capstone/description_ws/install/kuka_kr3_description /usr/bin/cmake --install /home/allen/rm_ws/build/costmap_converter_msgs
[55.799s] Level 1:colcon.colcon_core.environment:create_environment_scripts_only(costmap_converter_msgs)
[55.800s] DEBUG:colcon.colcon_core.event_handler.log_command:Invoked command in '/home/allen/rm_ws/build/costmap_converter_msgs' returned '0': CMAKE_PREFIX_PATH=/home/allen/rm_ws/install/teb_local_planner:/home/allen/rm_ws/install/teb_msgs:/home/allen/rm_ws/install/ros2_livox_simulation:/home/allen/rm_ws/install/rmbot2:/home/allen/rm_ws/install/rm_navigation:/home/allen/rm_ws/install/rm_nav_bringup:/home/allen/rm_ws/install/pointcloud_to_laserscan:/home/allen/rm_ws/install/point_lio:/home/allen/rm_ws/install/icp_registration:/home/allen/rm_ws/install/fast_lio:/home/allen/rm_ws/install/livox_ros_driver2:/home/allen/rm_ws/install/linefit_ground_segmentation_ros:/home/allen/rm_ws/install/linefit_ground_segmentation:/home/allen/rm_ws/install/imu_complementary_filter:/home/allen/rm_ws/install/fake_vel_transform:/home/allen/rm_ws/install/costmap_converter:/home/allen/rm_ws/install/costmap_converter_msgs:/home/allen/Robomaster/rm_ws/install/teb_local_planner:/home/allen/Robomaster/rm_ws/install/teb_msgs:/home/allen/Robomaster/rm_ws/install/ros2_livox_simulation:/home/allen/Robomaster/rm_ws/install/rmbot2:/home/allen/Robomaster/rm_ws/install/rm_navigation:/home/allen/Robomaster/rm_ws/install/rm_nav_bringup:/home/allen/Robomaster/rm_ws/install/pointcloud_to_laserscan:/home/allen/Robomaster/rm_ws/install/point_lio:/home/allen/Robomaster/rm_ws/install/icp_registration:/home/allen/Robomaster/rm_ws/install/fast_lio:/home/allen/Robomaster/rm_ws/install/livox_ros_driver2:/home/allen/Robomaster/rm_ws/install/linefit_ground_segmentation_ros:/home/allen/Robomaster/rm_ws/install/linefit_ground_segmentation:/home/allen/Robomaster/rm_ws/install/imu_complementary_filter:/home/allen/Robomaster/rm_ws/install/fake_vel_transform:/home/allen/Robomaster/rm_ws/install/costmap_converter:/home/allen/Robomaster/rm_ws/install/costmap_converter_msgs:/home/allen/capstone/description_ws/install/ur_yt_sim:/home/allen/capstone/description_ws/install/ur10e_description:/home/allen/capstone/description_ws/install/kuka_agilus_support:/home/allen/capstone/description_ws/install/kuka_resources:/opt/ros/humble:/home/allen/capstone/description_ws/install/kuka_kr3_description /usr/bin/cmake --install /home/allen/rm_ws/build/costmap_converter_msgs
[55.812s] Level 1:colcon.colcon_core.environment:checking '/home/allen/rm_ws/install/costmap_converter_msgs' for CMake module files
[55.813s] Level 1:colcon.colcon_core.environment:checking '/home/allen/rm_ws/install/costmap_converter_msgs' for CMake config files
[55.820s] Level 1:colcon.colcon_core.shell:create_environment_hook('costmap_converter_msgs', 'cmake_prefix_path')
[55.821s] INFO:colcon.colcon_core.shell:Creating environment hook '/home/allen/rm_ws/install/costmap_converter_msgs/share/costmap_converter_msgs/hook/cmake_prefix_path.ps1'
[55.823s] INFO:colcon.colcon_core.shell:Creating environment descriptor '/home/allen/rm_ws/install/costmap_converter_msgs/share/costmap_converter_msgs/hook/cmake_prefix_path.dsv'
[55.826s] INFO:colcon.colcon_core.shell:Creating environment hook '/home/allen/rm_ws/install/costmap_converter_msgs/share/costmap_converter_msgs/hook/cmake_prefix_path.sh'
[55.830s] Level 1:colcon.colcon_core.environment:checking '/home/allen/rm_ws/install/costmap_converter_msgs/lib'
[55.832s] Level 1:colcon.colcon_core.shell:create_environment_hook('costmap_converter_msgs', 'ld_library_path_lib')
[55.832s] INFO:colcon.colcon_core.shell:Creating environment hook '/home/allen/rm_ws/install/costmap_converter_msgs/share/costmap_converter_msgs/hook/ld_library_path_lib.ps1'
[55.833s] INFO:colcon.colcon_core.shell:Creating environment descriptor '/home/allen/rm_ws/install/costmap_converter_msgs/share/costmap_converter_msgs/hook/ld_library_path_lib.dsv'
[55.835s] INFO:colcon.colcon_core.shell:Creating environment hook '/home/allen/rm_ws/install/costmap_converter_msgs/share/costmap_converter_msgs/hook/ld_library_path_lib.sh'
[55.836s] Level 1:colcon.colcon_core.environment:checking '/home/allen/rm_ws/install/costmap_converter_msgs/bin'
[55.836s] Level 1:colcon.colcon_core.environment:checking '/home/allen/rm_ws/install/costmap_converter_msgs/lib/pkgconfig/costmap_converter_msgs.pc'
[55.838s] Level 1:colcon.colcon_core.environment:checking '/home/allen/rm_ws/install/costmap_converter_msgs/lib/python3.10/site-packages'
[55.839s] Level 1:colcon.colcon_core.environment:checking '/home/allen/rm_ws/install/costmap_converter_msgs/bin'
[55.841s] INFO:colcon.colcon_core.shell:Creating package script '/home/allen/rm_ws/install/costmap_converter_msgs/share/costmap_converter_msgs/package.ps1'
[55.842s] INFO:colcon.colcon_core.shell:Creating package descriptor '/home/allen/rm_ws/install/costmap_converter_msgs/share/costmap_converter_msgs/package.dsv'
[55.843s] INFO:colcon.colcon_core.shell:Creating package script '/home/allen/rm_ws/install/costmap_converter_msgs/share/costmap_converter_msgs/package.sh'
[55.844s] INFO:colcon.colcon_core.shell:Creating package script '/home/allen/rm_ws/install/costmap_converter_msgs/share/costmap_converter_msgs/package.bash'
[55.845s] INFO:colcon.colcon_core.shell:Creating package script '/home/allen/rm_ws/install/costmap_converter_msgs/share/costmap_converter_msgs/package.zsh'
[55.846s] Level 1:colcon.colcon_core.environment:create_file_with_runtime_dependencies(/home/allen/rm_ws/install/costmap_converter_msgs/share/colcon-core/packages/costmap_converter_msgs)
[55.849s] Level 1:colcon.colcon_core.environment:create_environment_scripts_only(costmap_converter_msgs)
[55.849s] Level 1:colcon.colcon_core.environment:checking '/home/allen/rm_ws/install/costmap_converter_msgs' for CMake module files
[55.854s] Level 1:colcon.colcon_core.environment:checking '/home/allen/rm_ws/install/costmap_converter_msgs' for CMake config files
[55.858s] Level 1:colcon.colcon_core.shell:create_environment_hook('costmap_converter_msgs', 'cmake_prefix_path')
[55.859s] INFO:colcon.colcon_core.shell:Creating environment hook '/home/allen/rm_ws/install/costmap_converter_msgs/share/costmap_converter_msgs/hook/cmake_prefix_path.ps1'
[55.862s] INFO:colcon.colcon_core.shell:Creating environment descriptor '/home/allen/rm_ws/install/costmap_converter_msgs/share/costmap_converter_msgs/hook/cmake_prefix_path.dsv'
[55.864s] INFO:colcon.colcon_core.shell:Creating environment hook '/home/allen/rm_ws/install/costmap_converter_msgs/share/costmap_converter_msgs/hook/cmake_prefix_path.sh'
[55.868s] Level 1:colcon.colcon_core.environment:checking '/home/allen/rm_ws/install/costmap_converter_msgs/lib'
[55.868s] Level 1:colcon.colcon_core.shell:create_environment_hook('costmap_converter_msgs', 'ld_library_path_lib')
[55.871s] INFO:colcon.colcon_core.shell:Creating environment hook '/home/allen/rm_ws/install/costmap_converter_msgs/share/costmap_converter_msgs/hook/ld_library_path_lib.ps1'
[55.873s] INFO:colcon.colcon_core.shell:Creating environment descriptor '/home/allen/rm_ws/install/costmap_converter_msgs/share/costmap_converter_msgs/hook/ld_library_path_lib.dsv'
[55.875s] INFO:colcon.colcon_core.shell:Creating environment hook '/home/allen/rm_ws/install/costmap_converter_msgs/share/costmap_converter_msgs/hook/ld_library_path_lib.sh'
[55.876s] Level 1:colcon.colcon_core.environment:checking '/home/allen/rm_ws/install/costmap_converter_msgs/bin'
[55.877s] Level 1:colcon.colcon_core.environment:checking '/home/allen/rm_ws/install/costmap_converter_msgs/lib/pkgconfig/costmap_converter_msgs.pc'
[55.877s] Level 1:colcon.colcon_core.environment:checking '/home/allen/rm_ws/install/costmap_converter_msgs/lib/python3.10/site-packages'
[55.880s] Level 1:colcon.colcon_core.environment:checking '/home/allen/rm_ws/install/costmap_converter_msgs/bin'
[55.880s] INFO:colcon.colcon_core.shell:Creating package script '/home/allen/rm_ws/install/costmap_converter_msgs/share/costmap_converter_msgs/package.ps1'
[55.884s] INFO:colcon.colcon_core.shell:Creating package descriptor '/home/allen/rm_ws/install/costmap_converter_msgs/share/costmap_converter_msgs/package.dsv'
[55.888s] INFO:colcon.colcon_core.shell:Creating package script '/home/allen/rm_ws/install/costmap_converter_msgs/share/costmap_converter_msgs/package.sh'
[55.889s] INFO:colcon.colcon_core.shell:Creating package script '/home/allen/rm_ws/install/costmap_converter_msgs/share/costmap_converter_msgs/package.bash'
[55.891s] INFO:colcon.colcon_core.shell:Creating package script '/home/allen/rm_ws/install/costmap_converter_msgs/share/costmap_converter_msgs/package.zsh'
[55.895s] Level 1:colcon.colcon_core.environment:create_file_with_runtime_dependencies(/home/allen/rm_ws/install/costmap_converter_msgs/share/colcon-core/packages/costmap_converter_msgs)
[55.898s] INFO:colcon.colcon_ros.task.ament_cmake.build:Building ROS package in '/home/allen/rm_ws/src/rm_perception/linefit_ground_segementation_ros2/linefit_ground_segmentation' with build type 'ament_cmake'
[55.901s] INFO:colcon.colcon_cmake.task.cmake.build:Building CMake package in '/home/allen/rm_ws/src/rm_perception/linefit_ground_segementation_ros2/linefit_ground_segmentation'
[55.901s] INFO:colcon.colcon_core.shell:Skip shell extension 'powershell' for command environment: Not usable outside of PowerShell
[55.902s] DEBUG:colcon.colcon_core.shell:Skip shell extension 'dsv' for command environment
[55.967s] DEBUG:colcon.colcon_core.event_handler.log_command:Invoking command in '/home/allen/rm_ws/build/linefit_ground_segmentation': CMAKE_PREFIX_PATH=/home/allen/rm_ws/install/teb_local_planner:/home/allen/rm_ws/install/teb_msgs:/home/allen/rm_ws/install/ros2_livox_simulation:/home/allen/rm_ws/install/rmbot2:/home/allen/rm_ws/install/rm_navigation:/home/allen/rm_ws/install/rm_nav_bringup:/home/allen/rm_ws/install/pointcloud_to_laserscan:/home/allen/rm_ws/install/point_lio:/home/allen/rm_ws/install/icp_registration:/home/allen/rm_ws/install/fast_lio:/home/allen/rm_ws/install/livox_ros_driver2:/home/allen/rm_ws/install/linefit_ground_segmentation_ros:/home/allen/rm_ws/install/linefit_ground_segmentation:/home/allen/rm_ws/install/imu_complementary_filter:/home/allen/rm_ws/install/fake_vel_transform:/home/allen/rm_ws/install/costmap_converter:/home/allen/rm_ws/install/costmap_converter_msgs:/home/allen/Robomaster/rm_ws/install/teb_local_planner:/home/allen/Robomaster/rm_ws/install/teb_msgs:/home/allen/Robomaster/rm_ws/install/ros2_livox_simulation:/home/allen/Robomaster/rm_ws/install/rmbot2:/home/allen/Robomaster/rm_ws/install/rm_navigation:/home/allen/Robomaster/rm_ws/install/rm_nav_bringup:/home/allen/Robomaster/rm_ws/install/pointcloud_to_laserscan:/home/allen/Robomaster/rm_ws/install/point_lio:/home/allen/Robomaster/rm_ws/install/icp_registration:/home/allen/Robomaster/rm_ws/install/fast_lio:/home/allen/Robomaster/rm_ws/install/livox_ros_driver2:/home/allen/Robomaster/rm_ws/install/linefit_ground_segmentation_ros:/home/allen/Robomaster/rm_ws/install/linefit_ground_segmentation:/home/allen/Robomaster/rm_ws/install/imu_complementary_filter:/home/allen/Robomaster/rm_ws/install/fake_vel_transform:/home/allen/Robomaster/rm_ws/install/costmap_converter:/home/allen/Robomaster/rm_ws/install/costmap_converter_msgs:/home/allen/capstone/description_ws/install/ur_yt_sim:/home/allen/capstone/description_ws/install/ur10e_description:/home/allen/capstone/description_ws/install/kuka_agilus_support:/home/allen/capstone/description_ws/install/kuka_resources:/opt/ros/humble:/home/allen/capstone/description_ws/install/kuka_kr3_description /usr/bin/cmake /home/allen/rm_ws/src/rm_perception/linefit_ground_segementation_ros2/linefit_ground_segmentation -DAMENT_CMAKE_SYMLINK_INSTALL=1 -DCMAKE_INSTALL_PREFIX=/home/allen/rm_ws/install/linefit_ground_segmentation
[75.231s] DEBUG:colcon.colcon_core.event_handler.log_command:Invoked command in '/home/allen/rm_ws/build/linefit_ground_segmentation' returned '0': CMAKE_PREFIX_PATH=/home/allen/rm_ws/install/teb_local_planner:/home/allen/rm_ws/install/teb_msgs:/home/allen/rm_ws/install/ros2_livox_simulation:/home/allen/rm_ws/install/rmbot2:/home/allen/rm_ws/install/rm_navigation:/home/allen/rm_ws/install/rm_nav_bringup:/home/allen/rm_ws/install/pointcloud_to_laserscan:/home/allen/rm_ws/install/point_lio:/home/allen/rm_ws/install/icp_registration:/home/allen/rm_ws/install/fast_lio:/home/allen/rm_ws/install/livox_ros_driver2:/home/allen/rm_ws/install/linefit_ground_segmentation_ros:/home/allen/rm_ws/install/linefit_ground_segmentation:/home/allen/rm_ws/install/imu_complementary_filter:/home/allen/rm_ws/install/fake_vel_transform:/home/allen/rm_ws/install/costmap_converter:/home/allen/rm_ws/install/costmap_converter_msgs:/home/allen/Robomaster/rm_ws/install/teb_local_planner:/home/allen/Robomaster/rm_ws/install/teb_msgs:/home/allen/Robomaster/rm_ws/install/ros2_livox_simulation:/home/allen/Robomaster/rm_ws/install/rmbot2:/home/allen/Robomaster/rm_ws/install/rm_navigation:/home/allen/Robomaster/rm_ws/install/rm_nav_bringup:/home/allen/Robomaster/rm_ws/install/pointcloud_to_laserscan:/home/allen/Robomaster/rm_ws/install/point_lio:/home/allen/Robomaster/rm_ws/install/icp_registration:/home/allen/Robomaster/rm_ws/install/fast_lio:/home/allen/Robomaster/rm_ws/install/livox_ros_driver2:/home/allen/Robomaster/rm_ws/install/linefit_ground_segmentation_ros:/home/allen/Robomaster/rm_ws/install/linefit_ground_segmentation:/home/allen/Robomaster/rm_ws/install/imu_complementary_filter:/home/allen/Robomaster/rm_ws/install/fake_vel_transform:/home/allen/Robomaster/rm_ws/install/costmap_converter:/home/allen/Robomaster/rm_ws/install/costmap_converter_msgs:/home/allen/capstone/description_ws/install/ur_yt_sim:/home/allen/capstone/description_ws/install/ur10e_description:/home/allen/capstone/description_ws/install/kuka_agilus_support:/home/allen/capstone/description_ws/install/kuka_resources:/opt/ros/humble:/home/allen/capstone/description_ws/install/kuka_kr3_description /usr/bin/cmake /home/allen/rm_ws/src/rm_perception/linefit_ground_segementation_ros2/linefit_ground_segmentation -DAMENT_CMAKE_SYMLINK_INSTALL=1 -DCMAKE_INSTALL_PREFIX=/home/allen/rm_ws/install/linefit_ground_segmentation
[75.232s] DEBUG:colcon.colcon_core.event_handler.log_command:Invoking command in '/home/allen/rm_ws/build/linefit_ground_segmentation': CMAKE_PREFIX_PATH=/home/allen/rm_ws/install/teb_local_planner:/home/allen/rm_ws/install/teb_msgs:/home/allen/rm_ws/install/ros2_livox_simulation:/home/allen/rm_ws/install/rmbot2:/home/allen/rm_ws/install/rm_navigation:/home/allen/rm_ws/install/rm_nav_bringup:/home/allen/rm_ws/install/pointcloud_to_laserscan:/home/allen/rm_ws/install/point_lio:/home/allen/rm_ws/install/icp_registration:/home/allen/rm_ws/install/fast_lio:/home/allen/rm_ws/install/livox_ros_driver2:/home/allen/rm_ws/install/linefit_ground_segmentation_ros:/home/allen/rm_ws/install/linefit_ground_segmentation:/home/allen/rm_ws/install/imu_complementary_filter:/home/allen/rm_ws/install/fake_vel_transform:/home/allen/rm_ws/install/costmap_converter:/home/allen/rm_ws/install/costmap_converter_msgs:/home/allen/Robomaster/rm_ws/install/teb_local_planner:/home/allen/Robomaster/rm_ws/install/teb_msgs:/home/allen/Robomaster/rm_ws/install/ros2_livox_simulation:/home/allen/Robomaster/rm_ws/install/rmbot2:/home/allen/Robomaster/rm_ws/install/rm_navigation:/home/allen/Robomaster/rm_ws/install/rm_nav_bringup:/home/allen/Robomaster/rm_ws/install/pointcloud_to_laserscan:/home/allen/Robomaster/rm_ws/install/point_lio:/home/allen/Robomaster/rm_ws/install/icp_registration:/home/allen/Robomaster/rm_ws/install/fast_lio:/home/allen/Robomaster/rm_ws/install/livox_ros_driver2:/home/allen/Robomaster/rm_ws/install/linefit_ground_segmentation_ros:/home/allen/Robomaster/rm_ws/install/linefit_ground_segmentation:/home/allen/Robomaster/rm_ws/install/imu_complementary_filter:/home/allen/Robomaster/rm_ws/install/fake_vel_transform:/home/allen/Robomaster/rm_ws/install/costmap_converter:/home/allen/Robomaster/rm_ws/install/costmap_converter_msgs:/home/allen/capstone/description_ws/install/ur_yt_sim:/home/allen/capstone/description_ws/install/ur10e_description:/home/allen/capstone/description_ws/install/kuka_agilus_support:/home/allen/capstone/description_ws/install/kuka_resources:/opt/ros/humble:/home/allen/capstone/description_ws/install/kuka_kr3_description /usr/bin/cmake --build /home/allen/rm_ws/build/linefit_ground_segmentation -- -j2 -l2
[161.105s] DEBUG:colcon.colcon_core.event_handler.log_command:Invoked command in '/home/allen/rm_ws/build/linefit_ground_segmentation' returned '0': CMAKE_PREFIX_PATH=/home/allen/rm_ws/install/teb_local_planner:/home/allen/rm_ws/install/teb_msgs:/home/allen/rm_ws/install/ros2_livox_simulation:/home/allen/rm_ws/install/rmbot2:/home/allen/rm_ws/install/rm_navigation:/home/allen/rm_ws/install/rm_nav_bringup:/home/allen/rm_ws/install/pointcloud_to_laserscan:/home/allen/rm_ws/install/point_lio:/home/allen/rm_ws/install/icp_registration:/home/allen/rm_ws/install/fast_lio:/home/allen/rm_ws/install/livox_ros_driver2:/home/allen/rm_ws/install/linefit_ground_segmentation_ros:/home/allen/rm_ws/install/linefit_ground_segmentation:/home/allen/rm_ws/install/imu_complementary_filter:/home/allen/rm_ws/install/fake_vel_transform:/home/allen/rm_ws/install/costmap_converter:/home/allen/rm_ws/install/costmap_converter_msgs:/home/allen/Robomaster/rm_ws/install/teb_local_planner:/home/allen/Robomaster/rm_ws/install/teb_msgs:/home/allen/Robomaster/rm_ws/install/ros2_livox_simulation:/home/allen/Robomaster/rm_ws/install/rmbot2:/home/allen/Robomaster/rm_ws/install/rm_navigation:/home/allen/Robomaster/rm_ws/install/rm_nav_bringup:/home/allen/Robomaster/rm_ws/install/pointcloud_to_laserscan:/home/allen/Robomaster/rm_ws/install/point_lio:/home/allen/Robomaster/rm_ws/install/icp_registration:/home/allen/Robomaster/rm_ws/install/fast_lio:/home/allen/Robomaster/rm_ws/install/livox_ros_driver2:/home/allen/Robomaster/rm_ws/install/linefit_ground_segmentation_ros:/home/allen/Robomaster/rm_ws/install/linefit_ground_segmentation:/home/allen/Robomaster/rm_ws/install/imu_complementary_filter:/home/allen/Robomaster/rm_ws/install/fake_vel_transform:/home/allen/Robomaster/rm_ws/install/costmap_converter:/home/allen/Robomaster/rm_ws/install/costmap_converter_msgs:/home/allen/capstone/description_ws/install/ur_yt_sim:/home/allen/capstone/description_ws/install/ur10e_description:/home/allen/capstone/description_ws/install/kuka_agilus_support:/home/allen/capstone/description_ws/install/kuka_resources:/opt/ros/humble:/home/allen/capstone/description_ws/install/kuka_kr3_description /usr/bin/cmake --build /home/allen/rm_ws/build/linefit_ground_segmentation -- -j2 -l2
[161.106s] DEBUG:colcon.colcon_core.event_handler.log_command:Invoking command in '/home/allen/rm_ws/build/linefit_ground_segmentation': CMAKE_PREFIX_PATH=/home/allen/rm_ws/install/teb_local_planner:/home/allen/rm_ws/install/teb_msgs:/home/allen/rm_ws/install/ros2_livox_simulation:/home/allen/rm_ws/install/rmbot2:/home/allen/rm_ws/install/rm_navigation:/home/allen/rm_ws/install/rm_nav_bringup:/home/allen/rm_ws/install/pointcloud_to_laserscan:/home/allen/rm_ws/install/point_lio:/home/allen/rm_ws/install/icp_registration:/home/allen/rm_ws/install/fast_lio:/home/allen/rm_ws/install/livox_ros_driver2:/home/allen/rm_ws/install/linefit_ground_segmentation_ros:/home/allen/rm_ws/install/linefit_ground_segmentation:/home/allen/rm_ws/install/imu_complementary_filter:/home/allen/rm_ws/install/fake_vel_transform:/home/allen/rm_ws/install/costmap_converter:/home/allen/rm_ws/install/costmap_converter_msgs:/home/allen/Robomaster/rm_ws/install/teb_local_planner:/home/allen/Robomaster/rm_ws/install/teb_msgs:/home/allen/Robomaster/rm_ws/install/ros2_livox_simulation:/home/allen/Robomaster/rm_ws/install/rmbot2:/home/allen/Robomaster/rm_ws/install/rm_navigation:/home/allen/Robomaster/rm_ws/install/rm_nav_bringup:/home/allen/Robomaster/rm_ws/install/pointcloud_to_laserscan:/home/allen/Robomaster/rm_ws/install/point_lio:/home/allen/Robomaster/rm_ws/install/icp_registration:/home/allen/Robomaster/rm_ws/install/fast_lio:/home/allen/Robomaster/rm_ws/install/livox_ros_driver2:/home/allen/Robomaster/rm_ws/install/linefit_ground_segmentation_ros:/home/allen/Robomaster/rm_ws/install/linefit_ground_segmentation:/home/allen/Robomaster/rm_ws/install/imu_complementary_filter:/home/allen/Robomaster/rm_ws/install/fake_vel_transform:/home/allen/Robomaster/rm_ws/install/costmap_converter:/home/allen/Robomaster/rm_ws/install/costmap_converter_msgs:/home/allen/capstone/description_ws/install/ur_yt_sim:/home/allen/capstone/description_ws/install/ur10e_description:/home/allen/capstone/description_ws/install/kuka_agilus_support:/home/allen/capstone/description_ws/install/kuka_resources:/opt/ros/humble:/home/allen/capstone/description_ws/install/kuka_kr3_description /usr/bin/cmake --install /home/allen/rm_ws/build/linefit_ground_segmentation
[162.793s] Level 1:colcon.colcon_core.environment:create_environment_scripts_only(linefit_ground_segmentation)
[162.794s] Level 1:colcon.colcon_core.environment:checking '/home/allen/rm_ws/install/linefit_ground_segmentation' for CMake module files
[162.798s] DEBUG:colcon.colcon_core.event_handler.log_command:Invoked command in '/home/allen/rm_ws/build/linefit_ground_segmentation' returned '0': CMAKE_PREFIX_PATH=/home/allen/rm_ws/install/teb_local_planner:/home/allen/rm_ws/install/teb_msgs:/home/allen/rm_ws/install/ros2_livox_simulation:/home/allen/rm_ws/install/rmbot2:/home/allen/rm_ws/install/rm_navigation:/home/allen/rm_ws/install/rm_nav_bringup:/home/allen/rm_ws/install/pointcloud_to_laserscan:/home/allen/rm_ws/install/point_lio:/home/allen/rm_ws/install/icp_registration:/home/allen/rm_ws/install/fast_lio:/home/allen/rm_ws/install/livox_ros_driver2:/home/allen/rm_ws/install/linefit_ground_segmentation_ros:/home/allen/rm_ws/install/linefit_ground_segmentation:/home/allen/rm_ws/install/imu_complementary_filter:/home/allen/rm_ws/install/fake_vel_transform:/home/allen/rm_ws/install/costmap_converter:/home/allen/rm_ws/install/costmap_converter_msgs:/home/allen/Robomaster/rm_ws/install/teb_local_planner:/home/allen/Robomaster/rm_ws/install/teb_msgs:/home/allen/Robomaster/rm_ws/install/ros2_livox_simulation:/home/allen/Robomaster/rm_ws/install/rmbot2:/home/allen/Robomaster/rm_ws/install/rm_navigation:/home/allen/Robomaster/rm_ws/install/rm_nav_bringup:/home/allen/Robomaster/rm_ws/install/pointcloud_to_laserscan:/home/allen/Robomaster/rm_ws/install/point_lio:/home/allen/Robomaster/rm_ws/install/icp_registration:/home/allen/Robomaster/rm_ws/install/fast_lio:/home/allen/Robomaster/rm_ws/install/livox_ros_driver2:/home/allen/Robomaster/rm_ws/install/linefit_ground_segmentation_ros:/home/allen/Robomaster/rm_ws/install/linefit_ground_segmentation:/home/allen/Robomaster/rm_ws/install/imu_complementary_filter:/home/allen/Robomaster/rm_ws/install/fake_vel_transform:/home/allen/Robomaster/rm_ws/install/costmap_converter:/home/allen/Robomaster/rm_ws/install/costmap_converter_msgs:/home/allen/capstone/description_ws/install/ur_yt_sim:/home/allen/capstone/description_ws/install/ur10e_description:/home/allen/capstone/description_ws/install/kuka_agilus_support:/home/allen/capstone/description_ws/install/kuka_resources:/opt/ros/humble:/home/allen/capstone/description_ws/install/kuka_kr3_description /usr/bin/cmake --install /home/allen/rm_ws/build/linefit_ground_segmentation
[162.799s] Level 1:colcon.colcon_core.environment:checking '/home/allen/rm_ws/install/linefit_ground_segmentation' for CMake config files
[162.800s] Level 1:colcon.colcon_core.shell:create_environment_hook('linefit_ground_segmentation', 'cmake_prefix_path')
[162.800s] INFO:colcon.colcon_core.shell:Creating environment hook '/home/allen/rm_ws/install/linefit_ground_segmentation/share/linefit_ground_segmentation/hook/cmake_prefix_path.ps1'
[162.804s] INFO:colcon.colcon_core.shell:Creating environment descriptor '/home/allen/rm_ws/install/linefit_ground_segmentation/share/linefit_ground_segmentation/hook/cmake_prefix_path.dsv'
[162.805s] INFO:colcon.colcon_core.shell:Creating environment hook '/home/allen/rm_ws/install/linefit_ground_segmentation/share/linefit_ground_segmentation/hook/cmake_prefix_path.sh'
[162.808s] Level 1:colcon.colcon_core.environment:checking '/home/allen/rm_ws/install/linefit_ground_segmentation/lib'
[162.808s] Level 1:colcon.colcon_core.shell:create_environment_hook('linefit_ground_segmentation', 'ld_library_path_lib')
[162.808s] INFO:colcon.colcon_core.shell:Creating environment hook '/home/allen/rm_ws/install/linefit_ground_segmentation/share/linefit_ground_segmentation/hook/ld_library_path_lib.ps1'
[162.809s] INFO:colcon.colcon_core.shell:Creating environment descriptor '/home/allen/rm_ws/install/linefit_ground_segmentation/share/linefit_ground_segmentation/hook/ld_library_path_lib.dsv'
[162.809s] INFO:colcon.colcon_core.shell:Creating environment hook '/home/allen/rm_ws/install/linefit_ground_segmentation/share/linefit_ground_segmentation/hook/ld_library_path_lib.sh'
[162.811s] Level 1:colcon.colcon_core.environment:checking '/home/allen/rm_ws/install/linefit_ground_segmentation/bin'
[162.811s] Level 1:colcon.colcon_core.environment:checking '/home/allen/rm_ws/install/linefit_ground_segmentation/lib/pkgconfig/linefit_ground_segmentation.pc'
[162.812s] Level 1:colcon.colcon_core.environment:checking '/home/allen/rm_ws/install/linefit_ground_segmentation/lib/python3.10/site-packages'
[162.815s] Level 1:colcon.colcon_core.environment:checking '/home/allen/rm_ws/install/linefit_ground_segmentation/bin'
[162.818s] INFO:colcon.colcon_core.shell:Creating package script '/home/allen/rm_ws/install/linefit_ground_segmentation/share/linefit_ground_segmentation/package.ps1'
[162.821s] INFO:colcon.colcon_core.shell:Creating package descriptor '/home/allen/rm_ws/install/linefit_ground_segmentation/share/linefit_ground_segmentation/package.dsv'
[162.822s] INFO:colcon.colcon_core.shell:Creating package script '/home/allen/rm_ws/install/linefit_ground_segmentation/share/linefit_ground_segmentation/package.sh'
[162.823s] INFO:colcon.colcon_core.shell:Creating package script '/home/allen/rm_ws/install/linefit_ground_segmentation/share/linefit_ground_segmentation/package.bash'
[162.823s] INFO:colcon.colcon_core.shell:Creating package script '/home/allen/rm_ws/install/linefit_ground_segmentation/share/linefit_ground_segmentation/package.zsh'
[162.824s] Level 1:colcon.colcon_core.environment:create_file_with_runtime_dependencies(/home/allen/rm_ws/install/linefit_ground_segmentation/share/colcon-core/packages/linefit_ground_segmentation)
[162.829s] Level 1:colcon.colcon_core.environment:create_environment_scripts_only(linefit_ground_segmentation)
[162.829s] Level 1:colcon.colcon_core.environment:checking '/home/allen/rm_ws/install/linefit_ground_segmentation' for CMake module files
[162.830s] Level 1:colcon.colcon_core.environment:checking '/home/allen/rm_ws/install/linefit_ground_segmentation' for CMake config files
[162.834s] Level 1:colcon.colcon_core.shell:create_environment_hook('linefit_ground_segmentation', 'cmake_prefix_path')
[162.834s] INFO:colcon.colcon_core.shell:Creating environment hook '/home/allen/rm_ws/install/linefit_ground_segmentation/share/linefit_ground_segmentation/hook/cmake_prefix_path.ps1'
[162.838s] INFO:colcon.colcon_core.shell:Creating environment descriptor '/home/allen/rm_ws/install/linefit_ground_segmentation/share/linefit_ground_segmentation/hook/cmake_prefix_path.dsv'
[162.839s] INFO:colcon.colcon_core.shell:Creating environment hook '/home/allen/rm_ws/install/linefit_ground_segmentation/share/linefit_ground_segmentation/hook/cmake_prefix_path.sh'
[162.843s] Level 1:colcon.colcon_core.environment:checking '/home/allen/rm_ws/install/linefit_ground_segmentation/lib'
[162.843s] Level 1:colcon.colcon_core.shell:create_environment_hook('linefit_ground_segmentation', 'ld_library_path_lib')
[162.846s] INFO:colcon.colcon_core.shell:Creating environment hook '/home/allen/rm_ws/install/linefit_ground_segmentation/share/linefit_ground_segmentation/hook/ld_library_path_lib.ps1'
[162.849s] INFO:colcon.colcon_core.shell:Creating environment descriptor '/home/allen/rm_ws/install/linefit_ground_segmentation/share/linefit_ground_segmentation/hook/ld_library_path_lib.dsv'
[162.853s] INFO:colcon.colcon_core.shell:Creating environment hook '/home/allen/rm_ws/install/linefit_ground_segmentation/share/linefit_ground_segmentation/hook/ld_library_path_lib.sh'
[162.857s] Level 1:colcon.colcon_core.environment:checking '/home/allen/rm_ws/install/linefit_ground_segmentation/bin'
[162.857s] Level 1:colcon.colcon_core.environment:checking '/home/allen/rm_ws/install/linefit_ground_segmentation/lib/pkgconfig/linefit_ground_segmentation.pc'
[162.858s] Level 1:colcon.colcon_core.environment:checking '/home/allen/rm_ws/install/linefit_ground_segmentation/lib/python3.10/site-packages'
[162.863s] Level 1:colcon.colcon_core.environment:checking '/home/allen/rm_ws/install/linefit_ground_segmentation/bin'
[162.866s] INFO:colcon.colcon_core.shell:Creating package script '/home/allen/rm_ws/install/linefit_ground_segmentation/share/linefit_ground_segmentation/package.ps1'
[162.871s] INFO:colcon.colcon_core.shell:Creating package descriptor '/home/allen/rm_ws/install/linefit_ground_segmentation/share/linefit_ground_segmentation/package.dsv'
[162.872s] INFO:colcon.colcon_core.shell:Creating package script '/home/allen/rm_ws/install/linefit_ground_segmentation/share/linefit_ground_segmentation/package.sh'
[162.878s] INFO:colcon.colcon_core.shell:Creating package script '/home/allen/rm_ws/install/linefit_ground_segmentation/share/linefit_ground_segmentation/package.bash'
[162.879s] INFO:colcon.colcon_core.shell:Creating package script '/home/allen/rm_ws/install/linefit_ground_segmentation/share/linefit_ground_segmentation/package.zsh'
[162.882s] Level 1:colcon.colcon_core.environment:create_file_with_runtime_dependencies(/home/allen/rm_ws/install/linefit_ground_segmentation/share/colcon-core/packages/linefit_ground_segmentation)
[162.887s] INFO:colcon.colcon_ros.task.ament_cmake.build:Building ROS package in '/home/allen/rm_ws/src/rm_navigation/costmap_converter/costmap_converter' with build type 'ament_cmake'
[162.890s] INFO:colcon.colcon_cmake.task.cmake.build:Building CMake package in '/home/allen/rm_ws/src/rm_navigation/costmap_converter/costmap_converter'
[162.890s] INFO:colcon.colcon_core.shell:Skip shell extension 'powershell' for command environment: Not usable outside of PowerShell
[162.891s] DEBUG:colcon.colcon_core.shell:Skip shell extension 'dsv' for command environment
[162.952s] DEBUG:colcon.colcon_core.event_handler.log_command:Invoking command in '/home/allen/rm_ws/build/costmap_converter': CMAKE_PREFIX_PATH=/home/allen/rm_ws/install/costmap_converter_msgs:/home/allen/rm_ws/install/teb_local_planner:/home/allen/rm_ws/install/teb_msgs:/home/allen/rm_ws/install/ros2_livox_simulation:/home/allen/rm_ws/install/rmbot2:/home/allen/rm_ws/install/rm_navigation:/home/allen/rm_ws/install/rm_nav_bringup:/home/allen/rm_ws/install/pointcloud_to_laserscan:/home/allen/rm_ws/install/point_lio:/home/allen/rm_ws/install/icp_registration:/home/allen/rm_ws/install/fast_lio:/home/allen/rm_ws/install/livox_ros_driver2:/home/allen/rm_ws/install/linefit_ground_segmentation_ros:/home/allen/rm_ws/install/linefit_ground_segmentation:/home/allen/rm_ws/install/imu_complementary_filter:/home/allen/rm_ws/install/fake_vel_transform:/home/allen/rm_ws/install/costmap_converter:/home/allen/Robomaster/rm_ws/install/teb_local_planner:/home/allen/Robomaster/rm_ws/install/teb_msgs:/home/allen/Robomaster/rm_ws/install/ros2_livox_simulation:/home/allen/Robomaster/rm_ws/install/rmbot2:/home/allen/Robomaster/rm_ws/install/rm_navigation:/home/allen/Robomaster/rm_ws/install/rm_nav_bringup:/home/allen/Robomaster/rm_ws/install/pointcloud_to_laserscan:/home/allen/Robomaster/rm_ws/install/point_lio:/home/allen/Robomaster/rm_ws/install/icp_registration:/home/allen/Robomaster/rm_ws/install/fast_lio:/home/allen/Robomaster/rm_ws/install/livox_ros_driver2:/home/allen/Robomaster/rm_ws/install/linefit_ground_segmentation_ros:/home/allen/Robomaster/rm_ws/install/linefit_ground_segmentation:/home/allen/Robomaster/rm_ws/install/imu_complementary_filter:/home/allen/Robomaster/rm_ws/install/fake_vel_transform:/home/allen/Robomaster/rm_ws/install/costmap_converter:/home/allen/Robomaster/rm_ws/install/costmap_converter_msgs:/home/allen/capstone/description_ws/install/ur_yt_sim:/home/allen/capstone/description_ws/install/ur10e_description:/home/allen/capstone/description_ws/install/kuka_agilus_support:/home/allen/capstone/description_ws/install/kuka_resources:/opt/ros/humble:/home/allen/capstone/description_ws/install/kuka_kr3_description LD_LIBRARY_PATH=/home/allen/rm_ws/install/costmap_converter_msgs/lib:/home/allen/rm_ws/install/teb_local_planner/lib:/home/allen/rm_ws/install/teb_msgs/lib:/home/allen/rm_ws/install/ros2_livox_simulation/lib:/home/allen/rm_ws/install/pointcloud_to_laserscan/lib:/home/allen/rm_ws/install/icp_registration/lib:/home/allen/rm_ws/install/fast_lio/lib:/home/allen/rm_ws/install/livox_ros_driver2/lib:/home/allen/rm_ws/install/linefit_ground_segmentation/lib:/home/allen/rm_ws/install/imu_complementary_filter/lib:/home/allen/rm_ws/install/fake_vel_transform/lib:/home/allen/rm_ws/install/costmap_converter/lib:/home/allen/Robomaster/rm_ws/install/teb_local_planner/lib:/home/allen/Robomaster/rm_ws/install/teb_msgs/lib:/home/allen/Robomaster/rm_ws/install/ros2_livox_simulation/lib:/home/allen/Robomaster/rm_ws/install/pointcloud_to_laserscan/lib:/home/allen/Robomaster/rm_ws/install/icp_registration/lib:/home/allen/Robomaster/rm_ws/install/fast_lio/lib:/home/allen/Robomaster/rm_ws/install/livox_ros_driver2/lib:/home/allen/Robomaster/rm_ws/install/linefit_ground_segmentation/lib:/home/allen/Robomaster/rm_ws/install/imu_complementary_filter/lib:/home/allen/Robomaster/rm_ws/install/fake_vel_transform/lib:/home/allen/Robomaster/rm_ws/install/costmap_converter/lib:/home/allen/Robomaster/rm_ws/install/costmap_converter_msgs/lib:/usr/lib/x86_64-linux-gnu/gazebo-11/plugins:/opt/ros/humble/opt/rviz_ogre_vendor/lib:/opt/ros/humble/lib/x86_64-linux-gnu:/opt/ros/humble/opt/openvdb_vendor/lib:/opt/ros/humble/lib:/usr/local/lib:/usr/local/lib:/usr/local/lib:/usr/local/lib /usr/bin/cmake /home/allen/rm_ws/src/rm_navigation/costmap_converter/costmap_converter -DAMENT_CMAKE_SYMLINK_INSTALL=1 -DCMAKE_INSTALL_PREFIX=/home/allen/rm_ws/install/costmap_converter
[171.453s] DEBUG:colcon.colcon_core.event_handler.log_command:Invoked command in '/home/allen/rm_ws/build/costmap_converter' returned '0': CMAKE_PREFIX_PATH=/home/allen/rm_ws/install/costmap_converter_msgs:/home/allen/rm_ws/install/teb_local_planner:/home/allen/rm_ws/install/teb_msgs:/home/allen/rm_ws/install/ros2_livox_simulation:/home/allen/rm_ws/install/rmbot2:/home/allen/rm_ws/install/rm_navigation:/home/allen/rm_ws/install/rm_nav_bringup:/home/allen/rm_ws/install/pointcloud_to_laserscan:/home/allen/rm_ws/install/point_lio:/home/allen/rm_ws/install/icp_registration:/home/allen/rm_ws/install/fast_lio:/home/allen/rm_ws/install/livox_ros_driver2:/home/allen/rm_ws/install/linefit_ground_segmentation_ros:/home/allen/rm_ws/install/linefit_ground_segmentation:/home/allen/rm_ws/install/imu_complementary_filter:/home/allen/rm_ws/install/fake_vel_transform:/home/allen/rm_ws/install/costmap_converter:/home/allen/Robomaster/rm_ws/install/teb_local_planner:/home/allen/Robomaster/rm_ws/install/teb_msgs:/home/allen/Robomaster/rm_ws/install/ros2_livox_simulation:/home/allen/Robomaster/rm_ws/install/rmbot2:/home/allen/Robomaster/rm_ws/install/rm_navigation:/home/allen/Robomaster/rm_ws/install/rm_nav_bringup:/home/allen/Robomaster/rm_ws/install/pointcloud_to_laserscan:/home/allen/Robomaster/rm_ws/install/point_lio:/home/allen/Robomaster/rm_ws/install/icp_registration:/home/allen/Robomaster/rm_ws/install/fast_lio:/home/allen/Robomaster/rm_ws/install/livox_ros_driver2:/home/allen/Robomaster/rm_ws/install/linefit_ground_segmentation_ros:/home/allen/Robomaster/rm_ws/install/linefit_ground_segmentation:/home/allen/Robomaster/rm_ws/install/imu_complementary_filter:/home/allen/Robomaster/rm_ws/install/fake_vel_transform:/home/allen/Robomaster/rm_ws/install/costmap_converter:/home/allen/Robomaster/rm_ws/install/costmap_converter_msgs:/home/allen/capstone/description_ws/install/ur_yt_sim:/home/allen/capstone/description_ws/install/ur10e_description:/home/allen/capstone/description_ws/install/kuka_agilus_support:/home/allen/capstone/description_ws/install/kuka_resources:/opt/ros/humble:/home/allen/capstone/description_ws/install/kuka_kr3_description LD_LIBRARY_PATH=/home/allen/rm_ws/install/costmap_converter_msgs/lib:/home/allen/rm_ws/install/teb_local_planner/lib:/home/allen/rm_ws/install/teb_msgs/lib:/home/allen/rm_ws/install/ros2_livox_simulation/lib:/home/allen/rm_ws/install/pointcloud_to_laserscan/lib:/home/allen/rm_ws/install/icp_registration/lib:/home/allen/rm_ws/install/fast_lio/lib:/home/allen/rm_ws/install/livox_ros_driver2/lib:/home/allen/rm_ws/install/linefit_ground_segmentation/lib:/home/allen/rm_ws/install/imu_complementary_filter/lib:/home/allen/rm_ws/install/fake_vel_transform/lib:/home/allen/rm_ws/install/costmap_converter/lib:/home/allen/Robomaster/rm_ws/install/teb_local_planner/lib:/home/allen/Robomaster/rm_ws/install/teb_msgs/lib:/home/allen/Robomaster/rm_ws/install/ros2_livox_simulation/lib:/home/allen/Robomaster/rm_ws/install/pointcloud_to_laserscan/lib:/home/allen/Robomaster/rm_ws/install/icp_registration/lib:/home/allen/Robomaster/rm_ws/install/fast_lio/lib:/home/allen/Robomaster/rm_ws/install/livox_ros_driver2/lib:/home/allen/Robomaster/rm_ws/install/linefit_ground_segmentation/lib:/home/allen/Robomaster/rm_ws/install/imu_complementary_filter/lib:/home/allen/Robomaster/rm_ws/install/fake_vel_transform/lib:/home/allen/Robomaster/rm_ws/install/costmap_converter/lib:/home/allen/Robomaster/rm_ws/install/costmap_converter_msgs/lib:/usr/lib/x86_64-linux-gnu/gazebo-11/plugins:/opt/ros/humble/opt/rviz_ogre_vendor/lib:/opt/ros/humble/lib/x86_64-linux-gnu:/opt/ros/humble/opt/openvdb_vendor/lib:/opt/ros/humble/lib:/usr/local/lib:/usr/local/lib:/usr/local/lib:/usr/local/lib /usr/bin/cmake /home/allen/rm_ws/src/rm_navigation/costmap_converter/costmap_converter -DAMENT_CMAKE_SYMLINK_INSTALL=1 -DCMAKE_INSTALL_PREFIX=/home/allen/rm_ws/install/costmap_converter
[171.454s] DEBUG:colcon.colcon_core.event_handler.log_command:Invoking command in '/home/allen/rm_ws/build/costmap_converter': CMAKE_PREFIX_PATH=/home/allen/rm_ws/install/costmap_converter_msgs:/home/allen/rm_ws/install/teb_local_planner:/home/allen/rm_ws/install/teb_msgs:/home/allen/rm_ws/install/ros2_livox_simulation:/home/allen/rm_ws/install/rmbot2:/home/allen/rm_ws/install/rm_navigation:/home/allen/rm_ws/install/rm_nav_bringup:/home/allen/rm_ws/install/pointcloud_to_laserscan:/home/allen/rm_ws/install/point_lio:/home/allen/rm_ws/install/icp_registration:/home/allen/rm_ws/install/fast_lio:/home/allen/rm_ws/install/livox_ros_driver2:/home/allen/rm_ws/install/linefit_ground_segmentation_ros:/home/allen/rm_ws/install/linefit_ground_segmentation:/home/allen/rm_ws/install/imu_complementary_filter:/home/allen/rm_ws/install/fake_vel_transform:/home/allen/rm_ws/install/costmap_converter:/home/allen/Robomaster/rm_ws/install/teb_local_planner:/home/allen/Robomaster/rm_ws/install/teb_msgs:/home/allen/Robomaster/rm_ws/install/ros2_livox_simulation:/home/allen/Robomaster/rm_ws/install/rmbot2:/home/allen/Robomaster/rm_ws/install/rm_navigation:/home/allen/Robomaster/rm_ws/install/rm_nav_bringup:/home/allen/Robomaster/rm_ws/install/pointcloud_to_laserscan:/home/allen/Robomaster/rm_ws/install/point_lio:/home/allen/Robomaster/rm_ws/install/icp_registration:/home/allen/Robomaster/rm_ws/install/fast_lio:/home/allen/Robomaster/rm_ws/install/livox_ros_driver2:/home/allen/Robomaster/rm_ws/install/linefit_ground_segmentation_ros:/home/allen/Robomaster/rm_ws/install/linefit_ground_segmentation:/home/allen/Robomaster/rm_ws/install/imu_complementary_filter:/home/allen/Robomaster/rm_ws/install/fake_vel_transform:/home/allen/Robomaster/rm_ws/install/costmap_converter:/home/allen/Robomaster/rm_ws/install/costmap_converter_msgs:/home/allen/capstone/description_ws/install/ur_yt_sim:/home/allen/capstone/description_ws/install/ur10e_description:/home/allen/capstone/description_ws/install/kuka_agilus_support:/home/allen/capstone/description_ws/install/kuka_resources:/opt/ros/humble:/home/allen/capstone/description_ws/install/kuka_kr3_description LD_LIBRARY_PATH=/home/allen/rm_ws/install/costmap_converter_msgs/lib:/home/allen/rm_ws/install/teb_local_planner/lib:/home/allen/rm_ws/install/teb_msgs/lib:/home/allen/rm_ws/install/ros2_livox_simulation/lib:/home/allen/rm_ws/install/pointcloud_to_laserscan/lib:/home/allen/rm_ws/install/icp_registration/lib:/home/allen/rm_ws/install/fast_lio/lib:/home/allen/rm_ws/install/livox_ros_driver2/lib:/home/allen/rm_ws/install/linefit_ground_segmentation/lib:/home/allen/rm_ws/install/imu_complementary_filter/lib:/home/allen/rm_ws/install/fake_vel_transform/lib:/home/allen/rm_ws/install/costmap_converter/lib:/home/allen/Robomaster/rm_ws/install/teb_local_planner/lib:/home/allen/Robomaster/rm_ws/install/teb_msgs/lib:/home/allen/Robomaster/rm_ws/install/ros2_livox_simulation/lib:/home/allen/Robomaster/rm_ws/install/pointcloud_to_laserscan/lib:/home/allen/Robomaster/rm_ws/install/icp_registration/lib:/home/allen/Robomaster/rm_ws/install/fast_lio/lib:/home/allen/Robomaster/rm_ws/install/livox_ros_driver2/lib:/home/allen/Robomaster/rm_ws/install/linefit_ground_segmentation/lib:/home/allen/Robomaster/rm_ws/install/imu_complementary_filter/lib:/home/allen/Robomaster/rm_ws/install/fake_vel_transform/lib:/home/allen/Robomaster/rm_ws/install/costmap_converter/lib:/home/allen/Robomaster/rm_ws/install/costmap_converter_msgs/lib:/usr/lib/x86_64-linux-gnu/gazebo-11/plugins:/opt/ros/humble/opt/rviz_ogre_vendor/lib:/opt/ros/humble/lib/x86_64-linux-gnu:/opt/ros/humble/opt/openvdb_vendor/lib:/opt/ros/humble/lib:/usr/local/lib:/usr/local/lib:/usr/local/lib:/usr/local/lib /usr/bin/cmake --build /home/allen/rm_ws/build/costmap_converter -- -j2 -l2
[206.440s] DEBUG:colcon.colcon_core.event_handler.log_command:Invoked command in '/home/allen/rm_ws/build/livox_ros_driver2' returned '0': CMAKE_PREFIX_PATH=/home/allen/rm_ws/install/teb_local_planner:/home/allen/rm_ws/install/teb_msgs:/home/allen/rm_ws/install/ros2_livox_simulation:/home/allen/rm_ws/install/rmbot2:/home/allen/rm_ws/install/rm_navigation:/home/allen/rm_ws/install/rm_nav_bringup:/home/allen/rm_ws/install/pointcloud_to_laserscan:/home/allen/rm_ws/install/point_lio:/home/allen/rm_ws/install/icp_registration:/home/allen/rm_ws/install/fast_lio:/home/allen/rm_ws/install/livox_ros_driver2:/home/allen/rm_ws/install/linefit_ground_segmentation_ros:/home/allen/rm_ws/install/linefit_ground_segmentation:/home/allen/rm_ws/install/imu_complementary_filter:/home/allen/rm_ws/install/fake_vel_transform:/home/allen/rm_ws/install/costmap_converter:/home/allen/rm_ws/install/costmap_converter_msgs:/home/allen/Robomaster/rm_ws/install/teb_local_planner:/home/allen/Robomaster/rm_ws/install/teb_msgs:/home/allen/Robomaster/rm_ws/install/ros2_livox_simulation:/home/allen/Robomaster/rm_ws/install/rmbot2:/home/allen/Robomaster/rm_ws/install/rm_navigation:/home/allen/Robomaster/rm_ws/install/rm_nav_bringup:/home/allen/Robomaster/rm_ws/install/pointcloud_to_laserscan:/home/allen/Robomaster/rm_ws/install/point_lio:/home/allen/Robomaster/rm_ws/install/icp_registration:/home/allen/Robomaster/rm_ws/install/fast_lio:/home/allen/Robomaster/rm_ws/install/livox_ros_driver2:/home/allen/Robomaster/rm_ws/install/linefit_ground_segmentation_ros:/home/allen/Robomaster/rm_ws/install/linefit_ground_segmentation:/home/allen/Robomaster/rm_ws/install/imu_complementary_filter:/home/allen/Robomaster/rm_ws/install/fake_vel_transform:/home/allen/Robomaster/rm_ws/install/costmap_converter:/home/allen/Robomaster/rm_ws/install/costmap_converter_msgs:/home/allen/capstone/description_ws/install/ur_yt_sim:/home/allen/capstone/description_ws/install/ur10e_description:/home/allen/capstone/description_ws/install/kuka_agilus_support:/home/allen/capstone/description_ws/install/kuka_resources:/opt/ros/humble:/home/allen/capstone/description_ws/install/kuka_kr3_description /usr/bin/cmake --build /home/allen/rm_ws/build/livox_ros_driver2 -- -j2 -l2
[206.454s] DEBUG:colcon.colcon_core.event_handler.log_command:Invoking command in '/home/allen/rm_ws/build/livox_ros_driver2': CMAKE_PREFIX_PATH=/home/allen/rm_ws/install/teb_local_planner:/home/allen/rm_ws/install/teb_msgs:/home/allen/rm_ws/install/ros2_livox_simulation:/home/allen/rm_ws/install/rmbot2:/home/allen/rm_ws/install/rm_navigation:/home/allen/rm_ws/install/rm_nav_bringup:/home/allen/rm_ws/install/pointcloud_to_laserscan:/home/allen/rm_ws/install/point_lio:/home/allen/rm_ws/install/icp_registration:/home/allen/rm_ws/install/fast_lio:/home/allen/rm_ws/install/livox_ros_driver2:/home/allen/rm_ws/install/linefit_ground_segmentation_ros:/home/allen/rm_ws/install/linefit_ground_segmentation:/home/allen/rm_ws/install/imu_complementary_filter:/home/allen/rm_ws/install/fake_vel_transform:/home/allen/rm_ws/install/costmap_converter:/home/allen/rm_ws/install/costmap_converter_msgs:/home/allen/Robomaster/rm_ws/install/teb_local_planner:/home/allen/Robomaster/rm_ws/install/teb_msgs:/home/allen/Robomaster/rm_ws/install/ros2_livox_simulation:/home/allen/Robomaster/rm_ws/install/rmbot2:/home/allen/Robomaster/rm_ws/install/rm_navigation:/home/allen/Robomaster/rm_ws/install/rm_nav_bringup:/home/allen/Robomaster/rm_ws/install/pointcloud_to_laserscan:/home/allen/Robomaster/rm_ws/install/point_lio:/home/allen/Robomaster/rm_ws/install/icp_registration:/home/allen/Robomaster/rm_ws/install/fast_lio:/home/allen/Robomaster/rm_ws/install/livox_ros_driver2:/home/allen/Robomaster/rm_ws/install/linefit_ground_segmentation_ros:/home/allen/Robomaster/rm_ws/install/linefit_ground_segmentation:/home/allen/Robomaster/rm_ws/install/imu_complementary_filter:/home/allen/Robomaster/rm_ws/install/fake_vel_transform:/home/allen/Robomaster/rm_ws/install/costmap_converter:/home/allen/Robomaster/rm_ws/install/costmap_converter_msgs:/home/allen/capstone/description_ws/install/ur_yt_sim:/home/allen/capstone/description_ws/install/ur10e_description:/home/allen/capstone/description_ws/install/kuka_agilus_support:/home/allen/capstone/description_ws/install/kuka_resources:/opt/ros/humble:/home/allen/capstone/description_ws/install/kuka_kr3_description /usr/bin/cmake --install /home/allen/rm_ws/build/livox_ros_driver2
[212.315s] Level 1:colcon.colcon_core.environment:create_environment_scripts_only(livox_ros_driver2)
[212.316s] Level 1:colcon.colcon_core.environment:checking '/home/allen/rm_ws/install/livox_ros_driver2' for CMake module files
[212.317s] DEBUG:colcon.colcon_core.event_handler.log_command:Invoked command in '/home/allen/rm_ws/build/livox_ros_driver2' returned '0': CMAKE_PREFIX_PATH=/home/allen/rm_ws/install/teb_local_planner:/home/allen/rm_ws/install/teb_msgs:/home/allen/rm_ws/install/ros2_livox_simulation:/home/allen/rm_ws/install/rmbot2:/home/allen/rm_ws/install/rm_navigation:/home/allen/rm_ws/install/rm_nav_bringup:/home/allen/rm_ws/install/pointcloud_to_laserscan:/home/allen/rm_ws/install/point_lio:/home/allen/rm_ws/install/icp_registration:/home/allen/rm_ws/install/fast_lio:/home/allen/rm_ws/install/livox_ros_driver2:/home/allen/rm_ws/install/linefit_ground_segmentation_ros:/home/allen/rm_ws/install/linefit_ground_segmentation:/home/allen/rm_ws/install/imu_complementary_filter:/home/allen/rm_ws/install/fake_vel_transform:/home/allen/rm_ws/install/costmap_converter:/home/allen/rm_ws/install/costmap_converter_msgs:/home/allen/Robomaster/rm_ws/install/teb_local_planner:/home/allen/Robomaster/rm_ws/install/teb_msgs:/home/allen/Robomaster/rm_ws/install/ros2_livox_simulation:/home/allen/Robomaster/rm_ws/install/rmbot2:/home/allen/Robomaster/rm_ws/install/rm_navigation:/home/allen/Robomaster/rm_ws/install/rm_nav_bringup:/home/allen/Robomaster/rm_ws/install/pointcloud_to_laserscan:/home/allen/Robomaster/rm_ws/install/point_lio:/home/allen/Robomaster/rm_ws/install/icp_registration:/home/allen/Robomaster/rm_ws/install/fast_lio:/home/allen/Robomaster/rm_ws/install/livox_ros_driver2:/home/allen/Robomaster/rm_ws/install/linefit_ground_segmentation_ros:/home/allen/Robomaster/rm_ws/install/linefit_ground_segmentation:/home/allen/Robomaster/rm_ws/install/imu_complementary_filter:/home/allen/Robomaster/rm_ws/install/fake_vel_transform:/home/allen/Robomaster/rm_ws/install/costmap_converter:/home/allen/Robomaster/rm_ws/install/costmap_converter_msgs:/home/allen/capstone/description_ws/install/ur_yt_sim:/home/allen/capstone/description_ws/install/ur10e_description:/home/allen/capstone/description_ws/install/kuka_agilus_support:/home/allen/capstone/description_ws/install/kuka_resources:/opt/ros/humble:/home/allen/capstone/description_ws/install/kuka_kr3_description /usr/bin/cmake --install /home/allen/rm_ws/build/livox_ros_driver2
[212.318s] Level 1:colcon.colcon_core.environment:checking '/home/allen/rm_ws/install/livox_ros_driver2' for CMake config files
[212.323s] Level 1:colcon.colcon_core.shell:create_environment_hook('livox_ros_driver2', 'cmake_prefix_path')
[212.323s] INFO:colcon.colcon_core.shell:Creating environment hook '/home/allen/rm_ws/install/livox_ros_driver2/share/livox_ros_driver2/hook/cmake_prefix_path.ps1'
[212.326s] INFO:colcon.colcon_core.shell:Creating environment descriptor '/home/allen/rm_ws/install/livox_ros_driver2/share/livox_ros_driver2/hook/cmake_prefix_path.dsv'
[212.326s] INFO:colcon.colcon_core.shell:Creating environment hook '/home/allen/rm_ws/install/livox_ros_driver2/share/livox_ros_driver2/hook/cmake_prefix_path.sh'
[212.332s] Level 1:colcon.colcon_core.environment:checking '/home/allen/rm_ws/install/livox_ros_driver2/lib'
[212.333s] Level 1:colcon.colcon_core.shell:create_environment_hook('livox_ros_driver2', 'ld_library_path_lib')
[212.333s] INFO:colcon.colcon_core.shell:Creating environment hook '/home/allen/rm_ws/install/livox_ros_driver2/share/livox_ros_driver2/hook/ld_library_path_lib.ps1'
[212.337s] INFO:colcon.colcon_core.shell:Creating environment descriptor '/home/allen/rm_ws/install/livox_ros_driver2/share/livox_ros_driver2/hook/ld_library_path_lib.dsv'
[212.338s] INFO:colcon.colcon_core.shell:Creating environment hook '/home/allen/rm_ws/install/livox_ros_driver2/share/livox_ros_driver2/hook/ld_library_path_lib.sh'
[212.341s] Level 1:colcon.colcon_core.environment:checking '/home/allen/rm_ws/install/livox_ros_driver2/bin'
[212.342s] Level 1:colcon.colcon_core.environment:checking '/home/allen/rm_ws/install/livox_ros_driver2/lib/pkgconfig/livox_ros_driver2.pc'
[212.342s] Level 1:colcon.colcon_core.environment:checking '/home/allen/rm_ws/install/livox_ros_driver2/lib/python3.10/site-packages'
[212.345s] Level 1:colcon.colcon_core.environment:checking '/home/allen/rm_ws/install/livox_ros_driver2/bin'
[212.346s] INFO:colcon.colcon_core.shell:Creating package script '/home/allen/rm_ws/install/livox_ros_driver2/share/livox_ros_driver2/package.ps1'
[212.350s] INFO:colcon.colcon_core.shell:Creating package descriptor '/home/allen/rm_ws/install/livox_ros_driver2/share/livox_ros_driver2/package.dsv'
[212.353s] INFO:colcon.colcon_core.shell:Creating package script '/home/allen/rm_ws/install/livox_ros_driver2/share/livox_ros_driver2/package.sh'
[212.356s] INFO:colcon.colcon_core.shell:Creating package script '/home/allen/rm_ws/install/livox_ros_driver2/share/livox_ros_driver2/package.bash'
[212.357s] INFO:colcon.colcon_core.shell:Creating package script '/home/allen/rm_ws/install/livox_ros_driver2/share/livox_ros_driver2/package.zsh'
[212.358s] Level 1:colcon.colcon_core.environment:create_file_with_runtime_dependencies(/home/allen/rm_ws/install/livox_ros_driver2/share/colcon-core/packages/livox_ros_driver2)
[212.361s] Level 1:colcon.colcon_core.environment:create_environment_scripts_only(livox_ros_driver2)
[212.364s] Level 1:colcon.colcon_core.environment:checking '/home/allen/rm_ws/install/livox_ros_driver2' for CMake module files
[212.367s] Level 1:colcon.colcon_core.environment:checking '/home/allen/rm_ws/install/livox_ros_driver2' for CMake config files
[212.368s] Level 1:colcon.colcon_core.shell:create_environment_hook('livox_ros_driver2', 'cmake_prefix_path')
[212.369s] INFO:colcon.colcon_core.shell:Creating environment hook '/home/allen/rm_ws/install/livox_ros_driver2/share/livox_ros_driver2/hook/cmake_prefix_path.ps1'
[212.374s] INFO:colcon.colcon_core.shell:Creating environment descriptor '/home/allen/rm_ws/install/livox_ros_driver2/share/livox_ros_driver2/hook/cmake_prefix_path.dsv'
[212.375s] INFO:colcon.colcon_core.shell:Creating environment hook '/home/allen/rm_ws/install/livox_ros_driver2/share/livox_ros_driver2/hook/cmake_prefix_path.sh'
[212.379s] Level 1:colcon.colcon_core.environment:checking '/home/allen/rm_ws/install/livox_ros_driver2/lib'
[212.380s] Level 1:colcon.colcon_core.shell:create_environment_hook('livox_ros_driver2', 'ld_library_path_lib')
[212.383s] INFO:colcon.colcon_core.shell:Creating environment hook '/home/allen/rm_ws/install/livox_ros_driver2/share/livox_ros_driver2/hook/ld_library_path_lib.ps1'
[212.385s] INFO:colcon.colcon_core.shell:Creating environment descriptor '/home/allen/rm_ws/install/livox_ros_driver2/share/livox_ros_driver2/hook/ld_library_path_lib.dsv'
[212.386s] INFO:colcon.colcon_core.shell:Creating environment hook '/home/allen/rm_ws/install/livox_ros_driver2/share/livox_ros_driver2/hook/ld_library_path_lib.sh'
[212.390s] Level 1:colcon.colcon_core.environment:checking '/home/allen/rm_ws/install/livox_ros_driver2/bin'
[212.390s] Level 1:colcon.colcon_core.environment:checking '/home/allen/rm_ws/install/livox_ros_driver2/lib/pkgconfig/livox_ros_driver2.pc'
[212.391s] Level 1:colcon.colcon_core.environment:checking '/home/allen/rm_ws/install/livox_ros_driver2/lib/python3.10/site-packages'
[212.391s] Level 1:colcon.colcon_core.environment:checking '/home/allen/rm_ws/install/livox_ros_driver2/bin'
[212.394s] INFO:colcon.colcon_core.shell:Creating package script '/home/allen/rm_ws/install/livox_ros_driver2/share/livox_ros_driver2/package.ps1'
[212.397s] INFO:colcon.colcon_core.shell:Creating package descriptor '/home/allen/rm_ws/install/livox_ros_driver2/share/livox_ros_driver2/package.dsv'
[212.399s] INFO:colcon.colcon_core.shell:Creating package script '/home/allen/rm_ws/install/livox_ros_driver2/share/livox_ros_driver2/package.sh'
[212.406s] INFO:colcon.colcon_core.shell:Creating package script '/home/allen/rm_ws/install/livox_ros_driver2/share/livox_ros_driver2/package.bash'
[212.410s] INFO:colcon.colcon_core.shell:Creating package script '/home/allen/rm_ws/install/livox_ros_driver2/share/livox_ros_driver2/package.zsh'
[212.414s] Level 1:colcon.colcon_core.environment:create_file_with_runtime_dependencies(/home/allen/rm_ws/install/livox_ros_driver2/share/colcon-core/packages/livox_ros_driver2)
[212.417s] INFO:colcon.colcon_ros.task.ament_cmake.build:Building ROS package in '/home/allen/rm_ws/src/rm_navigation/teb_local_planner/teb_msgs' with build type 'ament_cmake'
[212.417s] INFO:colcon.colcon_cmake.task.cmake.build:Building CMake package in '/home/allen/rm_ws/src/rm_navigation/teb_local_planner/teb_msgs'
[212.420s] INFO:colcon.colcon_core.shell:Skip shell extension 'powershell' for command environment: Not usable outside of PowerShell
[212.420s] DEBUG:colcon.colcon_core.shell:Skip shell extension 'dsv' for command environment
[212.498s] DEBUG:colcon.colcon_core.event_handler.log_command:Invoking command in '/home/allen/rm_ws/build/teb_msgs': CMAKE_PREFIX_PATH=/home/allen/rm_ws/install/costmap_converter_msgs:/home/allen/rm_ws/install/teb_local_planner:/home/allen/rm_ws/install/teb_msgs:/home/allen/rm_ws/install/ros2_livox_simulation:/home/allen/rm_ws/install/rmbot2:/home/allen/rm_ws/install/rm_navigation:/home/allen/rm_ws/install/rm_nav_bringup:/home/allen/rm_ws/install/pointcloud_to_laserscan:/home/allen/rm_ws/install/point_lio:/home/allen/rm_ws/install/icp_registration:/home/allen/rm_ws/install/fast_lio:/home/allen/rm_ws/install/livox_ros_driver2:/home/allen/rm_ws/install/linefit_ground_segmentation_ros:/home/allen/rm_ws/install/linefit_ground_segmentation:/home/allen/rm_ws/install/imu_complementary_filter:/home/allen/rm_ws/install/fake_vel_transform:/home/allen/rm_ws/install/costmap_converter:/home/allen/Robomaster/rm_ws/install/teb_local_planner:/home/allen/Robomaster/rm_ws/install/teb_msgs:/home/allen/Robomaster/rm_ws/install/ros2_livox_simulation:/home/allen/Robomaster/rm_ws/install/rmbot2:/home/allen/Robomaster/rm_ws/install/rm_navigation:/home/allen/Robomaster/rm_ws/install/rm_nav_bringup:/home/allen/Robomaster/rm_ws/install/pointcloud_to_laserscan:/home/allen/Robomaster/rm_ws/install/point_lio:/home/allen/Robomaster/rm_ws/install/icp_registration:/home/allen/Robomaster/rm_ws/install/fast_lio:/home/allen/Robomaster/rm_ws/install/livox_ros_driver2:/home/allen/Robomaster/rm_ws/install/linefit_ground_segmentation_ros:/home/allen/Robomaster/rm_ws/install/linefit_ground_segmentation:/home/allen/Robomaster/rm_ws/install/imu_complementary_filter:/home/allen/Robomaster/rm_ws/install/fake_vel_transform:/home/allen/Robomaster/rm_ws/install/costmap_converter:/home/allen/Robomaster/rm_ws/install/costmap_converter_msgs:/home/allen/capstone/description_ws/install/ur_yt_sim:/home/allen/capstone/description_ws/install/ur10e_description:/home/allen/capstone/description_ws/install/kuka_agilus_support:/home/allen/capstone/description_ws/install/kuka_resources:/opt/ros/humble:/home/allen/capstone/description_ws/install/kuka_kr3_description LD_LIBRARY_PATH=/home/allen/rm_ws/install/costmap_converter_msgs/lib:/home/allen/rm_ws/install/teb_local_planner/lib:/home/allen/rm_ws/install/teb_msgs/lib:/home/allen/rm_ws/install/ros2_livox_simulation/lib:/home/allen/rm_ws/install/pointcloud_to_laserscan/lib:/home/allen/rm_ws/install/icp_registration/lib:/home/allen/rm_ws/install/fast_lio/lib:/home/allen/rm_ws/install/livox_ros_driver2/lib:/home/allen/rm_ws/install/linefit_ground_segmentation/lib:/home/allen/rm_ws/install/imu_complementary_filter/lib:/home/allen/rm_ws/install/fake_vel_transform/lib:/home/allen/rm_ws/install/costmap_converter/lib:/home/allen/Robomaster/rm_ws/install/teb_local_planner/lib:/home/allen/Robomaster/rm_ws/install/teb_msgs/lib:/home/allen/Robomaster/rm_ws/install/ros2_livox_simulation/lib:/home/allen/Robomaster/rm_ws/install/pointcloud_to_laserscan/lib:/home/allen/Robomaster/rm_ws/install/icp_registration/lib:/home/allen/Robomaster/rm_ws/install/fast_lio/lib:/home/allen/Robomaster/rm_ws/install/livox_ros_driver2/lib:/home/allen/Robomaster/rm_ws/install/linefit_ground_segmentation/lib:/home/allen/Robomaster/rm_ws/install/imu_complementary_filter/lib:/home/allen/Robomaster/rm_ws/install/fake_vel_transform/lib:/home/allen/Robomaster/rm_ws/install/costmap_converter/lib:/home/allen/Robomaster/rm_ws/install/costmap_converter_msgs/lib:/usr/lib/x86_64-linux-gnu/gazebo-11/plugins:/opt/ros/humble/opt/rviz_ogre_vendor/lib:/opt/ros/humble/lib/x86_64-linux-gnu:/opt/ros/humble/opt/openvdb_vendor/lib:/opt/ros/humble/lib:/usr/local/lib:/usr/local/lib:/usr/local/lib:/usr/local/lib /usr/bin/cmake /home/allen/rm_ws/src/rm_navigation/teb_local_planner/teb_msgs -DAMENT_CMAKE_SYMLINK_INSTALL=1 -DCMAKE_INSTALL_PREFIX=/home/allen/rm_ws/install/teb_msgs
[220.629s] DEBUG:colcon.colcon_core.event_handler.log_command:Invoked command in '/home/allen/rm_ws/build/teb_msgs' returned '0': CMAKE_PREFIX_PATH=/home/allen/rm_ws/install/costmap_converter_msgs:/home/allen/rm_ws/install/teb_local_planner:/home/allen/rm_ws/install/teb_msgs:/home/allen/rm_ws/install/ros2_livox_simulation:/home/allen/rm_ws/install/rmbot2:/home/allen/rm_ws/install/rm_navigation:/home/allen/rm_ws/install/rm_nav_bringup:/home/allen/rm_ws/install/pointcloud_to_laserscan:/home/allen/rm_ws/install/point_lio:/home/allen/rm_ws/install/icp_registration:/home/allen/rm_ws/install/fast_lio:/home/allen/rm_ws/install/livox_ros_driver2:/home/allen/rm_ws/install/linefit_ground_segmentation_ros:/home/allen/rm_ws/install/linefit_ground_segmentation:/home/allen/rm_ws/install/imu_complementary_filter:/home/allen/rm_ws/install/fake_vel_transform:/home/allen/rm_ws/install/costmap_converter:/home/allen/Robomaster/rm_ws/install/teb_local_planner:/home/allen/Robomaster/rm_ws/install/teb_msgs:/home/allen/Robomaster/rm_ws/install/ros2_livox_simulation:/home/allen/Robomaster/rm_ws/install/rmbot2:/home/allen/Robomaster/rm_ws/install/rm_navigation:/home/allen/Robomaster/rm_ws/install/rm_nav_bringup:/home/allen/Robomaster/rm_ws/install/pointcloud_to_laserscan:/home/allen/Robomaster/rm_ws/install/point_lio:/home/allen/Robomaster/rm_ws/install/icp_registration:/home/allen/Robomaster/rm_ws/install/fast_lio:/home/allen/Robomaster/rm_ws/install/livox_ros_driver2:/home/allen/Robomaster/rm_ws/install/linefit_ground_segmentation_ros:/home/allen/Robomaster/rm_ws/install/linefit_ground_segmentation:/home/allen/Robomaster/rm_ws/install/imu_complementary_filter:/home/allen/Robomaster/rm_ws/install/fake_vel_transform:/home/allen/Robomaster/rm_ws/install/costmap_converter:/home/allen/Robomaster/rm_ws/install/costmap_converter_msgs:/home/allen/capstone/description_ws/install/ur_yt_sim:/home/allen/capstone/description_ws/install/ur10e_description:/home/allen/capstone/description_ws/install/kuka_agilus_support:/home/allen/capstone/description_ws/install/kuka_resources:/opt/ros/humble:/home/allen/capstone/description_ws/install/kuka_kr3_description LD_LIBRARY_PATH=/home/allen/rm_ws/install/costmap_converter_msgs/lib:/home/allen/rm_ws/install/teb_local_planner/lib:/home/allen/rm_ws/install/teb_msgs/lib:/home/allen/rm_ws/install/ros2_livox_simulation/lib:/home/allen/rm_ws/install/pointcloud_to_laserscan/lib:/home/allen/rm_ws/install/icp_registration/lib:/home/allen/rm_ws/install/fast_lio/lib:/home/allen/rm_ws/install/livox_ros_driver2/lib:/home/allen/rm_ws/install/linefit_ground_segmentation/lib:/home/allen/rm_ws/install/imu_complementary_filter/lib:/home/allen/rm_ws/install/fake_vel_transform/lib:/home/allen/rm_ws/install/costmap_converter/lib:/home/allen/Robomaster/rm_ws/install/teb_local_planner/lib:/home/allen/Robomaster/rm_ws/install/teb_msgs/lib:/home/allen/Robomaster/rm_ws/install/ros2_livox_simulation/lib:/home/allen/Robomaster/rm_ws/install/pointcloud_to_laserscan/lib:/home/allen/Robomaster/rm_ws/install/icp_registration/lib:/home/allen/Robomaster/rm_ws/install/fast_lio/lib:/home/allen/Robomaster/rm_ws/install/livox_ros_driver2/lib:/home/allen/Robomaster/rm_ws/install/linefit_ground_segmentation/lib:/home/allen/Robomaster/rm_ws/install/imu_complementary_filter/lib:/home/allen/Robomaster/rm_ws/install/fake_vel_transform/lib:/home/allen/Robomaster/rm_ws/install/costmap_converter/lib:/home/allen/Robomaster/rm_ws/install/costmap_converter_msgs/lib:/usr/lib/x86_64-linux-gnu/gazebo-11/plugins:/opt/ros/humble/opt/rviz_ogre_vendor/lib:/opt/ros/humble/lib/x86_64-linux-gnu:/opt/ros/humble/opt/openvdb_vendor/lib:/opt/ros/humble/lib:/usr/local/lib:/usr/local/lib:/usr/local/lib:/usr/local/lib /usr/bin/cmake /home/allen/rm_ws/src/rm_navigation/teb_local_planner/teb_msgs -DAMENT_CMAKE_SYMLINK_INSTALL=1 -DCMAKE_INSTALL_PREFIX=/home/allen/rm_ws/install/teb_msgs
[220.635s] DEBUG:colcon.colcon_core.event_handler.log_command:Invoking command in '/home/allen/rm_ws/build/teb_msgs': CMAKE_PREFIX_PATH=/home/allen/rm_ws/install/costmap_converter_msgs:/home/allen/rm_ws/install/teb_local_planner:/home/allen/rm_ws/install/teb_msgs:/home/allen/rm_ws/install/ros2_livox_simulation:/home/allen/rm_ws/install/rmbot2:/home/allen/rm_ws/install/rm_navigation:/home/allen/rm_ws/install/rm_nav_bringup:/home/allen/rm_ws/install/pointcloud_to_laserscan:/home/allen/rm_ws/install/point_lio:/home/allen/rm_ws/install/icp_registration:/home/allen/rm_ws/install/fast_lio:/home/allen/rm_ws/install/livox_ros_driver2:/home/allen/rm_ws/install/linefit_ground_segmentation_ros:/home/allen/rm_ws/install/linefit_ground_segmentation:/home/allen/rm_ws/install/imu_complementary_filter:/home/allen/rm_ws/install/fake_vel_transform:/home/allen/rm_ws/install/costmap_converter:/home/allen/Robomaster/rm_ws/install/teb_local_planner:/home/allen/Robomaster/rm_ws/install/teb_msgs:/home/allen/Robomaster/rm_ws/install/ros2_livox_simulation:/home/allen/Robomaster/rm_ws/install/rmbot2:/home/allen/Robomaster/rm_ws/install/rm_navigation:/home/allen/Robomaster/rm_ws/install/rm_nav_bringup:/home/allen/Robomaster/rm_ws/install/pointcloud_to_laserscan:/home/allen/Robomaster/rm_ws/install/point_lio:/home/allen/Robomaster/rm_ws/install/icp_registration:/home/allen/Robomaster/rm_ws/install/fast_lio:/home/allen/Robomaster/rm_ws/install/livox_ros_driver2:/home/allen/Robomaster/rm_ws/install/linefit_ground_segmentation_ros:/home/allen/Robomaster/rm_ws/install/linefit_ground_segmentation:/home/allen/Robomaster/rm_ws/install/imu_complementary_filter:/home/allen/Robomaster/rm_ws/install/fake_vel_transform:/home/allen/Robomaster/rm_ws/install/costmap_converter:/home/allen/Robomaster/rm_ws/install/costmap_converter_msgs:/home/allen/capstone/description_ws/install/ur_yt_sim:/home/allen/capstone/description_ws/install/ur10e_description:/home/allen/capstone/description_ws/install/kuka_agilus_support:/home/allen/capstone/description_ws/install/kuka_resources:/opt/ros/humble:/home/allen/capstone/description_ws/install/kuka_kr3_description LD_LIBRARY_PATH=/home/allen/rm_ws/install/costmap_converter_msgs/lib:/home/allen/rm_ws/install/teb_local_planner/lib:/home/allen/rm_ws/install/teb_msgs/lib:/home/allen/rm_ws/install/ros2_livox_simulation/lib:/home/allen/rm_ws/install/pointcloud_to_laserscan/lib:/home/allen/rm_ws/install/icp_registration/lib:/home/allen/rm_ws/install/fast_lio/lib:/home/allen/rm_ws/install/livox_ros_driver2/lib:/home/allen/rm_ws/install/linefit_ground_segmentation/lib:/home/allen/rm_ws/install/imu_complementary_filter/lib:/home/allen/rm_ws/install/fake_vel_transform/lib:/home/allen/rm_ws/install/costmap_converter/lib:/home/allen/Robomaster/rm_ws/install/teb_local_planner/lib:/home/allen/Robomaster/rm_ws/install/teb_msgs/lib:/home/allen/Robomaster/rm_ws/install/ros2_livox_simulation/lib:/home/allen/Robomaster/rm_ws/install/pointcloud_to_laserscan/lib:/home/allen/Robomaster/rm_ws/install/icp_registration/lib:/home/allen/Robomaster/rm_ws/install/fast_lio/lib:/home/allen/Robomaster/rm_ws/install/livox_ros_driver2/lib:/home/allen/Robomaster/rm_ws/install/linefit_ground_segmentation/lib:/home/allen/Robomaster/rm_ws/install/imu_complementary_filter/lib:/home/allen/Robomaster/rm_ws/install/fake_vel_transform/lib:/home/allen/Robomaster/rm_ws/install/costmap_converter/lib:/home/allen/Robomaster/rm_ws/install/costmap_converter_msgs/lib:/usr/lib/x86_64-linux-gnu/gazebo-11/plugins:/opt/ros/humble/opt/rviz_ogre_vendor/lib:/opt/ros/humble/lib/x86_64-linux-gnu:/opt/ros/humble/opt/openvdb_vendor/lib:/opt/ros/humble/lib:/usr/local/lib:/usr/local/lib:/usr/local/lib:/usr/local/lib /usr/bin/cmake --build /home/allen/rm_ws/build/teb_msgs -- -j2 -l2
[266.604s] DEBUG:colcon.colcon_core.event_handler.log_command:Invoked command in '/home/allen/rm_ws/build/teb_msgs' returned '0': CMAKE_PREFIX_PATH=/home/allen/rm_ws/install/costmap_converter_msgs:/home/allen/rm_ws/install/teb_local_planner:/home/allen/rm_ws/install/teb_msgs:/home/allen/rm_ws/install/ros2_livox_simulation:/home/allen/rm_ws/install/rmbot2:/home/allen/rm_ws/install/rm_navigation:/home/allen/rm_ws/install/rm_nav_bringup:/home/allen/rm_ws/install/pointcloud_to_laserscan:/home/allen/rm_ws/install/point_lio:/home/allen/rm_ws/install/icp_registration:/home/allen/rm_ws/install/fast_lio:/home/allen/rm_ws/install/livox_ros_driver2:/home/allen/rm_ws/install/linefit_ground_segmentation_ros:/home/allen/rm_ws/install/linefit_ground_segmentation:/home/allen/rm_ws/install/imu_complementary_filter:/home/allen/rm_ws/install/fake_vel_transform:/home/allen/rm_ws/install/costmap_converter:/home/allen/Robomaster/rm_ws/install/teb_local_planner:/home/allen/Robomaster/rm_ws/install/teb_msgs:/home/allen/Robomaster/rm_ws/install/ros2_livox_simulation:/home/allen/Robomaster/rm_ws/install/rmbot2:/home/allen/Robomaster/rm_ws/install/rm_navigation:/home/allen/Robomaster/rm_ws/install/rm_nav_bringup:/home/allen/Robomaster/rm_ws/install/pointcloud_to_laserscan:/home/allen/Robomaster/rm_ws/install/point_lio:/home/allen/Robomaster/rm_ws/install/icp_registration:/home/allen/Robomaster/rm_ws/install/fast_lio:/home/allen/Robomaster/rm_ws/install/livox_ros_driver2:/home/allen/Robomaster/rm_ws/install/linefit_ground_segmentation_ros:/home/allen/Robomaster/rm_ws/install/linefit_ground_segmentation:/home/allen/Robomaster/rm_ws/install/imu_complementary_filter:/home/allen/Robomaster/rm_ws/install/fake_vel_transform:/home/allen/Robomaster/rm_ws/install/costmap_converter:/home/allen/Robomaster/rm_ws/install/costmap_converter_msgs:/home/allen/capstone/description_ws/install/ur_yt_sim:/home/allen/capstone/description_ws/install/ur10e_description:/home/allen/capstone/description_ws/install/kuka_agilus_support:/home/allen/capstone/description_ws/install/kuka_resources:/opt/ros/humble:/home/allen/capstone/description_ws/install/kuka_kr3_description LD_LIBRARY_PATH=/home/allen/rm_ws/install/costmap_converter_msgs/lib:/home/allen/rm_ws/install/teb_local_planner/lib:/home/allen/rm_ws/install/teb_msgs/lib:/home/allen/rm_ws/install/ros2_livox_simulation/lib:/home/allen/rm_ws/install/pointcloud_to_laserscan/lib:/home/allen/rm_ws/install/icp_registration/lib:/home/allen/rm_ws/install/fast_lio/lib:/home/allen/rm_ws/install/livox_ros_driver2/lib:/home/allen/rm_ws/install/linefit_ground_segmentation/lib:/home/allen/rm_ws/install/imu_complementary_filter/lib:/home/allen/rm_ws/install/fake_vel_transform/lib:/home/allen/rm_ws/install/costmap_converter/lib:/home/allen/Robomaster/rm_ws/install/teb_local_planner/lib:/home/allen/Robomaster/rm_ws/install/teb_msgs/lib:/home/allen/Robomaster/rm_ws/install/ros2_livox_simulation/lib:/home/allen/Robomaster/rm_ws/install/pointcloud_to_laserscan/lib:/home/allen/Robomaster/rm_ws/install/icp_registration/lib:/home/allen/Robomaster/rm_ws/install/fast_lio/lib:/home/allen/Robomaster/rm_ws/install/livox_ros_driver2/lib:/home/allen/Robomaster/rm_ws/install/linefit_ground_segmentation/lib:/home/allen/Robomaster/rm_ws/install/imu_complementary_filter/lib:/home/allen/Robomaster/rm_ws/install/fake_vel_transform/lib:/home/allen/Robomaster/rm_ws/install/costmap_converter/lib:/home/allen/Robomaster/rm_ws/install/costmap_converter_msgs/lib:/usr/lib/x86_64-linux-gnu/gazebo-11/plugins:/opt/ros/humble/opt/rviz_ogre_vendor/lib:/opt/ros/humble/lib/x86_64-linux-gnu:/opt/ros/humble/opt/openvdb_vendor/lib:/opt/ros/humble/lib:/usr/local/lib:/usr/local/lib:/usr/local/lib:/usr/local/lib /usr/bin/cmake --build /home/allen/rm_ws/build/teb_msgs -- -j2 -l2
[266.606s] DEBUG:colcon.colcon_core.event_handler.log_command:Invoking command in '/home/allen/rm_ws/build/teb_msgs': CMAKE_PREFIX_PATH=/home/allen/rm_ws/install/costmap_converter_msgs:/home/allen/rm_ws/install/teb_local_planner:/home/allen/rm_ws/install/teb_msgs:/home/allen/rm_ws/install/ros2_livox_simulation:/home/allen/rm_ws/install/rmbot2:/home/allen/rm_ws/install/rm_navigation:/home/allen/rm_ws/install/rm_nav_bringup:/home/allen/rm_ws/install/pointcloud_to_laserscan:/home/allen/rm_ws/install/point_lio:/home/allen/rm_ws/install/icp_registration:/home/allen/rm_ws/install/fast_lio:/home/allen/rm_ws/install/livox_ros_driver2:/home/allen/rm_ws/install/linefit_ground_segmentation_ros:/home/allen/rm_ws/install/linefit_ground_segmentation:/home/allen/rm_ws/install/imu_complementary_filter:/home/allen/rm_ws/install/fake_vel_transform:/home/allen/rm_ws/install/costmap_converter:/home/allen/Robomaster/rm_ws/install/teb_local_planner:/home/allen/Robomaster/rm_ws/install/teb_msgs:/home/allen/Robomaster/rm_ws/install/ros2_livox_simulation:/home/allen/Robomaster/rm_ws/install/rmbot2:/home/allen/Robomaster/rm_ws/install/rm_navigation:/home/allen/Robomaster/rm_ws/install/rm_nav_bringup:/home/allen/Robomaster/rm_ws/install/pointcloud_to_laserscan:/home/allen/Robomaster/rm_ws/install/point_lio:/home/allen/Robomaster/rm_ws/install/icp_registration:/home/allen/Robomaster/rm_ws/install/fast_lio:/home/allen/Robomaster/rm_ws/install/livox_ros_driver2:/home/allen/Robomaster/rm_ws/install/linefit_ground_segmentation_ros:/home/allen/Robomaster/rm_ws/install/linefit_ground_segmentation:/home/allen/Robomaster/rm_ws/install/imu_complementary_filter:/home/allen/Robomaster/rm_ws/install/fake_vel_transform:/home/allen/Robomaster/rm_ws/install/costmap_converter:/home/allen/Robomaster/rm_ws/install/costmap_converter_msgs:/home/allen/capstone/description_ws/install/ur_yt_sim:/home/allen/capstone/description_ws/install/ur10e_description:/home/allen/capstone/description_ws/install/kuka_agilus_support:/home/allen/capstone/description_ws/install/kuka_resources:/opt/ros/humble:/home/allen/capstone/description_ws/install/kuka_kr3_description LD_LIBRARY_PATH=/home/allen/rm_ws/install/costmap_converter_msgs/lib:/home/allen/rm_ws/install/teb_local_planner/lib:/home/allen/rm_ws/install/teb_msgs/lib:/home/allen/rm_ws/install/ros2_livox_simulation/lib:/home/allen/rm_ws/install/pointcloud_to_laserscan/lib:/home/allen/rm_ws/install/icp_registration/lib:/home/allen/rm_ws/install/fast_lio/lib:/home/allen/rm_ws/install/livox_ros_driver2/lib:/home/allen/rm_ws/install/linefit_ground_segmentation/lib:/home/allen/rm_ws/install/imu_complementary_filter/lib:/home/allen/rm_ws/install/fake_vel_transform/lib:/home/allen/rm_ws/install/costmap_converter/lib:/home/allen/Robomaster/rm_ws/install/teb_local_planner/lib:/home/allen/Robomaster/rm_ws/install/teb_msgs/lib:/home/allen/Robomaster/rm_ws/install/ros2_livox_simulation/lib:/home/allen/Robomaster/rm_ws/install/pointcloud_to_laserscan/lib:/home/allen/Robomaster/rm_ws/install/icp_registration/lib:/home/allen/Robomaster/rm_ws/install/fast_lio/lib:/home/allen/Robomaster/rm_ws/install/livox_ros_driver2/lib:/home/allen/Robomaster/rm_ws/install/linefit_ground_segmentation/lib:/home/allen/Robomaster/rm_ws/install/imu_complementary_filter/lib:/home/allen/Robomaster/rm_ws/install/fake_vel_transform/lib:/home/allen/Robomaster/rm_ws/install/costmap_converter/lib:/home/allen/Robomaster/rm_ws/install/costmap_converter_msgs/lib:/usr/lib/x86_64-linux-gnu/gazebo-11/plugins:/opt/ros/humble/opt/rviz_ogre_vendor/lib:/opt/ros/humble/lib/x86_64-linux-gnu:/opt/ros/humble/opt/openvdb_vendor/lib:/opt/ros/humble/lib:/usr/local/lib:/usr/local/lib:/usr/local/lib:/usr/local/lib /usr/bin/cmake --install /home/allen/rm_ws/build/teb_msgs
[272.506s] Level 1:colcon.colcon_core.environment:create_environment_scripts_only(teb_msgs)
[272.507s] Level 1:colcon.colcon_core.environment:checking '/home/allen/rm_ws/install/teb_msgs' for CMake module files
[272.510s] DEBUG:colcon.colcon_core.event_handler.log_command:Invoked command in '/home/allen/rm_ws/build/teb_msgs' returned '0': CMAKE_PREFIX_PATH=/home/allen/rm_ws/install/costmap_converter_msgs:/home/allen/rm_ws/install/teb_local_planner:/home/allen/rm_ws/install/teb_msgs:/home/allen/rm_ws/install/ros2_livox_simulation:/home/allen/rm_ws/install/rmbot2:/home/allen/rm_ws/install/rm_navigation:/home/allen/rm_ws/install/rm_nav_bringup:/home/allen/rm_ws/install/pointcloud_to_laserscan:/home/allen/rm_ws/install/point_lio:/home/allen/rm_ws/install/icp_registration:/home/allen/rm_ws/install/fast_lio:/home/allen/rm_ws/install/livox_ros_driver2:/home/allen/rm_ws/install/linefit_ground_segmentation_ros:/home/allen/rm_ws/install/linefit_ground_segmentation:/home/allen/rm_ws/install/imu_complementary_filter:/home/allen/rm_ws/install/fake_vel_transform:/home/allen/rm_ws/install/costmap_converter:/home/allen/Robomaster/rm_ws/install/teb_local_planner:/home/allen/Robomaster/rm_ws/install/teb_msgs:/home/allen/Robomaster/rm_ws/install/ros2_livox_simulation:/home/allen/Robomaster/rm_ws/install/rmbot2:/home/allen/Robomaster/rm_ws/install/rm_navigation:/home/allen/Robomaster/rm_ws/install/rm_nav_bringup:/home/allen/Robomaster/rm_ws/install/pointcloud_to_laserscan:/home/allen/Robomaster/rm_ws/install/point_lio:/home/allen/Robomaster/rm_ws/install/icp_registration:/home/allen/Robomaster/rm_ws/install/fast_lio:/home/allen/Robomaster/rm_ws/install/livox_ros_driver2:/home/allen/Robomaster/rm_ws/install/linefit_ground_segmentation_ros:/home/allen/Robomaster/rm_ws/install/linefit_ground_segmentation:/home/allen/Robomaster/rm_ws/install/imu_complementary_filter:/home/allen/Robomaster/rm_ws/install/fake_vel_transform:/home/allen/Robomaster/rm_ws/install/costmap_converter:/home/allen/Robomaster/rm_ws/install/costmap_converter_msgs:/home/allen/capstone/description_ws/install/ur_yt_sim:/home/allen/capstone/description_ws/install/ur10e_description:/home/allen/capstone/description_ws/install/kuka_agilus_support:/home/allen/capstone/description_ws/install/kuka_resources:/opt/ros/humble:/home/allen/capstone/description_ws/install/kuka_kr3_description LD_LIBRARY_PATH=/home/allen/rm_ws/install/costmap_converter_msgs/lib:/home/allen/rm_ws/install/teb_local_planner/lib:/home/allen/rm_ws/install/teb_msgs/lib:/home/allen/rm_ws/install/ros2_livox_simulation/lib:/home/allen/rm_ws/install/pointcloud_to_laserscan/lib:/home/allen/rm_ws/install/icp_registration/lib:/home/allen/rm_ws/install/fast_lio/lib:/home/allen/rm_ws/install/livox_ros_driver2/lib:/home/allen/rm_ws/install/linefit_ground_segmentation/lib:/home/allen/rm_ws/install/imu_complementary_filter/lib:/home/allen/rm_ws/install/fake_vel_transform/lib:/home/allen/rm_ws/install/costmap_converter/lib:/home/allen/Robomaster/rm_ws/install/teb_local_planner/lib:/home/allen/Robomaster/rm_ws/install/teb_msgs/lib:/home/allen/Robomaster/rm_ws/install/ros2_livox_simulation/lib:/home/allen/Robomaster/rm_ws/install/pointcloud_to_laserscan/lib:/home/allen/Robomaster/rm_ws/install/icp_registration/lib:/home/allen/Robomaster/rm_ws/install/fast_lio/lib:/home/allen/Robomaster/rm_ws/install/livox_ros_driver2/lib:/home/allen/Robomaster/rm_ws/install/linefit_ground_segmentation/lib:/home/allen/Robomaster/rm_ws/install/imu_complementary_filter/lib:/home/allen/Robomaster/rm_ws/install/fake_vel_transform/lib:/home/allen/Robomaster/rm_ws/install/costmap_converter/lib:/home/allen/Robomaster/rm_ws/install/costmap_converter_msgs/lib:/usr/lib/x86_64-linux-gnu/gazebo-11/plugins:/opt/ros/humble/opt/rviz_ogre_vendor/lib:/opt/ros/humble/lib/x86_64-linux-gnu:/opt/ros/humble/opt/openvdb_vendor/lib:/opt/ros/humble/lib:/usr/local/lib:/usr/local/lib:/usr/local/lib:/usr/local/lib /usr/bin/cmake --install /home/allen/rm_ws/build/teb_msgs
[272.512s] Level 1:colcon.colcon_core.environment:checking '/home/allen/rm_ws/install/teb_msgs' for CMake config files
[272.518s] Level 1:colcon.colcon_core.shell:create_environment_hook('teb_msgs', 'cmake_prefix_path')
[272.518s] INFO:colcon.colcon_core.shell:Creating environment hook '/home/allen/rm_ws/install/teb_msgs/share/teb_msgs/hook/cmake_prefix_path.ps1'
[272.519s] INFO:colcon.colcon_core.shell:Creating environment descriptor '/home/allen/rm_ws/install/teb_msgs/share/teb_msgs/hook/cmake_prefix_path.dsv'
[272.525s] INFO:colcon.colcon_core.shell:Creating environment hook '/home/allen/rm_ws/install/teb_msgs/share/teb_msgs/hook/cmake_prefix_path.sh'
[272.526s] Level 1:colcon.colcon_core.environment:checking '/home/allen/rm_ws/install/teb_msgs/lib'
[272.526s] Level 1:colcon.colcon_core.shell:create_environment_hook('teb_msgs', 'ld_library_path_lib')
[272.530s] INFO:colcon.colcon_core.shell:Creating environment hook '/home/allen/rm_ws/install/teb_msgs/share/teb_msgs/hook/ld_library_path_lib.ps1'
[272.531s] INFO:colcon.colcon_core.shell:Creating environment descriptor '/home/allen/rm_ws/install/teb_msgs/share/teb_msgs/hook/ld_library_path_lib.dsv'
[272.531s] INFO:colcon.colcon_core.shell:Creating environment hook '/home/allen/rm_ws/install/teb_msgs/share/teb_msgs/hook/ld_library_path_lib.sh'
[272.536s] Level 1:colcon.colcon_core.environment:checking '/home/allen/rm_ws/install/teb_msgs/bin'
[272.536s] Level 1:colcon.colcon_core.environment:checking '/home/allen/rm_ws/install/teb_msgs/lib/pkgconfig/teb_msgs.pc'
[272.536s] Level 1:colcon.colcon_core.environment:checking '/home/allen/rm_ws/install/teb_msgs/lib/python3.10/site-packages'
[272.539s] Level 1:colcon.colcon_core.environment:checking '/home/allen/rm_ws/install/teb_msgs/bin'
[272.543s] INFO:colcon.colcon_core.shell:Creating package script '/home/allen/rm_ws/install/teb_msgs/share/teb_msgs/package.ps1'
[272.547s] INFO:colcon.colcon_core.shell:Creating package descriptor '/home/allen/rm_ws/install/teb_msgs/share/teb_msgs/package.dsv'
[272.548s] INFO:colcon.colcon_core.shell:Creating package script '/home/allen/rm_ws/install/teb_msgs/share/teb_msgs/package.sh'
[272.552s] INFO:colcon.colcon_core.shell:Creating package script '/home/allen/rm_ws/install/teb_msgs/share/teb_msgs/package.bash'
[272.553s] INFO:colcon.colcon_core.shell:Creating package script '/home/allen/rm_ws/install/teb_msgs/share/teb_msgs/package.zsh'
[272.558s] Level 1:colcon.colcon_core.environment:create_file_with_runtime_dependencies(/home/allen/rm_ws/install/teb_msgs/share/colcon-core/packages/teb_msgs)
[272.560s] Level 1:colcon.colcon_core.environment:create_environment_scripts_only(teb_msgs)
[272.563s] Level 1:colcon.colcon_core.environment:checking '/home/allen/rm_ws/install/teb_msgs' for CMake module files
[272.564s] Level 1:colcon.colcon_core.environment:checking '/home/allen/rm_ws/install/teb_msgs' for CMake config files
[272.567s] Level 1:colcon.colcon_core.shell:create_environment_hook('teb_msgs', 'cmake_prefix_path')
[272.568s] INFO:colcon.colcon_core.shell:Creating environment hook '/home/allen/rm_ws/install/teb_msgs/share/teb_msgs/hook/cmake_prefix_path.ps1'
[272.575s] INFO:colcon.colcon_core.shell:Creating environment descriptor '/home/allen/rm_ws/install/teb_msgs/share/teb_msgs/hook/cmake_prefix_path.dsv'
[272.577s] INFO:colcon.colcon_core.shell:Creating environment hook '/home/allen/rm_ws/install/teb_msgs/share/teb_msgs/hook/cmake_prefix_path.sh'
[272.588s] Level 1:colcon.colcon_core.environment:checking '/home/allen/rm_ws/install/teb_msgs/lib'
[272.588s] Level 1:colcon.colcon_core.shell:create_environment_hook('teb_msgs', 'ld_library_path_lib')
[272.588s] INFO:colcon.colcon_core.shell:Creating environment hook '/home/allen/rm_ws/install/teb_msgs/share/teb_msgs/hook/ld_library_path_lib.ps1'
[272.596s] INFO:colcon.colcon_core.shell:Creating environment descriptor '/home/allen/rm_ws/install/teb_msgs/share/teb_msgs/hook/ld_library_path_lib.dsv'
[272.598s] INFO:colcon.colcon_core.shell:Creating environment hook '/home/allen/rm_ws/install/teb_msgs/share/teb_msgs/hook/ld_library_path_lib.sh'
[272.601s] Level 1:colcon.colcon_core.environment:checking '/home/allen/rm_ws/install/teb_msgs/bin'
[272.601s] Level 1:colcon.colcon_core.environment:checking '/home/allen/rm_ws/install/teb_msgs/lib/pkgconfig/teb_msgs.pc'
[272.601s] Level 1:colcon.colcon_core.environment:checking '/home/allen/rm_ws/install/teb_msgs/lib/python3.10/site-packages'
[272.602s] Level 1:colcon.colcon_core.environment:checking '/home/allen/rm_ws/install/teb_msgs/bin'
[272.603s] INFO:colcon.colcon_core.shell:Creating package script '/home/allen/rm_ws/install/teb_msgs/share/teb_msgs/package.ps1'
[272.610s] INFO:colcon.colcon_core.shell:Creating package descriptor '/home/allen/rm_ws/install/teb_msgs/share/teb_msgs/package.dsv'
[272.611s] INFO:colcon.colcon_core.shell:Creating package script '/home/allen/rm_ws/install/teb_msgs/share/teb_msgs/package.sh'
[272.614s] INFO:colcon.colcon_core.shell:Creating package script '/home/allen/rm_ws/install/teb_msgs/share/teb_msgs/package.bash'
[272.615s] INFO:colcon.colcon_core.shell:Creating package script '/home/allen/rm_ws/install/teb_msgs/share/teb_msgs/package.zsh'
[272.618s] Level 1:colcon.colcon_core.environment:create_file_with_runtime_dependencies(/home/allen/rm_ws/install/teb_msgs/share/colcon-core/packages/teb_msgs)
[272.619s] INFO:colcon.colcon_ros.task.ament_cmake.build:Building ROS package in '/home/allen/rm_ws/src/rm_navigation/fake_vel_transform' with build type 'ament_cmake'
[272.619s] INFO:colcon.colcon_cmake.task.cmake.build:Building CMake package in '/home/allen/rm_ws/src/rm_navigation/fake_vel_transform'
[272.620s] INFO:colcon.colcon_core.shell:Skip shell extension 'powershell' for command environment: Not usable outside of PowerShell
[272.620s] DEBUG:colcon.colcon_core.shell:Skip shell extension 'dsv' for command environment
[272.692s] DEBUG:colcon.colcon_core.event_handler.log_command:Invoking command in '/home/allen/rm_ws/build/fake_vel_transform': CMAKE_PREFIX_PATH=/home/allen/rm_ws/install/teb_local_planner:/home/allen/rm_ws/install/teb_msgs:/home/allen/rm_ws/install/ros2_livox_simulation:/home/allen/rm_ws/install/rmbot2:/home/allen/rm_ws/install/rm_navigation:/home/allen/rm_ws/install/rm_nav_bringup:/home/allen/rm_ws/install/pointcloud_to_laserscan:/home/allen/rm_ws/install/point_lio:/home/allen/rm_ws/install/icp_registration:/home/allen/rm_ws/install/fast_lio:/home/allen/rm_ws/install/livox_ros_driver2:/home/allen/rm_ws/install/linefit_ground_segmentation_ros:/home/allen/rm_ws/install/linefit_ground_segmentation:/home/allen/rm_ws/install/imu_complementary_filter:/home/allen/rm_ws/install/fake_vel_transform:/home/allen/rm_ws/install/costmap_converter:/home/allen/rm_ws/install/costmap_converter_msgs:/home/allen/Robomaster/rm_ws/install/teb_local_planner:/home/allen/Robomaster/rm_ws/install/teb_msgs:/home/allen/Robomaster/rm_ws/install/ros2_livox_simulation:/home/allen/Robomaster/rm_ws/install/rmbot2:/home/allen/Robomaster/rm_ws/install/rm_navigation:/home/allen/Robomaster/rm_ws/install/rm_nav_bringup:/home/allen/Robomaster/rm_ws/install/pointcloud_to_laserscan:/home/allen/Robomaster/rm_ws/install/point_lio:/home/allen/Robomaster/rm_ws/install/icp_registration:/home/allen/Robomaster/rm_ws/install/fast_lio:/home/allen/Robomaster/rm_ws/install/livox_ros_driver2:/home/allen/Robomaster/rm_ws/install/linefit_ground_segmentation_ros:/home/allen/Robomaster/rm_ws/install/linefit_ground_segmentation:/home/allen/Robomaster/rm_ws/install/imu_complementary_filter:/home/allen/Robomaster/rm_ws/install/fake_vel_transform:/home/allen/Robomaster/rm_ws/install/costmap_converter:/home/allen/Robomaster/rm_ws/install/costmap_converter_msgs:/home/allen/capstone/description_ws/install/ur_yt_sim:/home/allen/capstone/description_ws/install/ur10e_description:/home/allen/capstone/description_ws/install/kuka_agilus_support:/home/allen/capstone/description_ws/install/kuka_resources:/opt/ros/humble:/home/allen/capstone/description_ws/install/kuka_kr3_description /usr/bin/cmake /home/allen/rm_ws/src/rm_navigation/fake_vel_transform -DAMENT_CMAKE_SYMLINK_INSTALL=1 -DCMAKE_INSTALL_PREFIX=/home/allen/rm_ws/install/fake_vel_transform
[278.930s] DEBUG:colcon.colcon_core.event_handler.log_command:Invoked command in '/home/allen/rm_ws/build/fake_vel_transform' returned '0': CMAKE_PREFIX_PATH=/home/allen/rm_ws/install/teb_local_planner:/home/allen/rm_ws/install/teb_msgs:/home/allen/rm_ws/install/ros2_livox_simulation:/home/allen/rm_ws/install/rmbot2:/home/allen/rm_ws/install/rm_navigation:/home/allen/rm_ws/install/rm_nav_bringup:/home/allen/rm_ws/install/pointcloud_to_laserscan:/home/allen/rm_ws/install/point_lio:/home/allen/rm_ws/install/icp_registration:/home/allen/rm_ws/install/fast_lio:/home/allen/rm_ws/install/livox_ros_driver2:/home/allen/rm_ws/install/linefit_ground_segmentation_ros:/home/allen/rm_ws/install/linefit_ground_segmentation:/home/allen/rm_ws/install/imu_complementary_filter:/home/allen/rm_ws/install/fake_vel_transform:/home/allen/rm_ws/install/costmap_converter:/home/allen/rm_ws/install/costmap_converter_msgs:/home/allen/Robomaster/rm_ws/install/teb_local_planner:/home/allen/Robomaster/rm_ws/install/teb_msgs:/home/allen/Robomaster/rm_ws/install/ros2_livox_simulation:/home/allen/Robomaster/rm_ws/install/rmbot2:/home/allen/Robomaster/rm_ws/install/rm_navigation:/home/allen/Robomaster/rm_ws/install/rm_nav_bringup:/home/allen/Robomaster/rm_ws/install/pointcloud_to_laserscan:/home/allen/Robomaster/rm_ws/install/point_lio:/home/allen/Robomaster/rm_ws/install/icp_registration:/home/allen/Robomaster/rm_ws/install/fast_lio:/home/allen/Robomaster/rm_ws/install/livox_ros_driver2:/home/allen/Robomaster/rm_ws/install/linefit_ground_segmentation_ros:/home/allen/Robomaster/rm_ws/install/linefit_ground_segmentation:/home/allen/Robomaster/rm_ws/install/imu_complementary_filter:/home/allen/Robomaster/rm_ws/install/fake_vel_transform:/home/allen/Robomaster/rm_ws/install/costmap_converter:/home/allen/Robomaster/rm_ws/install/costmap_converter_msgs:/home/allen/capstone/description_ws/install/ur_yt_sim:/home/allen/capstone/description_ws/install/ur10e_description:/home/allen/capstone/description_ws/install/kuka_agilus_support:/home/allen/capstone/description_ws/install/kuka_resources:/opt/ros/humble:/home/allen/capstone/description_ws/install/kuka_kr3_description /usr/bin/cmake /home/allen/rm_ws/src/rm_navigation/fake_vel_transform -DAMENT_CMAKE_SYMLINK_INSTALL=1 -DCMAKE_INSTALL_PREFIX=/home/allen/rm_ws/install/fake_vel_transform
[278.931s] DEBUG:colcon.colcon_core.event_handler.log_command:Invoking command in '/home/allen/rm_ws/build/fake_vel_transform': CMAKE_PREFIX_PATH=/home/allen/rm_ws/install/teb_local_planner:/home/allen/rm_ws/install/teb_msgs:/home/allen/rm_ws/install/ros2_livox_simulation:/home/allen/rm_ws/install/rmbot2:/home/allen/rm_ws/install/rm_navigation:/home/allen/rm_ws/install/rm_nav_bringup:/home/allen/rm_ws/install/pointcloud_to_laserscan:/home/allen/rm_ws/install/point_lio:/home/allen/rm_ws/install/icp_registration:/home/allen/rm_ws/install/fast_lio:/home/allen/rm_ws/install/livox_ros_driver2:/home/allen/rm_ws/install/linefit_ground_segmentation_ros:/home/allen/rm_ws/install/linefit_ground_segmentation:/home/allen/rm_ws/install/imu_complementary_filter:/home/allen/rm_ws/install/fake_vel_transform:/home/allen/rm_ws/install/costmap_converter:/home/allen/rm_ws/install/costmap_converter_msgs:/home/allen/Robomaster/rm_ws/install/teb_local_planner:/home/allen/Robomaster/rm_ws/install/teb_msgs:/home/allen/Robomaster/rm_ws/install/ros2_livox_simulation:/home/allen/Robomaster/rm_ws/install/rmbot2:/home/allen/Robomaster/rm_ws/install/rm_navigation:/home/allen/Robomaster/rm_ws/install/rm_nav_bringup:/home/allen/Robomaster/rm_ws/install/pointcloud_to_laserscan:/home/allen/Robomaster/rm_ws/install/point_lio:/home/allen/Robomaster/rm_ws/install/icp_registration:/home/allen/Robomaster/rm_ws/install/fast_lio:/home/allen/Robomaster/rm_ws/install/livox_ros_driver2:/home/allen/Robomaster/rm_ws/install/linefit_ground_segmentation_ros:/home/allen/Robomaster/rm_ws/install/linefit_ground_segmentation:/home/allen/Robomaster/rm_ws/install/imu_complementary_filter:/home/allen/Robomaster/rm_ws/install/fake_vel_transform:/home/allen/Robomaster/rm_ws/install/costmap_converter:/home/allen/Robomaster/rm_ws/install/costmap_converter_msgs:/home/allen/capstone/description_ws/install/ur_yt_sim:/home/allen/capstone/description_ws/install/ur10e_description:/home/allen/capstone/description_ws/install/kuka_agilus_support:/home/allen/capstone/description_ws/install/kuka_resources:/opt/ros/humble:/home/allen/capstone/description_ws/install/kuka_kr3_description /usr/bin/cmake --build /home/allen/rm_ws/build/fake_vel_transform -- -j2 -l2
[343.166s] DEBUG:colcon.colcon_core.event_handler.log_command:Invoked command in '/home/allen/rm_ws/build/fake_vel_transform' returned '0': CMAKE_PREFIX_PATH=/home/allen/rm_ws/install/teb_local_planner:/home/allen/rm_ws/install/teb_msgs:/home/allen/rm_ws/install/ros2_livox_simulation:/home/allen/rm_ws/install/rmbot2:/home/allen/rm_ws/install/rm_navigation:/home/allen/rm_ws/install/rm_nav_bringup:/home/allen/rm_ws/install/pointcloud_to_laserscan:/home/allen/rm_ws/install/point_lio:/home/allen/rm_ws/install/icp_registration:/home/allen/rm_ws/install/fast_lio:/home/allen/rm_ws/install/livox_ros_driver2:/home/allen/rm_ws/install/linefit_ground_segmentation_ros:/home/allen/rm_ws/install/linefit_ground_segmentation:/home/allen/rm_ws/install/imu_complementary_filter:/home/allen/rm_ws/install/fake_vel_transform:/home/allen/rm_ws/install/costmap_converter:/home/allen/rm_ws/install/costmap_converter_msgs:/home/allen/Robomaster/rm_ws/install/teb_local_planner:/home/allen/Robomaster/rm_ws/install/teb_msgs:/home/allen/Robomaster/rm_ws/install/ros2_livox_simulation:/home/allen/Robomaster/rm_ws/install/rmbot2:/home/allen/Robomaster/rm_ws/install/rm_navigation:/home/allen/Robomaster/rm_ws/install/rm_nav_bringup:/home/allen/Robomaster/rm_ws/install/pointcloud_to_laserscan:/home/allen/Robomaster/rm_ws/install/point_lio:/home/allen/Robomaster/rm_ws/install/icp_registration:/home/allen/Robomaster/rm_ws/install/fast_lio:/home/allen/Robomaster/rm_ws/install/livox_ros_driver2:/home/allen/Robomaster/rm_ws/install/linefit_ground_segmentation_ros:/home/allen/Robomaster/rm_ws/install/linefit_ground_segmentation:/home/allen/Robomaster/rm_ws/install/imu_complementary_filter:/home/allen/Robomaster/rm_ws/install/fake_vel_transform:/home/allen/Robomaster/rm_ws/install/costmap_converter:/home/allen/Robomaster/rm_ws/install/costmap_converter_msgs:/home/allen/capstone/description_ws/install/ur_yt_sim:/home/allen/capstone/description_ws/install/ur10e_description:/home/allen/capstone/description_ws/install/kuka_agilus_support:/home/allen/capstone/description_ws/install/kuka_resources:/opt/ros/humble:/home/allen/capstone/description_ws/install/kuka_kr3_description /usr/bin/cmake --build /home/allen/rm_ws/build/fake_vel_transform -- -j2 -l2
[343.175s] DEBUG:colcon.colcon_core.event_handler.log_command:Invoking command in '/home/allen/rm_ws/build/fake_vel_transform': CMAKE_PREFIX_PATH=/home/allen/rm_ws/install/teb_local_planner:/home/allen/rm_ws/install/teb_msgs:/home/allen/rm_ws/install/ros2_livox_simulation:/home/allen/rm_ws/install/rmbot2:/home/allen/rm_ws/install/rm_navigation:/home/allen/rm_ws/install/rm_nav_bringup:/home/allen/rm_ws/install/pointcloud_to_laserscan:/home/allen/rm_ws/install/point_lio:/home/allen/rm_ws/install/icp_registration:/home/allen/rm_ws/install/fast_lio:/home/allen/rm_ws/install/livox_ros_driver2:/home/allen/rm_ws/install/linefit_ground_segmentation_ros:/home/allen/rm_ws/install/linefit_ground_segmentation:/home/allen/rm_ws/install/imu_complementary_filter:/home/allen/rm_ws/install/fake_vel_transform:/home/allen/rm_ws/install/costmap_converter:/home/allen/rm_ws/install/costmap_converter_msgs:/home/allen/Robomaster/rm_ws/install/teb_local_planner:/home/allen/Robomaster/rm_ws/install/teb_msgs:/home/allen/Robomaster/rm_ws/install/ros2_livox_simulation:/home/allen/Robomaster/rm_ws/install/rmbot2:/home/allen/Robomaster/rm_ws/install/rm_navigation:/home/allen/Robomaster/rm_ws/install/rm_nav_bringup:/home/allen/Robomaster/rm_ws/install/pointcloud_to_laserscan:/home/allen/Robomaster/rm_ws/install/point_lio:/home/allen/Robomaster/rm_ws/install/icp_registration:/home/allen/Robomaster/rm_ws/install/fast_lio:/home/allen/Robomaster/rm_ws/install/livox_ros_driver2:/home/allen/Robomaster/rm_ws/install/linefit_ground_segmentation_ros:/home/allen/Robomaster/rm_ws/install/linefit_ground_segmentation:/home/allen/Robomaster/rm_ws/install/imu_complementary_filter:/home/allen/Robomaster/rm_ws/install/fake_vel_transform:/home/allen/Robomaster/rm_ws/install/costmap_converter:/home/allen/Robomaster/rm_ws/install/costmap_converter_msgs:/home/allen/capstone/description_ws/install/ur_yt_sim:/home/allen/capstone/description_ws/install/ur10e_description:/home/allen/capstone/description_ws/install/kuka_agilus_support:/home/allen/capstone/description_ws/install/kuka_resources:/opt/ros/humble:/home/allen/capstone/description_ws/install/kuka_kr3_description /usr/bin/cmake --install /home/allen/rm_ws/build/fake_vel_transform
[344.591s] Level 1:colcon.colcon_core.environment:create_environment_scripts_only(fake_vel_transform)
[344.592s] Level 1:colcon.colcon_core.environment:checking '/home/allen/rm_ws/install/fake_vel_transform' for CMake module files
[344.595s] DEBUG:colcon.colcon_core.event_handler.log_command:Invoked command in '/home/allen/rm_ws/build/fake_vel_transform' returned '0': CMAKE_PREFIX_PATH=/home/allen/rm_ws/install/teb_local_planner:/home/allen/rm_ws/install/teb_msgs:/home/allen/rm_ws/install/ros2_livox_simulation:/home/allen/rm_ws/install/rmbot2:/home/allen/rm_ws/install/rm_navigation:/home/allen/rm_ws/install/rm_nav_bringup:/home/allen/rm_ws/install/pointcloud_to_laserscan:/home/allen/rm_ws/install/point_lio:/home/allen/rm_ws/install/icp_registration:/home/allen/rm_ws/install/fast_lio:/home/allen/rm_ws/install/livox_ros_driver2:/home/allen/rm_ws/install/linefit_ground_segmentation_ros:/home/allen/rm_ws/install/linefit_ground_segmentation:/home/allen/rm_ws/install/imu_complementary_filter:/home/allen/rm_ws/install/fake_vel_transform:/home/allen/rm_ws/install/costmap_converter:/home/allen/rm_ws/install/costmap_converter_msgs:/home/allen/Robomaster/rm_ws/install/teb_local_planner:/home/allen/Robomaster/rm_ws/install/teb_msgs:/home/allen/Robomaster/rm_ws/install/ros2_livox_simulation:/home/allen/Robomaster/rm_ws/install/rmbot2:/home/allen/Robomaster/rm_ws/install/rm_navigation:/home/allen/Robomaster/rm_ws/install/rm_nav_bringup:/home/allen/Robomaster/rm_ws/install/pointcloud_to_laserscan:/home/allen/Robomaster/rm_ws/install/point_lio:/home/allen/Robomaster/rm_ws/install/icp_registration:/home/allen/Robomaster/rm_ws/install/fast_lio:/home/allen/Robomaster/rm_ws/install/livox_ros_driver2:/home/allen/Robomaster/rm_ws/install/linefit_ground_segmentation_ros:/home/allen/Robomaster/rm_ws/install/linefit_ground_segmentation:/home/allen/Robomaster/rm_ws/install/imu_complementary_filter:/home/allen/Robomaster/rm_ws/install/fake_vel_transform:/home/allen/Robomaster/rm_ws/install/costmap_converter:/home/allen/Robomaster/rm_ws/install/costmap_converter_msgs:/home/allen/capstone/description_ws/install/ur_yt_sim:/home/allen/capstone/description_ws/install/ur10e_description:/home/allen/capstone/description_ws/install/kuka_agilus_support:/home/allen/capstone/description_ws/install/kuka_resources:/opt/ros/humble:/home/allen/capstone/description_ws/install/kuka_kr3_description /usr/bin/cmake --install /home/allen/rm_ws/build/fake_vel_transform
[344.595s] Level 1:colcon.colcon_core.environment:checking '/home/allen/rm_ws/install/fake_vel_transform' for CMake config files
[344.596s] Level 1:colcon.colcon_core.shell:create_environment_hook('fake_vel_transform', 'cmake_prefix_path')
[344.599s] INFO:colcon.colcon_core.shell:Creating environment hook '/home/allen/rm_ws/install/fake_vel_transform/share/fake_vel_transform/hook/cmake_prefix_path.ps1'
[344.602s] INFO:colcon.colcon_core.shell:Creating environment descriptor '/home/allen/rm_ws/install/fake_vel_transform/share/fake_vel_transform/hook/cmake_prefix_path.dsv'
[344.604s] INFO:colcon.colcon_core.shell:Creating environment hook '/home/allen/rm_ws/install/fake_vel_transform/share/fake_vel_transform/hook/cmake_prefix_path.sh'
[344.605s] Level 1:colcon.colcon_core.environment:checking '/home/allen/rm_ws/install/fake_vel_transform/lib'
[344.608s] Level 1:colcon.colcon_core.shell:create_environment_hook('fake_vel_transform', 'ld_library_path_lib')
[344.609s] INFO:colcon.colcon_core.shell:Creating environment hook '/home/allen/rm_ws/install/fake_vel_transform/share/fake_vel_transform/hook/ld_library_path_lib.ps1'
[344.613s] INFO:colcon.colcon_core.shell:Creating environment descriptor '/home/allen/rm_ws/install/fake_vel_transform/share/fake_vel_transform/hook/ld_library_path_lib.dsv'
[344.613s] INFO:colcon.colcon_core.shell:Creating environment hook '/home/allen/rm_ws/install/fake_vel_transform/share/fake_vel_transform/hook/ld_library_path_lib.sh'
[344.616s] Level 1:colcon.colcon_core.environment:checking '/home/allen/rm_ws/install/fake_vel_transform/bin'
[344.616s] Level 1:colcon.colcon_core.environment:checking '/home/allen/rm_ws/install/fake_vel_transform/lib/pkgconfig/fake_vel_transform.pc'
[344.616s] Level 1:colcon.colcon_core.environment:checking '/home/allen/rm_ws/install/fake_vel_transform/lib/python3.10/site-packages'
[344.619s] Level 1:colcon.colcon_core.environment:checking '/home/allen/rm_ws/install/fake_vel_transform/bin'
[344.620s] INFO:colcon.colcon_core.shell:Creating package script '/home/allen/rm_ws/install/fake_vel_transform/share/fake_vel_transform/package.ps1'
[344.624s] INFO:colcon.colcon_core.shell:Creating package descriptor '/home/allen/rm_ws/install/fake_vel_transform/share/fake_vel_transform/package.dsv'
[344.627s] INFO:colcon.colcon_core.shell:Creating package script '/home/allen/rm_ws/install/fake_vel_transform/share/fake_vel_transform/package.sh'
[344.629s] INFO:colcon.colcon_core.shell:Creating package script '/home/allen/rm_ws/install/fake_vel_transform/share/fake_vel_transform/package.bash'
[344.630s] INFO:colcon.colcon_core.shell:Creating package script '/home/allen/rm_ws/install/fake_vel_transform/share/fake_vel_transform/package.zsh'
[344.631s] Level 1:colcon.colcon_core.environment:create_file_with_runtime_dependencies(/home/allen/rm_ws/install/fake_vel_transform/share/colcon-core/packages/fake_vel_transform)
[344.635s] Level 1:colcon.colcon_core.environment:create_environment_scripts_only(fake_vel_transform)
[344.639s] Level 1:colcon.colcon_core.environment:checking '/home/allen/rm_ws/install/fake_vel_transform' for CMake module files
[344.640s] Level 1:colcon.colcon_core.environment:checking '/home/allen/rm_ws/install/fake_vel_transform' for CMake config files
[344.643s] Level 1:colcon.colcon_core.shell:create_environment_hook('fake_vel_transform', 'cmake_prefix_path')
[344.643s] INFO:colcon.colcon_core.shell:Creating environment hook '/home/allen/rm_ws/install/fake_vel_transform/share/fake_vel_transform/hook/cmake_prefix_path.ps1'
[344.647s] INFO:colcon.colcon_core.shell:Creating environment descriptor '/home/allen/rm_ws/install/fake_vel_transform/share/fake_vel_transform/hook/cmake_prefix_path.dsv'
[344.650s] INFO:colcon.colcon_core.shell:Creating environment hook '/home/allen/rm_ws/install/fake_vel_transform/share/fake_vel_transform/hook/cmake_prefix_path.sh'
[344.652s] Level 1:colcon.colcon_core.environment:checking '/home/allen/rm_ws/install/fake_vel_transform/lib'
[344.652s] Level 1:colcon.colcon_core.shell:create_environment_hook('fake_vel_transform', 'ld_library_path_lib')
[344.652s] INFO:colcon.colcon_core.shell:Creating environment hook '/home/allen/rm_ws/install/fake_vel_transform/share/fake_vel_transform/hook/ld_library_path_lib.ps1'
[344.655s] INFO:colcon.colcon_core.shell:Creating environment descriptor '/home/allen/rm_ws/install/fake_vel_transform/share/fake_vel_transform/hook/ld_library_path_lib.dsv'
[344.658s] INFO:colcon.colcon_core.shell:Creating environment hook '/home/allen/rm_ws/install/fake_vel_transform/share/fake_vel_transform/hook/ld_library_path_lib.sh'
[344.665s] Level 1:colcon.colcon_core.environment:checking '/home/allen/rm_ws/install/fake_vel_transform/bin'
[344.665s] Level 1:colcon.colcon_core.environment:checking '/home/allen/rm_ws/install/fake_vel_transform/lib/pkgconfig/fake_vel_transform.pc'
[344.666s] Level 1:colcon.colcon_core.environment:checking '/home/allen/rm_ws/install/fake_vel_transform/lib/python3.10/site-packages'
[344.668s] Level 1:colcon.colcon_core.environment:checking '/home/allen/rm_ws/install/fake_vel_transform/bin'
[344.669s] INFO:colcon.colcon_core.shell:Creating package script '/home/allen/rm_ws/install/fake_vel_transform/share/fake_vel_transform/package.ps1'
[344.674s] INFO:colcon.colcon_core.shell:Creating package descriptor '/home/allen/rm_ws/install/fake_vel_transform/share/fake_vel_transform/package.dsv'
[344.682s] INFO:colcon.colcon_core.shell:Creating package script '/home/allen/rm_ws/install/fake_vel_transform/share/fake_vel_transform/package.sh'
[344.686s] INFO:colcon.colcon_core.shell:Creating package script '/home/allen/rm_ws/install/fake_vel_transform/share/fake_vel_transform/package.bash'
[344.688s] INFO:colcon.colcon_core.shell:Creating package script '/home/allen/rm_ws/install/fake_vel_transform/share/fake_vel_transform/package.zsh'
[344.690s] Level 1:colcon.colcon_core.environment:create_file_with_runtime_dependencies(/home/allen/rm_ws/install/fake_vel_transform/share/colcon-core/packages/fake_vel_transform)
[344.693s] INFO:colcon.colcon_ros.task.ament_cmake.build:Building ROS package in '/home/allen/rm_ws/src/rm_perception/imu_complementary_filter' with build type 'ament_cmake'
[344.693s] INFO:colcon.colcon_cmake.task.cmake.build:Building CMake package in '/home/allen/rm_ws/src/rm_perception/imu_complementary_filter'
[344.694s] INFO:colcon.colcon_core.shell:Skip shell extension 'powershell' for command environment: Not usable outside of PowerShell
[344.694s] DEBUG:colcon.colcon_core.shell:Skip shell extension 'dsv' for command environment
[344.732s] DEBUG:colcon.colcon_core.event_handler.log_command:Invoking command in '/home/allen/rm_ws/build/imu_complementary_filter': CMAKE_PREFIX_PATH=/home/allen/rm_ws/install/teb_local_planner:/home/allen/rm_ws/install/teb_msgs:/home/allen/rm_ws/install/ros2_livox_simulation:/home/allen/rm_ws/install/rmbot2:/home/allen/rm_ws/install/rm_navigation:/home/allen/rm_ws/install/rm_nav_bringup:/home/allen/rm_ws/install/pointcloud_to_laserscan:/home/allen/rm_ws/install/point_lio:/home/allen/rm_ws/install/icp_registration:/home/allen/rm_ws/install/fast_lio:/home/allen/rm_ws/install/livox_ros_driver2:/home/allen/rm_ws/install/linefit_ground_segmentation_ros:/home/allen/rm_ws/install/linefit_ground_segmentation:/home/allen/rm_ws/install/imu_complementary_filter:/home/allen/rm_ws/install/fake_vel_transform:/home/allen/rm_ws/install/costmap_converter:/home/allen/rm_ws/install/costmap_converter_msgs:/home/allen/Robomaster/rm_ws/install/teb_local_planner:/home/allen/Robomaster/rm_ws/install/teb_msgs:/home/allen/Robomaster/rm_ws/install/ros2_livox_simulation:/home/allen/Robomaster/rm_ws/install/rmbot2:/home/allen/Robomaster/rm_ws/install/rm_navigation:/home/allen/Robomaster/rm_ws/install/rm_nav_bringup:/home/allen/Robomaster/rm_ws/install/pointcloud_to_laserscan:/home/allen/Robomaster/rm_ws/install/point_lio:/home/allen/Robomaster/rm_ws/install/icp_registration:/home/allen/Robomaster/rm_ws/install/fast_lio:/home/allen/Robomaster/rm_ws/install/livox_ros_driver2:/home/allen/Robomaster/rm_ws/install/linefit_ground_segmentation_ros:/home/allen/Robomaster/rm_ws/install/linefit_ground_segmentation:/home/allen/Robomaster/rm_ws/install/imu_complementary_filter:/home/allen/Robomaster/rm_ws/install/fake_vel_transform:/home/allen/Robomaster/rm_ws/install/costmap_converter:/home/allen/Robomaster/rm_ws/install/costmap_converter_msgs:/home/allen/capstone/description_ws/install/ur_yt_sim:/home/allen/capstone/description_ws/install/ur10e_description:/home/allen/capstone/description_ws/install/kuka_agilus_support:/home/allen/capstone/description_ws/install/kuka_resources:/opt/ros/humble:/home/allen/capstone/description_ws/install/kuka_kr3_description /usr/bin/cmake /home/allen/rm_ws/src/rm_perception/imu_complementary_filter -DAMENT_CMAKE_SYMLINK_INSTALL=1 -DCMAKE_INSTALL_PREFIX=/home/allen/rm_ws/install/imu_complementary_filter
[350.462s] DEBUG:colcon.colcon_core.event_handler.log_command:Invoked command in '/home/allen/rm_ws/build/imu_complementary_filter' returned '0': CMAKE_PREFIX_PATH=/home/allen/rm_ws/install/teb_local_planner:/home/allen/rm_ws/install/teb_msgs:/home/allen/rm_ws/install/ros2_livox_simulation:/home/allen/rm_ws/install/rmbot2:/home/allen/rm_ws/install/rm_navigation:/home/allen/rm_ws/install/rm_nav_bringup:/home/allen/rm_ws/install/pointcloud_to_laserscan:/home/allen/rm_ws/install/point_lio:/home/allen/rm_ws/install/icp_registration:/home/allen/rm_ws/install/fast_lio:/home/allen/rm_ws/install/livox_ros_driver2:/home/allen/rm_ws/install/linefit_ground_segmentation_ros:/home/allen/rm_ws/install/linefit_ground_segmentation:/home/allen/rm_ws/install/imu_complementary_filter:/home/allen/rm_ws/install/fake_vel_transform:/home/allen/rm_ws/install/costmap_converter:/home/allen/rm_ws/install/costmap_converter_msgs:/home/allen/Robomaster/rm_ws/install/teb_local_planner:/home/allen/Robomaster/rm_ws/install/teb_msgs:/home/allen/Robomaster/rm_ws/install/ros2_livox_simulation:/home/allen/Robomaster/rm_ws/install/rmbot2:/home/allen/Robomaster/rm_ws/install/rm_navigation:/home/allen/Robomaster/rm_ws/install/rm_nav_bringup:/home/allen/Robomaster/rm_ws/install/pointcloud_to_laserscan:/home/allen/Robomaster/rm_ws/install/point_lio:/home/allen/Robomaster/rm_ws/install/icp_registration:/home/allen/Robomaster/rm_ws/install/fast_lio:/home/allen/Robomaster/rm_ws/install/livox_ros_driver2:/home/allen/Robomaster/rm_ws/install/linefit_ground_segmentation_ros:/home/allen/Robomaster/rm_ws/install/linefit_ground_segmentation:/home/allen/Robomaster/rm_ws/install/imu_complementary_filter:/home/allen/Robomaster/rm_ws/install/fake_vel_transform:/home/allen/Robomaster/rm_ws/install/costmap_converter:/home/allen/Robomaster/rm_ws/install/costmap_converter_msgs:/home/allen/capstone/description_ws/install/ur_yt_sim:/home/allen/capstone/description_ws/install/ur10e_description:/home/allen/capstone/description_ws/install/kuka_agilus_support:/home/allen/capstone/description_ws/install/kuka_resources:/opt/ros/humble:/home/allen/capstone/description_ws/install/kuka_kr3_description /usr/bin/cmake /home/allen/rm_ws/src/rm_perception/imu_complementary_filter -DAMENT_CMAKE_SYMLINK_INSTALL=1 -DCMAKE_INSTALL_PREFIX=/home/allen/rm_ws/install/imu_complementary_filter
[350.466s] DEBUG:colcon.colcon_core.event_handler.log_command:Invoking command in '/home/allen/rm_ws/build/imu_complementary_filter': CMAKE_PREFIX_PATH=/home/allen/rm_ws/install/teb_local_planner:/home/allen/rm_ws/install/teb_msgs:/home/allen/rm_ws/install/ros2_livox_simulation:/home/allen/rm_ws/install/rmbot2:/home/allen/rm_ws/install/rm_navigation:/home/allen/rm_ws/install/rm_nav_bringup:/home/allen/rm_ws/install/pointcloud_to_laserscan:/home/allen/rm_ws/install/point_lio:/home/allen/rm_ws/install/icp_registration:/home/allen/rm_ws/install/fast_lio:/home/allen/rm_ws/install/livox_ros_driver2:/home/allen/rm_ws/install/linefit_ground_segmentation_ros:/home/allen/rm_ws/install/linefit_ground_segmentation:/home/allen/rm_ws/install/imu_complementary_filter:/home/allen/rm_ws/install/fake_vel_transform:/home/allen/rm_ws/install/costmap_converter:/home/allen/rm_ws/install/costmap_converter_msgs:/home/allen/Robomaster/rm_ws/install/teb_local_planner:/home/allen/Robomaster/rm_ws/install/teb_msgs:/home/allen/Robomaster/rm_ws/install/ros2_livox_simulation:/home/allen/Robomaster/rm_ws/install/rmbot2:/home/allen/Robomaster/rm_ws/install/rm_navigation:/home/allen/Robomaster/rm_ws/install/rm_nav_bringup:/home/allen/Robomaster/rm_ws/install/pointcloud_to_laserscan:/home/allen/Robomaster/rm_ws/install/point_lio:/home/allen/Robomaster/rm_ws/install/icp_registration:/home/allen/Robomaster/rm_ws/install/fast_lio:/home/allen/Robomaster/rm_ws/install/livox_ros_driver2:/home/allen/Robomaster/rm_ws/install/linefit_ground_segmentation_ros:/home/allen/Robomaster/rm_ws/install/linefit_ground_segmentation:/home/allen/Robomaster/rm_ws/install/imu_complementary_filter:/home/allen/Robomaster/rm_ws/install/fake_vel_transform:/home/allen/Robomaster/rm_ws/install/costmap_converter:/home/allen/Robomaster/rm_ws/install/costmap_converter_msgs:/home/allen/capstone/description_ws/install/ur_yt_sim:/home/allen/capstone/description_ws/install/ur10e_description:/home/allen/capstone/description_ws/install/kuka_agilus_support:/home/allen/capstone/description_ws/install/kuka_resources:/opt/ros/humble:/home/allen/capstone/description_ws/install/kuka_kr3_description /usr/bin/cmake --build /home/allen/rm_ws/build/imu_complementary_filter -- -j2 -l2
[430.611s] DEBUG:colcon.colcon_core.event_handler.log_command:Invoked command in '/home/allen/rm_ws/build/imu_complementary_filter' returned '0': CMAKE_PREFIX_PATH=/home/allen/rm_ws/install/teb_local_planner:/home/allen/rm_ws/install/teb_msgs:/home/allen/rm_ws/install/ros2_livox_simulation:/home/allen/rm_ws/install/rmbot2:/home/allen/rm_ws/install/rm_navigation:/home/allen/rm_ws/install/rm_nav_bringup:/home/allen/rm_ws/install/pointcloud_to_laserscan:/home/allen/rm_ws/install/point_lio:/home/allen/rm_ws/install/icp_registration:/home/allen/rm_ws/install/fast_lio:/home/allen/rm_ws/install/livox_ros_driver2:/home/allen/rm_ws/install/linefit_ground_segmentation_ros:/home/allen/rm_ws/install/linefit_ground_segmentation:/home/allen/rm_ws/install/imu_complementary_filter:/home/allen/rm_ws/install/fake_vel_transform:/home/allen/rm_ws/install/costmap_converter:/home/allen/rm_ws/install/costmap_converter_msgs:/home/allen/Robomaster/rm_ws/install/teb_local_planner:/home/allen/Robomaster/rm_ws/install/teb_msgs:/home/allen/Robomaster/rm_ws/install/ros2_livox_simulation:/home/allen/Robomaster/rm_ws/install/rmbot2:/home/allen/Robomaster/rm_ws/install/rm_navigation:/home/allen/Robomaster/rm_ws/install/rm_nav_bringup:/home/allen/Robomaster/rm_ws/install/pointcloud_to_laserscan:/home/allen/Robomaster/rm_ws/install/point_lio:/home/allen/Robomaster/rm_ws/install/icp_registration:/home/allen/Robomaster/rm_ws/install/fast_lio:/home/allen/Robomaster/rm_ws/install/livox_ros_driver2:/home/allen/Robomaster/rm_ws/install/linefit_ground_segmentation_ros:/home/allen/Robomaster/rm_ws/install/linefit_ground_segmentation:/home/allen/Robomaster/rm_ws/install/imu_complementary_filter:/home/allen/Robomaster/rm_ws/install/fake_vel_transform:/home/allen/Robomaster/rm_ws/install/costmap_converter:/home/allen/Robomaster/rm_ws/install/costmap_converter_msgs:/home/allen/capstone/description_ws/install/ur_yt_sim:/home/allen/capstone/description_ws/install/ur10e_description:/home/allen/capstone/description_ws/install/kuka_agilus_support:/home/allen/capstone/description_ws/install/kuka_resources:/opt/ros/humble:/home/allen/capstone/description_ws/install/kuka_kr3_description /usr/bin/cmake --build /home/allen/rm_ws/build/imu_complementary_filter -- -j2 -l2
[430.614s] DEBUG:colcon.colcon_core.event_handler.log_command:Invoking command in '/home/allen/rm_ws/build/imu_complementary_filter': CMAKE_PREFIX_PATH=/home/allen/rm_ws/install/teb_local_planner:/home/allen/rm_ws/install/teb_msgs:/home/allen/rm_ws/install/ros2_livox_simulation:/home/allen/rm_ws/install/rmbot2:/home/allen/rm_ws/install/rm_navigation:/home/allen/rm_ws/install/rm_nav_bringup:/home/allen/rm_ws/install/pointcloud_to_laserscan:/home/allen/rm_ws/install/point_lio:/home/allen/rm_ws/install/icp_registration:/home/allen/rm_ws/install/fast_lio:/home/allen/rm_ws/install/livox_ros_driver2:/home/allen/rm_ws/install/linefit_ground_segmentation_ros:/home/allen/rm_ws/install/linefit_ground_segmentation:/home/allen/rm_ws/install/imu_complementary_filter:/home/allen/rm_ws/install/fake_vel_transform:/home/allen/rm_ws/install/costmap_converter:/home/allen/rm_ws/install/costmap_converter_msgs:/home/allen/Robomaster/rm_ws/install/teb_local_planner:/home/allen/Robomaster/rm_ws/install/teb_msgs:/home/allen/Robomaster/rm_ws/install/ros2_livox_simulation:/home/allen/Robomaster/rm_ws/install/rmbot2:/home/allen/Robomaster/rm_ws/install/rm_navigation:/home/allen/Robomaster/rm_ws/install/rm_nav_bringup:/home/allen/Robomaster/rm_ws/install/pointcloud_to_laserscan:/home/allen/Robomaster/rm_ws/install/point_lio:/home/allen/Robomaster/rm_ws/install/icp_registration:/home/allen/Robomaster/rm_ws/install/fast_lio:/home/allen/Robomaster/rm_ws/install/livox_ros_driver2:/home/allen/Robomaster/rm_ws/install/linefit_ground_segmentation_ros:/home/allen/Robomaster/rm_ws/install/linefit_ground_segmentation:/home/allen/Robomaster/rm_ws/install/imu_complementary_filter:/home/allen/Robomaster/rm_ws/install/fake_vel_transform:/home/allen/Robomaster/rm_ws/install/costmap_converter:/home/allen/Robomaster/rm_ws/install/costmap_converter_msgs:/home/allen/capstone/description_ws/install/ur_yt_sim:/home/allen/capstone/description_ws/install/ur10e_description:/home/allen/capstone/description_ws/install/kuka_agilus_support:/home/allen/capstone/description_ws/install/kuka_resources:/opt/ros/humble:/home/allen/capstone/description_ws/install/kuka_kr3_description /usr/bin/cmake --install /home/allen/rm_ws/build/imu_complementary_filter
[432.405s] Level 1:colcon.colcon_core.environment:create_environment_scripts_only(imu_complementary_filter)
[432.407s] Level 1:colcon.colcon_core.environment:checking '/home/allen/rm_ws/install/imu_complementary_filter' for CMake module files
[432.406s] DEBUG:colcon.colcon_core.event_handler.log_command:Invoked command in '/home/allen/rm_ws/build/imu_complementary_filter' returned '0': CMAKE_PREFIX_PATH=/home/allen/rm_ws/install/teb_local_planner:/home/allen/rm_ws/install/teb_msgs:/home/allen/rm_ws/install/ros2_livox_simulation:/home/allen/rm_ws/install/rmbot2:/home/allen/rm_ws/install/rm_navigation:/home/allen/rm_ws/install/rm_nav_bringup:/home/allen/rm_ws/install/pointcloud_to_laserscan:/home/allen/rm_ws/install/point_lio:/home/allen/rm_ws/install/icp_registration:/home/allen/rm_ws/install/fast_lio:/home/allen/rm_ws/install/livox_ros_driver2:/home/allen/rm_ws/install/linefit_ground_segmentation_ros:/home/allen/rm_ws/install/linefit_ground_segmentation:/home/allen/rm_ws/install/imu_complementary_filter:/home/allen/rm_ws/install/fake_vel_transform:/home/allen/rm_ws/install/costmap_converter:/home/allen/rm_ws/install/costmap_converter_msgs:/home/allen/Robomaster/rm_ws/install/teb_local_planner:/home/allen/Robomaster/rm_ws/install/teb_msgs:/home/allen/Robomaster/rm_ws/install/ros2_livox_simulation:/home/allen/Robomaster/rm_ws/install/rmbot2:/home/allen/Robomaster/rm_ws/install/rm_navigation:/home/allen/Robomaster/rm_ws/install/rm_nav_bringup:/home/allen/Robomaster/rm_ws/install/pointcloud_to_laserscan:/home/allen/Robomaster/rm_ws/install/point_lio:/home/allen/Robomaster/rm_ws/install/icp_registration:/home/allen/Robomaster/rm_ws/install/fast_lio:/home/allen/Robomaster/rm_ws/install/livox_ros_driver2:/home/allen/Robomaster/rm_ws/install/linefit_ground_segmentation_ros:/home/allen/Robomaster/rm_ws/install/linefit_ground_segmentation:/home/allen/Robomaster/rm_ws/install/imu_complementary_filter:/home/allen/Robomaster/rm_ws/install/fake_vel_transform:/home/allen/Robomaster/rm_ws/install/costmap_converter:/home/allen/Robomaster/rm_ws/install/costmap_converter_msgs:/home/allen/capstone/description_ws/install/ur_yt_sim:/home/allen/capstone/description_ws/install/ur10e_description:/home/allen/capstone/description_ws/install/kuka_agilus_support:/home/allen/capstone/description_ws/install/kuka_resources:/opt/ros/humble:/home/allen/capstone/description_ws/install/kuka_kr3_description /usr/bin/cmake --install /home/allen/rm_ws/build/imu_complementary_filter
[432.410s] Level 1:colcon.colcon_core.environment:checking '/home/allen/rm_ws/install/imu_complementary_filter' for CMake config files
[432.411s] Level 1:colcon.colcon_core.shell:create_environment_hook('imu_complementary_filter', 'cmake_prefix_path')
[432.413s] INFO:colcon.colcon_core.shell:Creating environment hook '/home/allen/rm_ws/install/imu_complementary_filter/share/imu_complementary_filter/hook/cmake_prefix_path.ps1'
[432.415s] INFO:colcon.colcon_core.shell:Creating environment descriptor '/home/allen/rm_ws/install/imu_complementary_filter/share/imu_complementary_filter/hook/cmake_prefix_path.dsv'
[432.420s] INFO:colcon.colcon_core.shell:Creating environment hook '/home/allen/rm_ws/install/imu_complementary_filter/share/imu_complementary_filter/hook/cmake_prefix_path.sh'
[432.426s] Level 1:colcon.colcon_core.environment:checking '/home/allen/rm_ws/install/imu_complementary_filter/lib'
[432.426s] Level 1:colcon.colcon_core.shell:create_environment_hook('imu_complementary_filter', 'ld_library_path_lib')
[432.428s] INFO:colcon.colcon_core.shell:Creating environment hook '/home/allen/rm_ws/install/imu_complementary_filter/share/imu_complementary_filter/hook/ld_library_path_lib.ps1'
[432.430s] INFO:colcon.colcon_core.shell:Creating environment descriptor '/home/allen/rm_ws/install/imu_complementary_filter/share/imu_complementary_filter/hook/ld_library_path_lib.dsv'
[432.435s] INFO:colcon.colcon_core.shell:Creating environment hook '/home/allen/rm_ws/install/imu_complementary_filter/share/imu_complementary_filter/hook/ld_library_path_lib.sh'
[432.436s] Level 1:colcon.colcon_core.environment:checking '/home/allen/rm_ws/install/imu_complementary_filter/bin'
[432.436s] Level 1:colcon.colcon_core.environment:checking '/home/allen/rm_ws/install/imu_complementary_filter/lib/pkgconfig/imu_complementary_filter.pc'
[432.439s] Level 1:colcon.colcon_core.environment:checking '/home/allen/rm_ws/install/imu_complementary_filter/lib/python3.10/site-packages'
[432.440s] Level 1:colcon.colcon_core.environment:checking '/home/allen/rm_ws/install/imu_complementary_filter/bin'
[432.443s] INFO:colcon.colcon_core.shell:Creating package script '/home/allen/rm_ws/install/imu_complementary_filter/share/imu_complementary_filter/package.ps1'
[432.444s] INFO:colcon.colcon_core.shell:Creating package descriptor '/home/allen/rm_ws/install/imu_complementary_filter/share/imu_complementary_filter/package.dsv'
[432.447s] INFO:colcon.colcon_core.shell:Creating package script '/home/allen/rm_ws/install/imu_complementary_filter/share/imu_complementary_filter/package.sh'
[432.450s] INFO:colcon.colcon_core.shell:Creating package script '/home/allen/rm_ws/install/imu_complementary_filter/share/imu_complementary_filter/package.bash'
[432.455s] INFO:colcon.colcon_core.shell:Creating package script '/home/allen/rm_ws/install/imu_complementary_filter/share/imu_complementary_filter/package.zsh'
[432.456s] Level 1:colcon.colcon_core.environment:create_file_with_runtime_dependencies(/home/allen/rm_ws/install/imu_complementary_filter/share/colcon-core/packages/imu_complementary_filter)
[432.460s] Level 1:colcon.colcon_core.environment:create_environment_scripts_only(imu_complementary_filter)
[432.461s] Level 1:colcon.colcon_core.environment:checking '/home/allen/rm_ws/install/imu_complementary_filter' for CMake module files
[432.465s] Level 1:colcon.colcon_core.environment:checking '/home/allen/rm_ws/install/imu_complementary_filter' for CMake config files
[432.468s] Level 1:colcon.colcon_core.shell:create_environment_hook('imu_complementary_filter', 'cmake_prefix_path')
[432.469s] INFO:colcon.colcon_core.shell:Creating environment hook '/home/allen/rm_ws/install/imu_complementary_filter/share/imu_complementary_filter/hook/cmake_prefix_path.ps1'
[432.473s] INFO:colcon.colcon_core.shell:Creating environment descriptor '/home/allen/rm_ws/install/imu_complementary_filter/share/imu_complementary_filter/hook/cmake_prefix_path.dsv'
[432.474s] INFO:colcon.colcon_core.shell:Creating environment hook '/home/allen/rm_ws/install/imu_complementary_filter/share/imu_complementary_filter/hook/cmake_prefix_path.sh'
[432.478s] Level 1:colcon.colcon_core.environment:checking '/home/allen/rm_ws/install/imu_complementary_filter/lib'
[432.478s] Level 1:colcon.colcon_core.shell:create_environment_hook('imu_complementary_filter', 'ld_library_path_lib')
[432.478s] INFO:colcon.colcon_core.shell:Creating environment hook '/home/allen/rm_ws/install/imu_complementary_filter/share/imu_complementary_filter/hook/ld_library_path_lib.ps1'
[432.482s] INFO:colcon.colcon_core.shell:Creating environment descriptor '/home/allen/rm_ws/install/imu_complementary_filter/share/imu_complementary_filter/hook/ld_library_path_lib.dsv'
[432.485s] INFO:colcon.colcon_core.shell:Creating environment hook '/home/allen/rm_ws/install/imu_complementary_filter/share/imu_complementary_filter/hook/ld_library_path_lib.sh'
[432.487s] Level 1:colcon.colcon_core.environment:checking '/home/allen/rm_ws/install/imu_complementary_filter/bin'
[432.490s] Level 1:colcon.colcon_core.environment:checking '/home/allen/rm_ws/install/imu_complementary_filter/lib/pkgconfig/imu_complementary_filter.pc'
[432.490s] Level 1:colcon.colcon_core.environment:checking '/home/allen/rm_ws/install/imu_complementary_filter/lib/python3.10/site-packages'
[432.490s] Level 1:colcon.colcon_core.environment:checking '/home/allen/rm_ws/install/imu_complementary_filter/bin'
[432.491s] INFO:colcon.colcon_core.shell:Creating package script '/home/allen/rm_ws/install/imu_complementary_filter/share/imu_complementary_filter/package.ps1'
[432.494s] INFO:colcon.colcon_core.shell:Creating package descriptor '/home/allen/rm_ws/install/imu_complementary_filter/share/imu_complementary_filter/package.dsv'
[432.498s] INFO:colcon.colcon_core.shell:Creating package script '/home/allen/rm_ws/install/imu_complementary_filter/share/imu_complementary_filter/package.sh'
[432.501s] INFO:colcon.colcon_core.shell:Creating package script '/home/allen/rm_ws/install/imu_complementary_filter/share/imu_complementary_filter/package.bash'
[432.503s] INFO:colcon.colcon_core.shell:Creating package script '/home/allen/rm_ws/install/imu_complementary_filter/share/imu_complementary_filter/package.zsh'
[432.507s] Level 1:colcon.colcon_core.environment:create_file_with_runtime_dependencies(/home/allen/rm_ws/install/imu_complementary_filter/share/colcon-core/packages/imu_complementary_filter)
[432.508s] INFO:colcon.colcon_ros.task.ament_cmake.build:Building ROS package in '/home/allen/rm_ws/src/rm_perception/pointcloud_to_laserscan' with build type 'ament_cmake'
[432.509s] INFO:colcon.colcon_cmake.task.cmake.build:Building CMake package in '/home/allen/rm_ws/src/rm_perception/pointcloud_to_laserscan'
[432.509s] INFO:colcon.colcon_core.shell:Skip shell extension 'powershell' for command environment: Not usable outside of PowerShell
[432.511s] DEBUG:colcon.colcon_core.shell:Skip shell extension 'dsv' for command environment
[432.553s] DEBUG:colcon.colcon_core.event_handler.log_command:Invoking command in '/home/allen/rm_ws/build/pointcloud_to_laserscan': CMAKE_PREFIX_PATH=/home/allen/rm_ws/install/teb_local_planner:/home/allen/rm_ws/install/teb_msgs:/home/allen/rm_ws/install/ros2_livox_simulation:/home/allen/rm_ws/install/rmbot2:/home/allen/rm_ws/install/rm_navigation:/home/allen/rm_ws/install/rm_nav_bringup:/home/allen/rm_ws/install/pointcloud_to_laserscan:/home/allen/rm_ws/install/point_lio:/home/allen/rm_ws/install/icp_registration:/home/allen/rm_ws/install/fast_lio:/home/allen/rm_ws/install/livox_ros_driver2:/home/allen/rm_ws/install/linefit_ground_segmentation_ros:/home/allen/rm_ws/install/linefit_ground_segmentation:/home/allen/rm_ws/install/imu_complementary_filter:/home/allen/rm_ws/install/fake_vel_transform:/home/allen/rm_ws/install/costmap_converter:/home/allen/rm_ws/install/costmap_converter_msgs:/home/allen/Robomaster/rm_ws/install/teb_local_planner:/home/allen/Robomaster/rm_ws/install/teb_msgs:/home/allen/Robomaster/rm_ws/install/ros2_livox_simulation:/home/allen/Robomaster/rm_ws/install/rmbot2:/home/allen/Robomaster/rm_ws/install/rm_navigation:/home/allen/Robomaster/rm_ws/install/rm_nav_bringup:/home/allen/Robomaster/rm_ws/install/pointcloud_to_laserscan:/home/allen/Robomaster/rm_ws/install/point_lio:/home/allen/Robomaster/rm_ws/install/icp_registration:/home/allen/Robomaster/rm_ws/install/fast_lio:/home/allen/Robomaster/rm_ws/install/livox_ros_driver2:/home/allen/Robomaster/rm_ws/install/linefit_ground_segmentation_ros:/home/allen/Robomaster/rm_ws/install/linefit_ground_segmentation:/home/allen/Robomaster/rm_ws/install/imu_complementary_filter:/home/allen/Robomaster/rm_ws/install/fake_vel_transform:/home/allen/Robomaster/rm_ws/install/costmap_converter:/home/allen/Robomaster/rm_ws/install/costmap_converter_msgs:/home/allen/capstone/description_ws/install/ur_yt_sim:/home/allen/capstone/description_ws/install/ur10e_description:/home/allen/capstone/description_ws/install/kuka_agilus_support:/home/allen/capstone/description_ws/install/kuka_resources:/opt/ros/humble:/home/allen/capstone/description_ws/install/kuka_kr3_description /usr/bin/cmake /home/allen/rm_ws/src/rm_perception/pointcloud_to_laserscan -DAMENT_CMAKE_SYMLINK_INSTALL=1 -DCMAKE_INSTALL_PREFIX=/home/allen/rm_ws/install/pointcloud_to_laserscan
[439.403s] DEBUG:colcon.colcon_core.event_handler.log_command:Invoked command in '/home/allen/rm_ws/build/pointcloud_to_laserscan' returned '0': CMAKE_PREFIX_PATH=/home/allen/rm_ws/install/teb_local_planner:/home/allen/rm_ws/install/teb_msgs:/home/allen/rm_ws/install/ros2_livox_simulation:/home/allen/rm_ws/install/rmbot2:/home/allen/rm_ws/install/rm_navigation:/home/allen/rm_ws/install/rm_nav_bringup:/home/allen/rm_ws/install/pointcloud_to_laserscan:/home/allen/rm_ws/install/point_lio:/home/allen/rm_ws/install/icp_registration:/home/allen/rm_ws/install/fast_lio:/home/allen/rm_ws/install/livox_ros_driver2:/home/allen/rm_ws/install/linefit_ground_segmentation_ros:/home/allen/rm_ws/install/linefit_ground_segmentation:/home/allen/rm_ws/install/imu_complementary_filter:/home/allen/rm_ws/install/fake_vel_transform:/home/allen/rm_ws/install/costmap_converter:/home/allen/rm_ws/install/costmap_converter_msgs:/home/allen/Robomaster/rm_ws/install/teb_local_planner:/home/allen/Robomaster/rm_ws/install/teb_msgs:/home/allen/Robomaster/rm_ws/install/ros2_livox_simulation:/home/allen/Robomaster/rm_ws/install/rmbot2:/home/allen/Robomaster/rm_ws/install/rm_navigation:/home/allen/Robomaster/rm_ws/install/rm_nav_bringup:/home/allen/Robomaster/rm_ws/install/pointcloud_to_laserscan:/home/allen/Robomaster/rm_ws/install/point_lio:/home/allen/Robomaster/rm_ws/install/icp_registration:/home/allen/Robomaster/rm_ws/install/fast_lio:/home/allen/Robomaster/rm_ws/install/livox_ros_driver2:/home/allen/Robomaster/rm_ws/install/linefit_ground_segmentation_ros:/home/allen/Robomaster/rm_ws/install/linefit_ground_segmentation:/home/allen/Robomaster/rm_ws/install/imu_complementary_filter:/home/allen/Robomaster/rm_ws/install/fake_vel_transform:/home/allen/Robomaster/rm_ws/install/costmap_converter:/home/allen/Robomaster/rm_ws/install/costmap_converter_msgs:/home/allen/capstone/description_ws/install/ur_yt_sim:/home/allen/capstone/description_ws/install/ur10e_description:/home/allen/capstone/description_ws/install/kuka_agilus_support:/home/allen/capstone/description_ws/install/kuka_resources:/opt/ros/humble:/home/allen/capstone/description_ws/install/kuka_kr3_description /usr/bin/cmake /home/allen/rm_ws/src/rm_perception/pointcloud_to_laserscan -DAMENT_CMAKE_SYMLINK_INSTALL=1 -DCMAKE_INSTALL_PREFIX=/home/allen/rm_ws/install/pointcloud_to_laserscan
[439.408s] DEBUG:colcon.colcon_core.event_handler.log_command:Invoking command in '/home/allen/rm_ws/build/pointcloud_to_laserscan': CMAKE_PREFIX_PATH=/home/allen/rm_ws/install/teb_local_planner:/home/allen/rm_ws/install/teb_msgs:/home/allen/rm_ws/install/ros2_livox_simulation:/home/allen/rm_ws/install/rmbot2:/home/allen/rm_ws/install/rm_navigation:/home/allen/rm_ws/install/rm_nav_bringup:/home/allen/rm_ws/install/pointcloud_to_laserscan:/home/allen/rm_ws/install/point_lio:/home/allen/rm_ws/install/icp_registration:/home/allen/rm_ws/install/fast_lio:/home/allen/rm_ws/install/livox_ros_driver2:/home/allen/rm_ws/install/linefit_ground_segmentation_ros:/home/allen/rm_ws/install/linefit_ground_segmentation:/home/allen/rm_ws/install/imu_complementary_filter:/home/allen/rm_ws/install/fake_vel_transform:/home/allen/rm_ws/install/costmap_converter:/home/allen/rm_ws/install/costmap_converter_msgs:/home/allen/Robomaster/rm_ws/install/teb_local_planner:/home/allen/Robomaster/rm_ws/install/teb_msgs:/home/allen/Robomaster/rm_ws/install/ros2_livox_simulation:/home/allen/Robomaster/rm_ws/install/rmbot2:/home/allen/Robomaster/rm_ws/install/rm_navigation:/home/allen/Robomaster/rm_ws/install/rm_nav_bringup:/home/allen/Robomaster/rm_ws/install/pointcloud_to_laserscan:/home/allen/Robomaster/rm_ws/install/point_lio:/home/allen/Robomaster/rm_ws/install/icp_registration:/home/allen/Robomaster/rm_ws/install/fast_lio:/home/allen/Robomaster/rm_ws/install/livox_ros_driver2:/home/allen/Robomaster/rm_ws/install/linefit_ground_segmentation_ros:/home/allen/Robomaster/rm_ws/install/linefit_ground_segmentation:/home/allen/Robomaster/rm_ws/install/imu_complementary_filter:/home/allen/Robomaster/rm_ws/install/fake_vel_transform:/home/allen/Robomaster/rm_ws/install/costmap_converter:/home/allen/Robomaster/rm_ws/install/costmap_converter_msgs:/home/allen/capstone/description_ws/install/ur_yt_sim:/home/allen/capstone/description_ws/install/ur10e_description:/home/allen/capstone/description_ws/install/kuka_agilus_support:/home/allen/capstone/description_ws/install/kuka_resources:/opt/ros/humble:/home/allen/capstone/description_ws/install/kuka_kr3_description /usr/bin/cmake --build /home/allen/rm_ws/build/pointcloud_to_laserscan -- -j2 -l2
[481.419s] DEBUG:colcon.colcon_core.event_handler.log_command:Invoked command in '/home/allen/rm_ws/build/costmap_converter' returned '0': CMAKE_PREFIX_PATH=/home/allen/rm_ws/install/costmap_converter_msgs:/home/allen/rm_ws/install/teb_local_planner:/home/allen/rm_ws/install/teb_msgs:/home/allen/rm_ws/install/ros2_livox_simulation:/home/allen/rm_ws/install/rmbot2:/home/allen/rm_ws/install/rm_navigation:/home/allen/rm_ws/install/rm_nav_bringup:/home/allen/rm_ws/install/pointcloud_to_laserscan:/home/allen/rm_ws/install/point_lio:/home/allen/rm_ws/install/icp_registration:/home/allen/rm_ws/install/fast_lio:/home/allen/rm_ws/install/livox_ros_driver2:/home/allen/rm_ws/install/linefit_ground_segmentation_ros:/home/allen/rm_ws/install/linefit_ground_segmentation:/home/allen/rm_ws/install/imu_complementary_filter:/home/allen/rm_ws/install/fake_vel_transform:/home/allen/rm_ws/install/costmap_converter:/home/allen/Robomaster/rm_ws/install/teb_local_planner:/home/allen/Robomaster/rm_ws/install/teb_msgs:/home/allen/Robomaster/rm_ws/install/ros2_livox_simulation:/home/allen/Robomaster/rm_ws/install/rmbot2:/home/allen/Robomaster/rm_ws/install/rm_navigation:/home/allen/Robomaster/rm_ws/install/rm_nav_bringup:/home/allen/Robomaster/rm_ws/install/pointcloud_to_laserscan:/home/allen/Robomaster/rm_ws/install/point_lio:/home/allen/Robomaster/rm_ws/install/icp_registration:/home/allen/Robomaster/rm_ws/install/fast_lio:/home/allen/Robomaster/rm_ws/install/livox_ros_driver2:/home/allen/Robomaster/rm_ws/install/linefit_ground_segmentation_ros:/home/allen/Robomaster/rm_ws/install/linefit_ground_segmentation:/home/allen/Robomaster/rm_ws/install/imu_complementary_filter:/home/allen/Robomaster/rm_ws/install/fake_vel_transform:/home/allen/Robomaster/rm_ws/install/costmap_converter:/home/allen/Robomaster/rm_ws/install/costmap_converter_msgs:/home/allen/capstone/description_ws/install/ur_yt_sim:/home/allen/capstone/description_ws/install/ur10e_description:/home/allen/capstone/description_ws/install/kuka_agilus_support:/home/allen/capstone/description_ws/install/kuka_resources:/opt/ros/humble:/home/allen/capstone/description_ws/install/kuka_kr3_description LD_LIBRARY_PATH=/home/allen/rm_ws/install/costmap_converter_msgs/lib:/home/allen/rm_ws/install/teb_local_planner/lib:/home/allen/rm_ws/install/teb_msgs/lib:/home/allen/rm_ws/install/ros2_livox_simulation/lib:/home/allen/rm_ws/install/pointcloud_to_laserscan/lib:/home/allen/rm_ws/install/icp_registration/lib:/home/allen/rm_ws/install/fast_lio/lib:/home/allen/rm_ws/install/livox_ros_driver2/lib:/home/allen/rm_ws/install/linefit_ground_segmentation/lib:/home/allen/rm_ws/install/imu_complementary_filter/lib:/home/allen/rm_ws/install/fake_vel_transform/lib:/home/allen/rm_ws/install/costmap_converter/lib:/home/allen/Robomaster/rm_ws/install/teb_local_planner/lib:/home/allen/Robomaster/rm_ws/install/teb_msgs/lib:/home/allen/Robomaster/rm_ws/install/ros2_livox_simulation/lib:/home/allen/Robomaster/rm_ws/install/pointcloud_to_laserscan/lib:/home/allen/Robomaster/rm_ws/install/icp_registration/lib:/home/allen/Robomaster/rm_ws/install/fast_lio/lib:/home/allen/Robomaster/rm_ws/install/livox_ros_driver2/lib:/home/allen/Robomaster/rm_ws/install/linefit_ground_segmentation/lib:/home/allen/Robomaster/rm_ws/install/imu_complementary_filter/lib:/home/allen/Robomaster/rm_ws/install/fake_vel_transform/lib:/home/allen/Robomaster/rm_ws/install/costmap_converter/lib:/home/allen/Robomaster/rm_ws/install/costmap_converter_msgs/lib:/usr/lib/x86_64-linux-gnu/gazebo-11/plugins:/opt/ros/humble/opt/rviz_ogre_vendor/lib:/opt/ros/humble/lib/x86_64-linux-gnu:/opt/ros/humble/opt/openvdb_vendor/lib:/opt/ros/humble/lib:/usr/local/lib:/usr/local/lib:/usr/local/lib:/usr/local/lib /usr/bin/cmake --build /home/allen/rm_ws/build/costmap_converter -- -j2 -l2
[481.424s] DEBUG:colcon.colcon_core.event_handler.log_command:Invoking command in '/home/allen/rm_ws/build/costmap_converter': CMAKE_PREFIX_PATH=/home/allen/rm_ws/install/costmap_converter_msgs:/home/allen/rm_ws/install/teb_local_planner:/home/allen/rm_ws/install/teb_msgs:/home/allen/rm_ws/install/ros2_livox_simulation:/home/allen/rm_ws/install/rmbot2:/home/allen/rm_ws/install/rm_navigation:/home/allen/rm_ws/install/rm_nav_bringup:/home/allen/rm_ws/install/pointcloud_to_laserscan:/home/allen/rm_ws/install/point_lio:/home/allen/rm_ws/install/icp_registration:/home/allen/rm_ws/install/fast_lio:/home/allen/rm_ws/install/livox_ros_driver2:/home/allen/rm_ws/install/linefit_ground_segmentation_ros:/home/allen/rm_ws/install/linefit_ground_segmentation:/home/allen/rm_ws/install/imu_complementary_filter:/home/allen/rm_ws/install/fake_vel_transform:/home/allen/rm_ws/install/costmap_converter:/home/allen/Robomaster/rm_ws/install/teb_local_planner:/home/allen/Robomaster/rm_ws/install/teb_msgs:/home/allen/Robomaster/rm_ws/install/ros2_livox_simulation:/home/allen/Robomaster/rm_ws/install/rmbot2:/home/allen/Robomaster/rm_ws/install/rm_navigation:/home/allen/Robomaster/rm_ws/install/rm_nav_bringup:/home/allen/Robomaster/rm_ws/install/pointcloud_to_laserscan:/home/allen/Robomaster/rm_ws/install/point_lio:/home/allen/Robomaster/rm_ws/install/icp_registration:/home/allen/Robomaster/rm_ws/install/fast_lio:/home/allen/Robomaster/rm_ws/install/livox_ros_driver2:/home/allen/Robomaster/rm_ws/install/linefit_ground_segmentation_ros:/home/allen/Robomaster/rm_ws/install/linefit_ground_segmentation:/home/allen/Robomaster/rm_ws/install/imu_complementary_filter:/home/allen/Robomaster/rm_ws/install/fake_vel_transform:/home/allen/Robomaster/rm_ws/install/costmap_converter:/home/allen/Robomaster/rm_ws/install/costmap_converter_msgs:/home/allen/capstone/description_ws/install/ur_yt_sim:/home/allen/capstone/description_ws/install/ur10e_description:/home/allen/capstone/description_ws/install/kuka_agilus_support:/home/allen/capstone/description_ws/install/kuka_resources:/opt/ros/humble:/home/allen/capstone/description_ws/install/kuka_kr3_description LD_LIBRARY_PATH=/home/allen/rm_ws/install/costmap_converter_msgs/lib:/home/allen/rm_ws/install/teb_local_planner/lib:/home/allen/rm_ws/install/teb_msgs/lib:/home/allen/rm_ws/install/ros2_livox_simulation/lib:/home/allen/rm_ws/install/pointcloud_to_laserscan/lib:/home/allen/rm_ws/install/icp_registration/lib:/home/allen/rm_ws/install/fast_lio/lib:/home/allen/rm_ws/install/livox_ros_driver2/lib:/home/allen/rm_ws/install/linefit_ground_segmentation/lib:/home/allen/rm_ws/install/imu_complementary_filter/lib:/home/allen/rm_ws/install/fake_vel_transform/lib:/home/allen/rm_ws/install/costmap_converter/lib:/home/allen/Robomaster/rm_ws/install/teb_local_planner/lib:/home/allen/Robomaster/rm_ws/install/teb_msgs/lib:/home/allen/Robomaster/rm_ws/install/ros2_livox_simulation/lib:/home/allen/Robomaster/rm_ws/install/pointcloud_to_laserscan/lib:/home/allen/Robomaster/rm_ws/install/icp_registration/lib:/home/allen/Robomaster/rm_ws/install/fast_lio/lib:/home/allen/Robomaster/rm_ws/install/livox_ros_driver2/lib:/home/allen/Robomaster/rm_ws/install/linefit_ground_segmentation/lib:/home/allen/Robomaster/rm_ws/install/imu_complementary_filter/lib:/home/allen/Robomaster/rm_ws/install/fake_vel_transform/lib:/home/allen/Robomaster/rm_ws/install/costmap_converter/lib:/home/allen/Robomaster/rm_ws/install/costmap_converter_msgs/lib:/usr/lib/x86_64-linux-gnu/gazebo-11/plugins:/opt/ros/humble/opt/rviz_ogre_vendor/lib:/opt/ros/humble/lib/x86_64-linux-gnu:/opt/ros/humble/opt/openvdb_vendor/lib:/opt/ros/humble/lib:/usr/local/lib:/usr/local/lib:/usr/local/lib:/usr/local/lib /usr/bin/cmake --install /home/allen/rm_ws/build/costmap_converter
[483.121s] Level 1:colcon.colcon_core.environment:create_environment_scripts_only(costmap_converter)
[483.122s] Level 1:colcon.colcon_core.environment:checking '/home/allen/rm_ws/install/costmap_converter' for CMake module files
[483.124s] DEBUG:colcon.colcon_core.event_handler.log_command:Invoked command in '/home/allen/rm_ws/build/costmap_converter' returned '0': CMAKE_PREFIX_PATH=/home/allen/rm_ws/install/costmap_converter_msgs:/home/allen/rm_ws/install/teb_local_planner:/home/allen/rm_ws/install/teb_msgs:/home/allen/rm_ws/install/ros2_livox_simulation:/home/allen/rm_ws/install/rmbot2:/home/allen/rm_ws/install/rm_navigation:/home/allen/rm_ws/install/rm_nav_bringup:/home/allen/rm_ws/install/pointcloud_to_laserscan:/home/allen/rm_ws/install/point_lio:/home/allen/rm_ws/install/icp_registration:/home/allen/rm_ws/install/fast_lio:/home/allen/rm_ws/install/livox_ros_driver2:/home/allen/rm_ws/install/linefit_ground_segmentation_ros:/home/allen/rm_ws/install/linefit_ground_segmentation:/home/allen/rm_ws/install/imu_complementary_filter:/home/allen/rm_ws/install/fake_vel_transform:/home/allen/rm_ws/install/costmap_converter:/home/allen/Robomaster/rm_ws/install/teb_local_planner:/home/allen/Robomaster/rm_ws/install/teb_msgs:/home/allen/Robomaster/rm_ws/install/ros2_livox_simulation:/home/allen/Robomaster/rm_ws/install/rmbot2:/home/allen/Robomaster/rm_ws/install/rm_navigation:/home/allen/Robomaster/rm_ws/install/rm_nav_bringup:/home/allen/Robomaster/rm_ws/install/pointcloud_to_laserscan:/home/allen/Robomaster/rm_ws/install/point_lio:/home/allen/Robomaster/rm_ws/install/icp_registration:/home/allen/Robomaster/rm_ws/install/fast_lio:/home/allen/Robomaster/rm_ws/install/livox_ros_driver2:/home/allen/Robomaster/rm_ws/install/linefit_ground_segmentation_ros:/home/allen/Robomaster/rm_ws/install/linefit_ground_segmentation:/home/allen/Robomaster/rm_ws/install/imu_complementary_filter:/home/allen/Robomaster/rm_ws/install/fake_vel_transform:/home/allen/Robomaster/rm_ws/install/costmap_converter:/home/allen/Robomaster/rm_ws/install/costmap_converter_msgs:/home/allen/capstone/description_ws/install/ur_yt_sim:/home/allen/capstone/description_ws/install/ur10e_description:/home/allen/capstone/description_ws/install/kuka_agilus_support:/home/allen/capstone/description_ws/install/kuka_resources:/opt/ros/humble:/home/allen/capstone/description_ws/install/kuka_kr3_description LD_LIBRARY_PATH=/home/allen/rm_ws/install/costmap_converter_msgs/lib:/home/allen/rm_ws/install/teb_local_planner/lib:/home/allen/rm_ws/install/teb_msgs/lib:/home/allen/rm_ws/install/ros2_livox_simulation/lib:/home/allen/rm_ws/install/pointcloud_to_laserscan/lib:/home/allen/rm_ws/install/icp_registration/lib:/home/allen/rm_ws/install/fast_lio/lib:/home/allen/rm_ws/install/livox_ros_driver2/lib:/home/allen/rm_ws/install/linefit_ground_segmentation/lib:/home/allen/rm_ws/install/imu_complementary_filter/lib:/home/allen/rm_ws/install/fake_vel_transform/lib:/home/allen/rm_ws/install/costmap_converter/lib:/home/allen/Robomaster/rm_ws/install/teb_local_planner/lib:/home/allen/Robomaster/rm_ws/install/teb_msgs/lib:/home/allen/Robomaster/rm_ws/install/ros2_livox_simulation/lib:/home/allen/Robomaster/rm_ws/install/pointcloud_to_laserscan/lib:/home/allen/Robomaster/rm_ws/install/icp_registration/lib:/home/allen/Robomaster/rm_ws/install/fast_lio/lib:/home/allen/Robomaster/rm_ws/install/livox_ros_driver2/lib:/home/allen/Robomaster/rm_ws/install/linefit_ground_segmentation/lib:/home/allen/Robomaster/rm_ws/install/imu_complementary_filter/lib:/home/allen/Robomaster/rm_ws/install/fake_vel_transform/lib:/home/allen/Robomaster/rm_ws/install/costmap_converter/lib:/home/allen/Robomaster/rm_ws/install/costmap_converter_msgs/lib:/usr/lib/x86_64-linux-gnu/gazebo-11/plugins:/opt/ros/humble/opt/rviz_ogre_vendor/lib:/opt/ros/humble/lib/x86_64-linux-gnu:/opt/ros/humble/opt/openvdb_vendor/lib:/opt/ros/humble/lib:/usr/local/lib:/usr/local/lib:/usr/local/lib:/usr/local/lib /usr/bin/cmake --install /home/allen/rm_ws/build/costmap_converter
[483.129s] Level 1:colcon.colcon_core.environment:checking '/home/allen/rm_ws/install/costmap_converter' for CMake config files
[483.130s] Level 1:colcon.colcon_core.shell:create_environment_hook('costmap_converter', 'cmake_prefix_path')
[483.133s] INFO:colcon.colcon_core.shell:Creating environment hook '/home/allen/rm_ws/install/costmap_converter/share/costmap_converter/hook/cmake_prefix_path.ps1'
[483.134s] INFO:colcon.colcon_core.shell:Creating environment descriptor '/home/allen/rm_ws/install/costmap_converter/share/costmap_converter/hook/cmake_prefix_path.dsv'
[483.137s] INFO:colcon.colcon_core.shell:Creating environment hook '/home/allen/rm_ws/install/costmap_converter/share/costmap_converter/hook/cmake_prefix_path.sh'
[483.142s] Level 1:colcon.colcon_core.environment:checking '/home/allen/rm_ws/install/costmap_converter/lib'
[483.142s] Level 1:colcon.colcon_core.shell:create_environment_hook('costmap_converter', 'ld_library_path_lib')
[483.143s] INFO:colcon.colcon_core.shell:Creating environment hook '/home/allen/rm_ws/install/costmap_converter/share/costmap_converter/hook/ld_library_path_lib.ps1'
[483.146s] INFO:colcon.colcon_core.shell:Creating environment descriptor '/home/allen/rm_ws/install/costmap_converter/share/costmap_converter/hook/ld_library_path_lib.dsv'
[483.147s] INFO:colcon.colcon_core.shell:Creating environment hook '/home/allen/rm_ws/install/costmap_converter/share/costmap_converter/hook/ld_library_path_lib.sh'
[483.151s] Level 1:colcon.colcon_core.environment:checking '/home/allen/rm_ws/install/costmap_converter/bin'
[483.151s] Level 1:colcon.colcon_core.shell:create_environment_hook('costmap_converter', 'path')
[483.152s] INFO:colcon.colcon_core.shell:Creating environment hook '/home/allen/rm_ws/install/costmap_converter/share/costmap_converter/hook/path.ps1'
[483.156s] INFO:colcon.colcon_core.shell:Creating environment descriptor '/home/allen/rm_ws/install/costmap_converter/share/costmap_converter/hook/path.dsv'
[483.157s] INFO:colcon.colcon_core.shell:Creating environment hook '/home/allen/rm_ws/install/costmap_converter/share/costmap_converter/hook/path.sh'
[483.157s] Level 1:colcon.colcon_core.environment:checking '/home/allen/rm_ws/install/costmap_converter/lib/pkgconfig/costmap_converter.pc'
[483.159s] Level 1:colcon.colcon_core.environment:checking '/home/allen/rm_ws/install/costmap_converter/lib/python3.10/site-packages'
[483.160s] Level 1:colcon.colcon_core.environment:checking '/home/allen/rm_ws/install/costmap_converter/bin'
[483.163s] Level 1:colcon.colcon_core.shell:create_environment_hook('costmap_converter', 'pythonscriptspath')
[483.163s] INFO:colcon.colcon_core.shell:Creating environment hook '/home/allen/rm_ws/install/costmap_converter/share/costmap_converter/hook/pythonscriptspath.ps1'
[483.164s] INFO:colcon.colcon_core.shell:Creating environment descriptor '/home/allen/rm_ws/install/costmap_converter/share/costmap_converter/hook/pythonscriptspath.dsv'
[483.166s] INFO:colcon.colcon_core.shell:Creating environment hook '/home/allen/rm_ws/install/costmap_converter/share/costmap_converter/hook/pythonscriptspath.sh'
[483.168s] INFO:colcon.colcon_core.shell:Creating package script '/home/allen/rm_ws/install/costmap_converter/share/costmap_converter/package.ps1'
[483.171s] INFO:colcon.colcon_core.shell:Creating package descriptor '/home/allen/rm_ws/install/costmap_converter/share/costmap_converter/package.dsv'
[483.172s] INFO:colcon.colcon_core.shell:Creating package script '/home/allen/rm_ws/install/costmap_converter/share/costmap_converter/package.sh'
[483.177s] INFO:colcon.colcon_core.shell:Creating package script '/home/allen/rm_ws/install/costmap_converter/share/costmap_converter/package.bash'
[483.181s] INFO:colcon.colcon_core.shell:Creating package script '/home/allen/rm_ws/install/costmap_converter/share/costmap_converter/package.zsh'
[483.185s] Level 1:colcon.colcon_core.environment:create_file_with_runtime_dependencies(/home/allen/rm_ws/install/costmap_converter/share/colcon-core/packages/costmap_converter)
[483.186s] Level 1:colcon.colcon_core.environment:create_environment_scripts_only(costmap_converter)
[483.189s] Level 1:colcon.colcon_core.environment:checking '/home/allen/rm_ws/install/costmap_converter' for CMake module files
[483.190s] Level 1:colcon.colcon_core.environment:checking '/home/allen/rm_ws/install/costmap_converter' for CMake config files
[483.194s] Level 1:colcon.colcon_core.shell:create_environment_hook('costmap_converter', 'cmake_prefix_path')
[483.195s] INFO:colcon.colcon_core.shell:Creating environment hook '/home/allen/rm_ws/install/costmap_converter/share/costmap_converter/hook/cmake_prefix_path.ps1'
[483.202s] INFO:colcon.colcon_core.shell:Creating environment descriptor '/home/allen/rm_ws/install/costmap_converter/share/costmap_converter/hook/cmake_prefix_path.dsv'
[483.203s] INFO:colcon.colcon_core.shell:Creating environment hook '/home/allen/rm_ws/install/costmap_converter/share/costmap_converter/hook/cmake_prefix_path.sh'
[483.204s] Level 1:colcon.colcon_core.environment:checking '/home/allen/rm_ws/install/costmap_converter/lib'
[483.204s] Level 1:colcon.colcon_core.shell:create_environment_hook('costmap_converter', 'ld_library_path_lib')
[483.207s] INFO:colcon.colcon_core.shell:Creating environment hook '/home/allen/rm_ws/install/costmap_converter/share/costmap_converter/hook/ld_library_path_lib.ps1'
[483.211s] INFO:colcon.colcon_core.shell:Creating environment descriptor '/home/allen/rm_ws/install/costmap_converter/share/costmap_converter/hook/ld_library_path_lib.dsv'
[483.215s] INFO:colcon.colcon_core.shell:Creating environment hook '/home/allen/rm_ws/install/costmap_converter/share/costmap_converter/hook/ld_library_path_lib.sh'
[483.216s] Level 1:colcon.colcon_core.environment:checking '/home/allen/rm_ws/install/costmap_converter/bin'
[483.219s] Level 1:colcon.colcon_core.shell:create_environment_hook('costmap_converter', 'path')
[483.219s] INFO:colcon.colcon_core.shell:Creating environment hook '/home/allen/rm_ws/install/costmap_converter/share/costmap_converter/hook/path.ps1'
[483.223s] INFO:colcon.colcon_core.shell:Creating environment descriptor '/home/allen/rm_ws/install/costmap_converter/share/costmap_converter/hook/path.dsv'
[483.227s] INFO:colcon.colcon_core.shell:Creating environment hook '/home/allen/rm_ws/install/costmap_converter/share/costmap_converter/hook/path.sh'
[483.229s] Level 1:colcon.colcon_core.environment:checking '/home/allen/rm_ws/install/costmap_converter/lib/pkgconfig/costmap_converter.pc'
[483.232s] Level 1:colcon.colcon_core.environment:checking '/home/allen/rm_ws/install/costmap_converter/lib/python3.10/site-packages'
[483.232s] Level 1:colcon.colcon_core.environment:checking '/home/allen/rm_ws/install/costmap_converter/bin'
[483.232s] Level 1:colcon.colcon_core.shell:create_environment_hook('costmap_converter', 'pythonscriptspath')
[483.233s] INFO:colcon.colcon_core.shell:Creating environment hook '/home/allen/rm_ws/install/costmap_converter/share/costmap_converter/hook/pythonscriptspath.ps1'
[483.234s] INFO:colcon.colcon_core.shell:Creating environment descriptor '/home/allen/rm_ws/install/costmap_converter/share/costmap_converter/hook/pythonscriptspath.dsv'
[483.235s] INFO:colcon.colcon_core.shell:Creating environment hook '/home/allen/rm_ws/install/costmap_converter/share/costmap_converter/hook/pythonscriptspath.sh'
[483.239s] INFO:colcon.colcon_core.shell:Creating package script '/home/allen/rm_ws/install/costmap_converter/share/costmap_converter/package.ps1'
[483.243s] INFO:colcon.colcon_core.shell:Creating package descriptor '/home/allen/rm_ws/install/costmap_converter/share/costmap_converter/package.dsv'
[483.245s] INFO:colcon.colcon_core.shell:Creating package script '/home/allen/rm_ws/install/costmap_converter/share/costmap_converter/package.sh'
[483.246s] INFO:colcon.colcon_core.shell:Creating package script '/home/allen/rm_ws/install/costmap_converter/share/costmap_converter/package.bash'
[483.250s] INFO:colcon.colcon_core.shell:Creating package script '/home/allen/rm_ws/install/costmap_converter/share/costmap_converter/package.zsh'
[483.251s] Level 1:colcon.colcon_core.environment:create_file_with_runtime_dependencies(/home/allen/rm_ws/install/costmap_converter/share/colcon-core/packages/costmap_converter)
[483.252s] INFO:colcon.colcon_ros.task.ament_cmake.build:Building ROS package in '/home/allen/rm_ws/src/rm_nav_bringup' with build type 'ament_cmake'
[483.252s] INFO:colcon.colcon_cmake.task.cmake.build:Building CMake package in '/home/allen/rm_ws/src/rm_nav_bringup'
[483.255s] INFO:colcon.colcon_core.shell:Skip shell extension 'powershell' for command environment: Not usable outside of PowerShell
[483.255s] DEBUG:colcon.colcon_core.shell:Skip shell extension 'dsv' for command environment
[483.325s] DEBUG:colcon.colcon_core.event_handler.log_command:Invoking command in '/home/allen/rm_ws/build/rm_nav_bringup': CMAKE_PREFIX_PATH=/home/allen/rm_ws/install/teb_local_planner:/home/allen/rm_ws/install/teb_msgs:/home/allen/rm_ws/install/ros2_livox_simulation:/home/allen/rm_ws/install/rmbot2:/home/allen/rm_ws/install/rm_navigation:/home/allen/rm_ws/install/rm_nav_bringup:/home/allen/rm_ws/install/pointcloud_to_laserscan:/home/allen/rm_ws/install/point_lio:/home/allen/rm_ws/install/icp_registration:/home/allen/rm_ws/install/fast_lio:/home/allen/rm_ws/install/livox_ros_driver2:/home/allen/rm_ws/install/linefit_ground_segmentation_ros:/home/allen/rm_ws/install/linefit_ground_segmentation:/home/allen/rm_ws/install/imu_complementary_filter:/home/allen/rm_ws/install/fake_vel_transform:/home/allen/rm_ws/install/costmap_converter:/home/allen/rm_ws/install/costmap_converter_msgs:/home/allen/Robomaster/rm_ws/install/teb_local_planner:/home/allen/Robomaster/rm_ws/install/teb_msgs:/home/allen/Robomaster/rm_ws/install/ros2_livox_simulation:/home/allen/Robomaster/rm_ws/install/rmbot2:/home/allen/Robomaster/rm_ws/install/rm_navigation:/home/allen/Robomaster/rm_ws/install/rm_nav_bringup:/home/allen/Robomaster/rm_ws/install/pointcloud_to_laserscan:/home/allen/Robomaster/rm_ws/install/point_lio:/home/allen/Robomaster/rm_ws/install/icp_registration:/home/allen/Robomaster/rm_ws/install/fast_lio:/home/allen/Robomaster/rm_ws/install/livox_ros_driver2:/home/allen/Robomaster/rm_ws/install/linefit_ground_segmentation_ros:/home/allen/Robomaster/rm_ws/install/linefit_ground_segmentation:/home/allen/Robomaster/rm_ws/install/imu_complementary_filter:/home/allen/Robomaster/rm_ws/install/fake_vel_transform:/home/allen/Robomaster/rm_ws/install/costmap_converter:/home/allen/Robomaster/rm_ws/install/costmap_converter_msgs:/home/allen/capstone/description_ws/install/ur_yt_sim:/home/allen/capstone/description_ws/install/ur10e_description:/home/allen/capstone/description_ws/install/kuka_agilus_support:/home/allen/capstone/description_ws/install/kuka_resources:/opt/ros/humble:/home/allen/capstone/description_ws/install/kuka_kr3_description /usr/bin/cmake /home/allen/rm_ws/src/rm_nav_bringup -DAMENT_CMAKE_SYMLINK_INSTALL=1 -DCMAKE_INSTALL_PREFIX=/home/allen/rm_ws/install/rm_nav_bringup
[486.207s] DEBUG:colcon.colcon_core.event_handler.log_command:Invoked command in '/home/allen/rm_ws/build/rm_nav_bringup' returned '0': CMAKE_PREFIX_PATH=/home/allen/rm_ws/install/teb_local_planner:/home/allen/rm_ws/install/teb_msgs:/home/allen/rm_ws/install/ros2_livox_simulation:/home/allen/rm_ws/install/rmbot2:/home/allen/rm_ws/install/rm_navigation:/home/allen/rm_ws/install/rm_nav_bringup:/home/allen/rm_ws/install/pointcloud_to_laserscan:/home/allen/rm_ws/install/point_lio:/home/allen/rm_ws/install/icp_registration:/home/allen/rm_ws/install/fast_lio:/home/allen/rm_ws/install/livox_ros_driver2:/home/allen/rm_ws/install/linefit_ground_segmentation_ros:/home/allen/rm_ws/install/linefit_ground_segmentation:/home/allen/rm_ws/install/imu_complementary_filter:/home/allen/rm_ws/install/fake_vel_transform:/home/allen/rm_ws/install/costmap_converter:/home/allen/rm_ws/install/costmap_converter_msgs:/home/allen/Robomaster/rm_ws/install/teb_local_planner:/home/allen/Robomaster/rm_ws/install/teb_msgs:/home/allen/Robomaster/rm_ws/install/ros2_livox_simulation:/home/allen/Robomaster/rm_ws/install/rmbot2:/home/allen/Robomaster/rm_ws/install/rm_navigation:/home/allen/Robomaster/rm_ws/install/rm_nav_bringup:/home/allen/Robomaster/rm_ws/install/pointcloud_to_laserscan:/home/allen/Robomaster/rm_ws/install/point_lio:/home/allen/Robomaster/rm_ws/install/icp_registration:/home/allen/Robomaster/rm_ws/install/fast_lio:/home/allen/Robomaster/rm_ws/install/livox_ros_driver2:/home/allen/Robomaster/rm_ws/install/linefit_ground_segmentation_ros:/home/allen/Robomaster/rm_ws/install/linefit_ground_segmentation:/home/allen/Robomaster/rm_ws/install/imu_complementary_filter:/home/allen/Robomaster/rm_ws/install/fake_vel_transform:/home/allen/Robomaster/rm_ws/install/costmap_converter:/home/allen/Robomaster/rm_ws/install/costmap_converter_msgs:/home/allen/capstone/description_ws/install/ur_yt_sim:/home/allen/capstone/description_ws/install/ur10e_description:/home/allen/capstone/description_ws/install/kuka_agilus_support:/home/allen/capstone/description_ws/install/kuka_resources:/opt/ros/humble:/home/allen/capstone/description_ws/install/kuka_kr3_description /usr/bin/cmake /home/allen/rm_ws/src/rm_nav_bringup -DAMENT_CMAKE_SYMLINK_INSTALL=1 -DCMAKE_INSTALL_PREFIX=/home/allen/rm_ws/install/rm_nav_bringup
[486.218s] DEBUG:colcon.colcon_core.event_handler.log_command:Invoking command in '/home/allen/rm_ws/build/rm_nav_bringup': CMAKE_PREFIX_PATH=/home/allen/rm_ws/install/teb_local_planner:/home/allen/rm_ws/install/teb_msgs:/home/allen/rm_ws/install/ros2_livox_simulation:/home/allen/rm_ws/install/rmbot2:/home/allen/rm_ws/install/rm_navigation:/home/allen/rm_ws/install/rm_nav_bringup:/home/allen/rm_ws/install/pointcloud_to_laserscan:/home/allen/rm_ws/install/point_lio:/home/allen/rm_ws/install/icp_registration:/home/allen/rm_ws/install/fast_lio:/home/allen/rm_ws/install/livox_ros_driver2:/home/allen/rm_ws/install/linefit_ground_segmentation_ros:/home/allen/rm_ws/install/linefit_ground_segmentation:/home/allen/rm_ws/install/imu_complementary_filter:/home/allen/rm_ws/install/fake_vel_transform:/home/allen/rm_ws/install/costmap_converter:/home/allen/rm_ws/install/costmap_converter_msgs:/home/allen/Robomaster/rm_ws/install/teb_local_planner:/home/allen/Robomaster/rm_ws/install/teb_msgs:/home/allen/Robomaster/rm_ws/install/ros2_livox_simulation:/home/allen/Robomaster/rm_ws/install/rmbot2:/home/allen/Robomaster/rm_ws/install/rm_navigation:/home/allen/Robomaster/rm_ws/install/rm_nav_bringup:/home/allen/Robomaster/rm_ws/install/pointcloud_to_laserscan:/home/allen/Robomaster/rm_ws/install/point_lio:/home/allen/Robomaster/rm_ws/install/icp_registration:/home/allen/Robomaster/rm_ws/install/fast_lio:/home/allen/Robomaster/rm_ws/install/livox_ros_driver2:/home/allen/Robomaster/rm_ws/install/linefit_ground_segmentation_ros:/home/allen/Robomaster/rm_ws/install/linefit_ground_segmentation:/home/allen/Robomaster/rm_ws/install/imu_complementary_filter:/home/allen/Robomaster/rm_ws/install/fake_vel_transform:/home/allen/Robomaster/rm_ws/install/costmap_converter:/home/allen/Robomaster/rm_ws/install/costmap_converter_msgs:/home/allen/capstone/description_ws/install/ur_yt_sim:/home/allen/capstone/description_ws/install/ur10e_description:/home/allen/capstone/description_ws/install/kuka_agilus_support:/home/allen/capstone/description_ws/install/kuka_resources:/opt/ros/humble:/home/allen/capstone/description_ws/install/kuka_kr3_description /usr/bin/cmake --build /home/allen/rm_ws/build/rm_nav_bringup -- -j2 -l2
[486.495s] DEBUG:colcon.colcon_core.event_handler.log_command:Invoked command in '/home/allen/rm_ws/build/rm_nav_bringup' returned '0': CMAKE_PREFIX_PATH=/home/allen/rm_ws/install/teb_local_planner:/home/allen/rm_ws/install/teb_msgs:/home/allen/rm_ws/install/ros2_livox_simulation:/home/allen/rm_ws/install/rmbot2:/home/allen/rm_ws/install/rm_navigation:/home/allen/rm_ws/install/rm_nav_bringup:/home/allen/rm_ws/install/pointcloud_to_laserscan:/home/allen/rm_ws/install/point_lio:/home/allen/rm_ws/install/icp_registration:/home/allen/rm_ws/install/fast_lio:/home/allen/rm_ws/install/livox_ros_driver2:/home/allen/rm_ws/install/linefit_ground_segmentation_ros:/home/allen/rm_ws/install/linefit_ground_segmentation:/home/allen/rm_ws/install/imu_complementary_filter:/home/allen/rm_ws/install/fake_vel_transform:/home/allen/rm_ws/install/costmap_converter:/home/allen/rm_ws/install/costmap_converter_msgs:/home/allen/Robomaster/rm_ws/install/teb_local_planner:/home/allen/Robomaster/rm_ws/install/teb_msgs:/home/allen/Robomaster/rm_ws/install/ros2_livox_simulation:/home/allen/Robomaster/rm_ws/install/rmbot2:/home/allen/Robomaster/rm_ws/install/rm_navigation:/home/allen/Robomaster/rm_ws/install/rm_nav_bringup:/home/allen/Robomaster/rm_ws/install/pointcloud_to_laserscan:/home/allen/Robomaster/rm_ws/install/point_lio:/home/allen/Robomaster/rm_ws/install/icp_registration:/home/allen/Robomaster/rm_ws/install/fast_lio:/home/allen/Robomaster/rm_ws/install/livox_ros_driver2:/home/allen/Robomaster/rm_ws/install/linefit_ground_segmentation_ros:/home/allen/Robomaster/rm_ws/install/linefit_ground_segmentation:/home/allen/Robomaster/rm_ws/install/imu_complementary_filter:/home/allen/Robomaster/rm_ws/install/fake_vel_transform:/home/allen/Robomaster/rm_ws/install/costmap_converter:/home/allen/Robomaster/rm_ws/install/costmap_converter_msgs:/home/allen/capstone/description_ws/install/ur_yt_sim:/home/allen/capstone/description_ws/install/ur10e_description:/home/allen/capstone/description_ws/install/kuka_agilus_support:/home/allen/capstone/description_ws/install/kuka_resources:/opt/ros/humble:/home/allen/capstone/description_ws/install/kuka_kr3_description /usr/bin/cmake --build /home/allen/rm_ws/build/rm_nav_bringup -- -j2 -l2
[486.502s] DEBUG:colcon.colcon_core.event_handler.log_command:Invoking command in '/home/allen/rm_ws/build/rm_nav_bringup': CMAKE_PREFIX_PATH=/home/allen/rm_ws/install/teb_local_planner:/home/allen/rm_ws/install/teb_msgs:/home/allen/rm_ws/install/ros2_livox_simulation:/home/allen/rm_ws/install/rmbot2:/home/allen/rm_ws/install/rm_navigation:/home/allen/rm_ws/install/rm_nav_bringup:/home/allen/rm_ws/install/pointcloud_to_laserscan:/home/allen/rm_ws/install/point_lio:/home/allen/rm_ws/install/icp_registration:/home/allen/rm_ws/install/fast_lio:/home/allen/rm_ws/install/livox_ros_driver2:/home/allen/rm_ws/install/linefit_ground_segmentation_ros:/home/allen/rm_ws/install/linefit_ground_segmentation:/home/allen/rm_ws/install/imu_complementary_filter:/home/allen/rm_ws/install/fake_vel_transform:/home/allen/rm_ws/install/costmap_converter:/home/allen/rm_ws/install/costmap_converter_msgs:/home/allen/Robomaster/rm_ws/install/teb_local_planner:/home/allen/Robomaster/rm_ws/install/teb_msgs:/home/allen/Robomaster/rm_ws/install/ros2_livox_simulation:/home/allen/Robomaster/rm_ws/install/rmbot2:/home/allen/Robomaster/rm_ws/install/rm_navigation:/home/allen/Robomaster/rm_ws/install/rm_nav_bringup:/home/allen/Robomaster/rm_ws/install/pointcloud_to_laserscan:/home/allen/Robomaster/rm_ws/install/point_lio:/home/allen/Robomaster/rm_ws/install/icp_registration:/home/allen/Robomaster/rm_ws/install/fast_lio:/home/allen/Robomaster/rm_ws/install/livox_ros_driver2:/home/allen/Robomaster/rm_ws/install/linefit_ground_segmentation_ros:/home/allen/Robomaster/rm_ws/install/linefit_ground_segmentation:/home/allen/Robomaster/rm_ws/install/imu_complementary_filter:/home/allen/Robomaster/rm_ws/install/fake_vel_transform:/home/allen/Robomaster/rm_ws/install/costmap_converter:/home/allen/Robomaster/rm_ws/install/costmap_converter_msgs:/home/allen/capstone/description_ws/install/ur_yt_sim:/home/allen/capstone/description_ws/install/ur10e_description:/home/allen/capstone/description_ws/install/kuka_agilus_support:/home/allen/capstone/description_ws/install/kuka_resources:/opt/ros/humble:/home/allen/capstone/description_ws/install/kuka_kr3_description /usr/bin/cmake --install /home/allen/rm_ws/build/rm_nav_bringup
[489.176s] Level 1:colcon.colcon_core.environment:create_environment_scripts_only(rm_nav_bringup)
[489.176s] Level 1:colcon.colcon_core.environment:checking '/home/allen/rm_ws/install/rm_nav_bringup' for CMake module files
[489.177s] DEBUG:colcon.colcon_core.event_handler.log_command:Invoked command in '/home/allen/rm_ws/build/rm_nav_bringup' returned '0': CMAKE_PREFIX_PATH=/home/allen/rm_ws/install/teb_local_planner:/home/allen/rm_ws/install/teb_msgs:/home/allen/rm_ws/install/ros2_livox_simulation:/home/allen/rm_ws/install/rmbot2:/home/allen/rm_ws/install/rm_navigation:/home/allen/rm_ws/install/rm_nav_bringup:/home/allen/rm_ws/install/pointcloud_to_laserscan:/home/allen/rm_ws/install/point_lio:/home/allen/rm_ws/install/icp_registration:/home/allen/rm_ws/install/fast_lio:/home/allen/rm_ws/install/livox_ros_driver2:/home/allen/rm_ws/install/linefit_ground_segmentation_ros:/home/allen/rm_ws/install/linefit_ground_segmentation:/home/allen/rm_ws/install/imu_complementary_filter:/home/allen/rm_ws/install/fake_vel_transform:/home/allen/rm_ws/install/costmap_converter:/home/allen/rm_ws/install/costmap_converter_msgs:/home/allen/Robomaster/rm_ws/install/teb_local_planner:/home/allen/Robomaster/rm_ws/install/teb_msgs:/home/allen/Robomaster/rm_ws/install/ros2_livox_simulation:/home/allen/Robomaster/rm_ws/install/rmbot2:/home/allen/Robomaster/rm_ws/install/rm_navigation:/home/allen/Robomaster/rm_ws/install/rm_nav_bringup:/home/allen/Robomaster/rm_ws/install/pointcloud_to_laserscan:/home/allen/Robomaster/rm_ws/install/point_lio:/home/allen/Robomaster/rm_ws/install/icp_registration:/home/allen/Robomaster/rm_ws/install/fast_lio:/home/allen/Robomaster/rm_ws/install/livox_ros_driver2:/home/allen/Robomaster/rm_ws/install/linefit_ground_segmentation_ros:/home/allen/Robomaster/rm_ws/install/linefit_ground_segmentation:/home/allen/Robomaster/rm_ws/install/imu_complementary_filter:/home/allen/Robomaster/rm_ws/install/fake_vel_transform:/home/allen/Robomaster/rm_ws/install/costmap_converter:/home/allen/Robomaster/rm_ws/install/costmap_converter_msgs:/home/allen/capstone/description_ws/install/ur_yt_sim:/home/allen/capstone/description_ws/install/ur10e_description:/home/allen/capstone/description_ws/install/kuka_agilus_support:/home/allen/capstone/description_ws/install/kuka_resources:/opt/ros/humble:/home/allen/capstone/description_ws/install/kuka_kr3_description /usr/bin/cmake --install /home/allen/rm_ws/build/rm_nav_bringup
[489.180s] Level 1:colcon.colcon_core.environment:checking '/home/allen/rm_ws/install/rm_nav_bringup' for CMake config files
[489.181s] Level 1:colcon.colcon_core.shell:create_environment_hook('rm_nav_bringup', 'cmake_prefix_path')
[489.181s] INFO:colcon.colcon_core.shell:Creating environment hook '/home/allen/rm_ws/install/rm_nav_bringup/share/rm_nav_bringup/hook/cmake_prefix_path.ps1'
[489.185s] INFO:colcon.colcon_core.shell:Creating environment descriptor '/home/allen/rm_ws/install/rm_nav_bringup/share/rm_nav_bringup/hook/cmake_prefix_path.dsv'
[489.186s] INFO:colcon.colcon_core.shell:Creating environment hook '/home/allen/rm_ws/install/rm_nav_bringup/share/rm_nav_bringup/hook/cmake_prefix_path.sh'
[489.189s] Level 1:colcon.colcon_core.environment:checking '/home/allen/rm_ws/install/rm_nav_bringup/bin'
[489.190s] Level 1:colcon.colcon_core.environment:checking '/home/allen/rm_ws/install/rm_nav_bringup/lib/pkgconfig/rm_nav_bringup.pc'
[489.190s] Level 1:colcon.colcon_core.environment:checking '/home/allen/rm_ws/install/rm_nav_bringup/lib/python3.10/site-packages'
[489.190s] Level 1:colcon.colcon_core.environment:checking '/home/allen/rm_ws/install/rm_nav_bringup/bin'
[489.193s] INFO:colcon.colcon_core.shell:Creating package script '/home/allen/rm_ws/install/rm_nav_bringup/share/rm_nav_bringup/package.ps1'
[489.193s] INFO:colcon.colcon_core.shell:Creating package descriptor '/home/allen/rm_ws/install/rm_nav_bringup/share/rm_nav_bringup/package.dsv'
[489.194s] INFO:colcon.colcon_core.shell:Creating package script '/home/allen/rm_ws/install/rm_nav_bringup/share/rm_nav_bringup/package.sh'
[489.194s] INFO:colcon.colcon_core.shell:Creating package script '/home/allen/rm_ws/install/rm_nav_bringup/share/rm_nav_bringup/package.bash'
[489.197s] INFO:colcon.colcon_core.shell:Creating package script '/home/allen/rm_ws/install/rm_nav_bringup/share/rm_nav_bringup/package.zsh'
[489.197s] Level 1:colcon.colcon_core.environment:create_file_with_runtime_dependencies(/home/allen/rm_ws/install/rm_nav_bringup/share/colcon-core/packages/rm_nav_bringup)
[489.200s] Level 1:colcon.colcon_core.environment:create_environment_scripts_only(rm_nav_bringup)
[489.201s] Level 1:colcon.colcon_core.environment:checking '/home/allen/rm_ws/install/rm_nav_bringup' for CMake module files
[489.205s] Level 1:colcon.colcon_core.environment:checking '/home/allen/rm_ws/install/rm_nav_bringup' for CMake config files
[489.205s] Level 1:colcon.colcon_core.shell:create_environment_hook('rm_nav_bringup', 'cmake_prefix_path')
[489.206s] INFO:colcon.colcon_core.shell:Creating environment hook '/home/allen/rm_ws/install/rm_nav_bringup/share/rm_nav_bringup/hook/cmake_prefix_path.ps1'
[489.209s] INFO:colcon.colcon_core.shell:Creating environment descriptor '/home/allen/rm_ws/install/rm_nav_bringup/share/rm_nav_bringup/hook/cmake_prefix_path.dsv'
[489.210s] INFO:colcon.colcon_core.shell:Creating environment hook '/home/allen/rm_ws/install/rm_nav_bringup/share/rm_nav_bringup/hook/cmake_prefix_path.sh'
[489.213s] Level 1:colcon.colcon_core.environment:checking '/home/allen/rm_ws/install/rm_nav_bringup/bin'
[489.213s] Level 1:colcon.colcon_core.environment:checking '/home/allen/rm_ws/install/rm_nav_bringup/lib/pkgconfig/rm_nav_bringup.pc'
[489.214s] Level 1:colcon.colcon_core.environment:checking '/home/allen/rm_ws/install/rm_nav_bringup/lib/python3.10/site-packages'
[489.217s] Level 1:colcon.colcon_core.environment:checking '/home/allen/rm_ws/install/rm_nav_bringup/bin'
[489.217s] INFO:colcon.colcon_core.shell:Creating package script '/home/allen/rm_ws/install/rm_nav_bringup/share/rm_nav_bringup/package.ps1'
[489.221s] INFO:colcon.colcon_core.shell:Creating package descriptor '/home/allen/rm_ws/install/rm_nav_bringup/share/rm_nav_bringup/package.dsv'
[489.224s] INFO:colcon.colcon_core.shell:Creating package script '/home/allen/rm_ws/install/rm_nav_bringup/share/rm_nav_bringup/package.sh'
[489.226s] INFO:colcon.colcon_core.shell:Creating package script '/home/allen/rm_ws/install/rm_nav_bringup/share/rm_nav_bringup/package.bash'
[489.229s] INFO:colcon.colcon_core.shell:Creating package script '/home/allen/rm_ws/install/rm_nav_bringup/share/rm_nav_bringup/package.zsh'
[489.232s] Level 1:colcon.colcon_core.environment:create_file_with_runtime_dependencies(/home/allen/rm_ws/install/rm_nav_bringup/share/colcon-core/packages/rm_nav_bringup)
[489.234s] INFO:colcon.colcon_ros.task.ament_cmake.build:Building ROS package in '/home/allen/rm_ws/src/rm_navigation/rm_navigation' with build type 'ament_cmake'
[489.234s] INFO:colcon.colcon_cmake.task.cmake.build:Building CMake package in '/home/allen/rm_ws/src/rm_navigation/rm_navigation'
[489.236s] INFO:colcon.colcon_core.shell:Skip shell extension 'powershell' for command environment: Not usable outside of PowerShell
[489.237s] DEBUG:colcon.colcon_core.shell:Skip shell extension 'dsv' for command environment
[489.293s] DEBUG:colcon.colcon_core.event_handler.log_command:Invoking command in '/home/allen/rm_ws/build/rm_navigation': CMAKE_PREFIX_PATH=/home/allen/rm_ws/install/teb_local_planner:/home/allen/rm_ws/install/teb_msgs:/home/allen/rm_ws/install/ros2_livox_simulation:/home/allen/rm_ws/install/rmbot2:/home/allen/rm_ws/install/rm_navigation:/home/allen/rm_ws/install/rm_nav_bringup:/home/allen/rm_ws/install/pointcloud_to_laserscan:/home/allen/rm_ws/install/point_lio:/home/allen/rm_ws/install/icp_registration:/home/allen/rm_ws/install/fast_lio:/home/allen/rm_ws/install/livox_ros_driver2:/home/allen/rm_ws/install/linefit_ground_segmentation_ros:/home/allen/rm_ws/install/linefit_ground_segmentation:/home/allen/rm_ws/install/imu_complementary_filter:/home/allen/rm_ws/install/fake_vel_transform:/home/allen/rm_ws/install/costmap_converter:/home/allen/rm_ws/install/costmap_converter_msgs:/home/allen/Robomaster/rm_ws/install/teb_local_planner:/home/allen/Robomaster/rm_ws/install/teb_msgs:/home/allen/Robomaster/rm_ws/install/ros2_livox_simulation:/home/allen/Robomaster/rm_ws/install/rmbot2:/home/allen/Robomaster/rm_ws/install/rm_navigation:/home/allen/Robomaster/rm_ws/install/rm_nav_bringup:/home/allen/Robomaster/rm_ws/install/pointcloud_to_laserscan:/home/allen/Robomaster/rm_ws/install/point_lio:/home/allen/Robomaster/rm_ws/install/icp_registration:/home/allen/Robomaster/rm_ws/install/fast_lio:/home/allen/Robomaster/rm_ws/install/livox_ros_driver2:/home/allen/Robomaster/rm_ws/install/linefit_ground_segmentation_ros:/home/allen/Robomaster/rm_ws/install/linefit_ground_segmentation:/home/allen/Robomaster/rm_ws/install/imu_complementary_filter:/home/allen/Robomaster/rm_ws/install/fake_vel_transform:/home/allen/Robomaster/rm_ws/install/costmap_converter:/home/allen/Robomaster/rm_ws/install/costmap_converter_msgs:/home/allen/capstone/description_ws/install/ur_yt_sim:/home/allen/capstone/description_ws/install/ur10e_description:/home/allen/capstone/description_ws/install/kuka_agilus_support:/home/allen/capstone/description_ws/install/kuka_resources:/opt/ros/humble:/home/allen/capstone/description_ws/install/kuka_kr3_description /usr/bin/cmake /home/allen/rm_ws/src/rm_navigation/rm_navigation -DAMENT_CMAKE_SYMLINK_INSTALL=1 -DCMAKE_INSTALL_PREFIX=/home/allen/rm_ws/install/rm_navigation
[492.638s] DEBUG:colcon.colcon_core.event_handler.log_command:Invoked command in '/home/allen/rm_ws/build/rm_navigation' returned '0': CMAKE_PREFIX_PATH=/home/allen/rm_ws/install/teb_local_planner:/home/allen/rm_ws/install/teb_msgs:/home/allen/rm_ws/install/ros2_livox_simulation:/home/allen/rm_ws/install/rmbot2:/home/allen/rm_ws/install/rm_navigation:/home/allen/rm_ws/install/rm_nav_bringup:/home/allen/rm_ws/install/pointcloud_to_laserscan:/home/allen/rm_ws/install/point_lio:/home/allen/rm_ws/install/icp_registration:/home/allen/rm_ws/install/fast_lio:/home/allen/rm_ws/install/livox_ros_driver2:/home/allen/rm_ws/install/linefit_ground_segmentation_ros:/home/allen/rm_ws/install/linefit_ground_segmentation:/home/allen/rm_ws/install/imu_complementary_filter:/home/allen/rm_ws/install/fake_vel_transform:/home/allen/rm_ws/install/costmap_converter:/home/allen/rm_ws/install/costmap_converter_msgs:/home/allen/Robomaster/rm_ws/install/teb_local_planner:/home/allen/Robomaster/rm_ws/install/teb_msgs:/home/allen/Robomaster/rm_ws/install/ros2_livox_simulation:/home/allen/Robomaster/rm_ws/install/rmbot2:/home/allen/Robomaster/rm_ws/install/rm_navigation:/home/allen/Robomaster/rm_ws/install/rm_nav_bringup:/home/allen/Robomaster/rm_ws/install/pointcloud_to_laserscan:/home/allen/Robomaster/rm_ws/install/point_lio:/home/allen/Robomaster/rm_ws/install/icp_registration:/home/allen/Robomaster/rm_ws/install/fast_lio:/home/allen/Robomaster/rm_ws/install/livox_ros_driver2:/home/allen/Robomaster/rm_ws/install/linefit_ground_segmentation_ros:/home/allen/Robomaster/rm_ws/install/linefit_ground_segmentation:/home/allen/Robomaster/rm_ws/install/imu_complementary_filter:/home/allen/Robomaster/rm_ws/install/fake_vel_transform:/home/allen/Robomaster/rm_ws/install/costmap_converter:/home/allen/Robomaster/rm_ws/install/costmap_converter_msgs:/home/allen/capstone/description_ws/install/ur_yt_sim:/home/allen/capstone/description_ws/install/ur10e_description:/home/allen/capstone/description_ws/install/kuka_agilus_support:/home/allen/capstone/description_ws/install/kuka_resources:/opt/ros/humble:/home/allen/capstone/description_ws/install/kuka_kr3_description /usr/bin/cmake /home/allen/rm_ws/src/rm_navigation/rm_navigation -DAMENT_CMAKE_SYMLINK_INSTALL=1 -DCMAKE_INSTALL_PREFIX=/home/allen/rm_ws/install/rm_navigation
[492.644s] DEBUG:colcon.colcon_core.event_handler.log_command:Invoking command in '/home/allen/rm_ws/build/rm_navigation': CMAKE_PREFIX_PATH=/home/allen/rm_ws/install/teb_local_planner:/home/allen/rm_ws/install/teb_msgs:/home/allen/rm_ws/install/ros2_livox_simulation:/home/allen/rm_ws/install/rmbot2:/home/allen/rm_ws/install/rm_navigation:/home/allen/rm_ws/install/rm_nav_bringup:/home/allen/rm_ws/install/pointcloud_to_laserscan:/home/allen/rm_ws/install/point_lio:/home/allen/rm_ws/install/icp_registration:/home/allen/rm_ws/install/fast_lio:/home/allen/rm_ws/install/livox_ros_driver2:/home/allen/rm_ws/install/linefit_ground_segmentation_ros:/home/allen/rm_ws/install/linefit_ground_segmentation:/home/allen/rm_ws/install/imu_complementary_filter:/home/allen/rm_ws/install/fake_vel_transform:/home/allen/rm_ws/install/costmap_converter:/home/allen/rm_ws/install/costmap_converter_msgs:/home/allen/Robomaster/rm_ws/install/teb_local_planner:/home/allen/Robomaster/rm_ws/install/teb_msgs:/home/allen/Robomaster/rm_ws/install/ros2_livox_simulation:/home/allen/Robomaster/rm_ws/install/rmbot2:/home/allen/Robomaster/rm_ws/install/rm_navigation:/home/allen/Robomaster/rm_ws/install/rm_nav_bringup:/home/allen/Robomaster/rm_ws/install/pointcloud_to_laserscan:/home/allen/Robomaster/rm_ws/install/point_lio:/home/allen/Robomaster/rm_ws/install/icp_registration:/home/allen/Robomaster/rm_ws/install/fast_lio:/home/allen/Robomaster/rm_ws/install/livox_ros_driver2:/home/allen/Robomaster/rm_ws/install/linefit_ground_segmentation_ros:/home/allen/Robomaster/rm_ws/install/linefit_ground_segmentation:/home/allen/Robomaster/rm_ws/install/imu_complementary_filter:/home/allen/Robomaster/rm_ws/install/fake_vel_transform:/home/allen/Robomaster/rm_ws/install/costmap_converter:/home/allen/Robomaster/rm_ws/install/costmap_converter_msgs:/home/allen/capstone/description_ws/install/ur_yt_sim:/home/allen/capstone/description_ws/install/ur10e_description:/home/allen/capstone/description_ws/install/kuka_agilus_support:/home/allen/capstone/description_ws/install/kuka_resources:/opt/ros/humble:/home/allen/capstone/description_ws/install/kuka_kr3_description /usr/bin/cmake --build /home/allen/rm_ws/build/rm_navigation -- -j2 -l2
[492.917s] DEBUG:colcon.colcon_core.event_handler.log_command:Invoked command in '/home/allen/rm_ws/build/rm_navigation' returned '0': CMAKE_PREFIX_PATH=/home/allen/rm_ws/install/teb_local_planner:/home/allen/rm_ws/install/teb_msgs:/home/allen/rm_ws/install/ros2_livox_simulation:/home/allen/rm_ws/install/rmbot2:/home/allen/rm_ws/install/rm_navigation:/home/allen/rm_ws/install/rm_nav_bringup:/home/allen/rm_ws/install/pointcloud_to_laserscan:/home/allen/rm_ws/install/point_lio:/home/allen/rm_ws/install/icp_registration:/home/allen/rm_ws/install/fast_lio:/home/allen/rm_ws/install/livox_ros_driver2:/home/allen/rm_ws/install/linefit_ground_segmentation_ros:/home/allen/rm_ws/install/linefit_ground_segmentation:/home/allen/rm_ws/install/imu_complementary_filter:/home/allen/rm_ws/install/fake_vel_transform:/home/allen/rm_ws/install/costmap_converter:/home/allen/rm_ws/install/costmap_converter_msgs:/home/allen/Robomaster/rm_ws/install/teb_local_planner:/home/allen/Robomaster/rm_ws/install/teb_msgs:/home/allen/Robomaster/rm_ws/install/ros2_livox_simulation:/home/allen/Robomaster/rm_ws/install/rmbot2:/home/allen/Robomaster/rm_ws/install/rm_navigation:/home/allen/Robomaster/rm_ws/install/rm_nav_bringup:/home/allen/Robomaster/rm_ws/install/pointcloud_to_laserscan:/home/allen/Robomaster/rm_ws/install/point_lio:/home/allen/Robomaster/rm_ws/install/icp_registration:/home/allen/Robomaster/rm_ws/install/fast_lio:/home/allen/Robomaster/rm_ws/install/livox_ros_driver2:/home/allen/Robomaster/rm_ws/install/linefit_ground_segmentation_ros:/home/allen/Robomaster/rm_ws/install/linefit_ground_segmentation:/home/allen/Robomaster/rm_ws/install/imu_complementary_filter:/home/allen/Robomaster/rm_ws/install/fake_vel_transform:/home/allen/Robomaster/rm_ws/install/costmap_converter:/home/allen/Robomaster/rm_ws/install/costmap_converter_msgs:/home/allen/capstone/description_ws/install/ur_yt_sim:/home/allen/capstone/description_ws/install/ur10e_description:/home/allen/capstone/description_ws/install/kuka_agilus_support:/home/allen/capstone/description_ws/install/kuka_resources:/opt/ros/humble:/home/allen/capstone/description_ws/install/kuka_kr3_description /usr/bin/cmake --build /home/allen/rm_ws/build/rm_navigation -- -j2 -l2
[492.927s] DEBUG:colcon.colcon_core.event_handler.log_command:Invoking command in '/home/allen/rm_ws/build/rm_navigation': CMAKE_PREFIX_PATH=/home/allen/rm_ws/install/teb_local_planner:/home/allen/rm_ws/install/teb_msgs:/home/allen/rm_ws/install/ros2_livox_simulation:/home/allen/rm_ws/install/rmbot2:/home/allen/rm_ws/install/rm_navigation:/home/allen/rm_ws/install/rm_nav_bringup:/home/allen/rm_ws/install/pointcloud_to_laserscan:/home/allen/rm_ws/install/point_lio:/home/allen/rm_ws/install/icp_registration:/home/allen/rm_ws/install/fast_lio:/home/allen/rm_ws/install/livox_ros_driver2:/home/allen/rm_ws/install/linefit_ground_segmentation_ros:/home/allen/rm_ws/install/linefit_ground_segmentation:/home/allen/rm_ws/install/imu_complementary_filter:/home/allen/rm_ws/install/fake_vel_transform:/home/allen/rm_ws/install/costmap_converter:/home/allen/rm_ws/install/costmap_converter_msgs:/home/allen/Robomaster/rm_ws/install/teb_local_planner:/home/allen/Robomaster/rm_ws/install/teb_msgs:/home/allen/Robomaster/rm_ws/install/ros2_livox_simulation:/home/allen/Robomaster/rm_ws/install/rmbot2:/home/allen/Robomaster/rm_ws/install/rm_navigation:/home/allen/Robomaster/rm_ws/install/rm_nav_bringup:/home/allen/Robomaster/rm_ws/install/pointcloud_to_laserscan:/home/allen/Robomaster/rm_ws/install/point_lio:/home/allen/Robomaster/rm_ws/install/icp_registration:/home/allen/Robomaster/rm_ws/install/fast_lio:/home/allen/Robomaster/rm_ws/install/livox_ros_driver2:/home/allen/Robomaster/rm_ws/install/linefit_ground_segmentation_ros:/home/allen/Robomaster/rm_ws/install/linefit_ground_segmentation:/home/allen/Robomaster/rm_ws/install/imu_complementary_filter:/home/allen/Robomaster/rm_ws/install/fake_vel_transform:/home/allen/Robomaster/rm_ws/install/costmap_converter:/home/allen/Robomaster/rm_ws/install/costmap_converter_msgs:/home/allen/capstone/description_ws/install/ur_yt_sim:/home/allen/capstone/description_ws/install/ur10e_description:/home/allen/capstone/description_ws/install/kuka_agilus_support:/home/allen/capstone/description_ws/install/kuka_resources:/opt/ros/humble:/home/allen/capstone/description_ws/install/kuka_kr3_description /usr/bin/cmake --install /home/allen/rm_ws/build/rm_navigation
[494.482s] Level 1:colcon.colcon_core.environment:create_environment_scripts_only(rm_navigation)
[494.483s] Level 1:colcon.colcon_core.environment:checking '/home/allen/rm_ws/install/rm_navigation' for CMake module files
[494.486s] Level 1:colcon.colcon_core.environment:checking '/home/allen/rm_ws/install/rm_navigation' for CMake config files
[494.487s] DEBUG:colcon.colcon_core.event_handler.log_command:Invoked command in '/home/allen/rm_ws/build/rm_navigation' returned '0': CMAKE_PREFIX_PATH=/home/allen/rm_ws/install/teb_local_planner:/home/allen/rm_ws/install/teb_msgs:/home/allen/rm_ws/install/ros2_livox_simulation:/home/allen/rm_ws/install/rmbot2:/home/allen/rm_ws/install/rm_navigation:/home/allen/rm_ws/install/rm_nav_bringup:/home/allen/rm_ws/install/pointcloud_to_laserscan:/home/allen/rm_ws/install/point_lio:/home/allen/rm_ws/install/icp_registration:/home/allen/rm_ws/install/fast_lio:/home/allen/rm_ws/install/livox_ros_driver2:/home/allen/rm_ws/install/linefit_ground_segmentation_ros:/home/allen/rm_ws/install/linefit_ground_segmentation:/home/allen/rm_ws/install/imu_complementary_filter:/home/allen/rm_ws/install/fake_vel_transform:/home/allen/rm_ws/install/costmap_converter:/home/allen/rm_ws/install/costmap_converter_msgs:/home/allen/Robomaster/rm_ws/install/teb_local_planner:/home/allen/Robomaster/rm_ws/install/teb_msgs:/home/allen/Robomaster/rm_ws/install/ros2_livox_simulation:/home/allen/Robomaster/rm_ws/install/rmbot2:/home/allen/Robomaster/rm_ws/install/rm_navigation:/home/allen/Robomaster/rm_ws/install/rm_nav_bringup:/home/allen/Robomaster/rm_ws/install/pointcloud_to_laserscan:/home/allen/Robomaster/rm_ws/install/point_lio:/home/allen/Robomaster/rm_ws/install/icp_registration:/home/allen/Robomaster/rm_ws/install/fast_lio:/home/allen/Robomaster/rm_ws/install/livox_ros_driver2:/home/allen/Robomaster/rm_ws/install/linefit_ground_segmentation_ros:/home/allen/Robomaster/rm_ws/install/linefit_ground_segmentation:/home/allen/Robomaster/rm_ws/install/imu_complementary_filter:/home/allen/Robomaster/rm_ws/install/fake_vel_transform:/home/allen/Robomaster/rm_ws/install/costmap_converter:/home/allen/Robomaster/rm_ws/install/costmap_converter_msgs:/home/allen/capstone/description_ws/install/ur_yt_sim:/home/allen/capstone/description_ws/install/ur10e_description:/home/allen/capstone/description_ws/install/kuka_agilus_support:/home/allen/capstone/description_ws/install/kuka_resources:/opt/ros/humble:/home/allen/capstone/description_ws/install/kuka_kr3_description /usr/bin/cmake --install /home/allen/rm_ws/build/rm_navigation
[494.489s] Level 1:colcon.colcon_core.shell:create_environment_hook('rm_navigation', 'cmake_prefix_path')
[494.489s] INFO:colcon.colcon_core.shell:Creating environment hook '/home/allen/rm_ws/install/rm_navigation/share/rm_navigation/hook/cmake_prefix_path.ps1'
[494.492s] INFO:colcon.colcon_core.shell:Creating environment descriptor '/home/allen/rm_ws/install/rm_navigation/share/rm_navigation/hook/cmake_prefix_path.dsv'
[494.493s] INFO:colcon.colcon_core.shell:Creating environment hook '/home/allen/rm_ws/install/rm_navigation/share/rm_navigation/hook/cmake_prefix_path.sh'
[494.494s] Level 1:colcon.colcon_core.environment:checking '/home/allen/rm_ws/install/rm_navigation/bin'
[494.494s] Level 1:colcon.colcon_core.environment:checking '/home/allen/rm_ws/install/rm_navigation/lib/pkgconfig/rm_navigation.pc'
[494.497s] Level 1:colcon.colcon_core.environment:checking '/home/allen/rm_ws/install/rm_navigation/lib/python3.10/site-packages'
[494.498s] Level 1:colcon.colcon_core.environment:checking '/home/allen/rm_ws/install/rm_navigation/bin'
[494.501s] INFO:colcon.colcon_core.shell:Creating package script '/home/allen/rm_ws/install/rm_navigation/share/rm_navigation/package.ps1'
[494.502s] INFO:colcon.colcon_core.shell:Creating package descriptor '/home/allen/rm_ws/install/rm_navigation/share/rm_navigation/package.dsv'
[494.504s] INFO:colcon.colcon_core.shell:Creating package script '/home/allen/rm_ws/install/rm_navigation/share/rm_navigation/package.sh'
[494.505s] INFO:colcon.colcon_core.shell:Creating package script '/home/allen/rm_ws/install/rm_navigation/share/rm_navigation/package.bash'
[494.506s] INFO:colcon.colcon_core.shell:Creating package script '/home/allen/rm_ws/install/rm_navigation/share/rm_navigation/package.zsh'
[494.508s] Level 1:colcon.colcon_core.environment:create_file_with_runtime_dependencies(/home/allen/rm_ws/install/rm_navigation/share/colcon-core/packages/rm_navigation)
[494.510s] Level 1:colcon.colcon_core.environment:create_environment_scripts_only(rm_navigation)
[494.513s] Level 1:colcon.colcon_core.environment:checking '/home/allen/rm_ws/install/rm_navigation' for CMake module files
[494.514s] Level 1:colcon.colcon_core.environment:checking '/home/allen/rm_ws/install/rm_navigation' for CMake config files
[494.517s] Level 1:colcon.colcon_core.shell:create_environment_hook('rm_navigation', 'cmake_prefix_path')
[494.517s] INFO:colcon.colcon_core.shell:Creating environment hook '/home/allen/rm_ws/install/rm_navigation/share/rm_navigation/hook/cmake_prefix_path.ps1'
[494.521s] INFO:colcon.colcon_core.shell:Creating environment descriptor '/home/allen/rm_ws/install/rm_navigation/share/rm_navigation/hook/cmake_prefix_path.dsv'
[494.522s] INFO:colcon.colcon_core.shell:Creating environment hook '/home/allen/rm_ws/install/rm_navigation/share/rm_navigation/hook/cmake_prefix_path.sh'
[494.525s] Level 1:colcon.colcon_core.environment:checking '/home/allen/rm_ws/install/rm_navigation/bin'
[494.525s] Level 1:colcon.colcon_core.environment:checking '/home/allen/rm_ws/install/rm_navigation/lib/pkgconfig/rm_navigation.pc'
[494.525s] Level 1:colcon.colcon_core.environment:checking '/home/allen/rm_ws/install/rm_navigation/lib/python3.10/site-packages'
[494.526s] Level 1:colcon.colcon_core.environment:checking '/home/allen/rm_ws/install/rm_navigation/bin'
[494.528s] INFO:colcon.colcon_core.shell:Creating package script '/home/allen/rm_ws/install/rm_navigation/share/rm_navigation/package.ps1'
[494.530s] INFO:colcon.colcon_core.shell:Creating package descriptor '/home/allen/rm_ws/install/rm_navigation/share/rm_navigation/package.dsv'
[494.536s] INFO:colcon.colcon_core.shell:Creating package script '/home/allen/rm_ws/install/rm_navigation/share/rm_navigation/package.sh'
[494.538s] INFO:colcon.colcon_core.shell:Creating package script '/home/allen/rm_ws/install/rm_navigation/share/rm_navigation/package.bash'
[494.542s] INFO:colcon.colcon_core.shell:Creating package script '/home/allen/rm_ws/install/rm_navigation/share/rm_navigation/package.zsh'
[494.546s] Level 1:colcon.colcon_core.environment:create_file_with_runtime_dependencies(/home/allen/rm_ws/install/rm_navigation/share/colcon-core/packages/rm_navigation)
[494.547s] INFO:colcon.colcon_ros.task.ament_cmake.build:Building ROS package in '/home/allen/rm_ws/src/rmbot2' with build type 'ament_cmake'
[494.547s] INFO:colcon.colcon_cmake.task.cmake.build:Building CMake package in '/home/allen/rm_ws/src/rmbot2'
[494.547s] INFO:colcon.colcon_core.shell:Skip shell extension 'powershell' for command environment: Not usable outside of PowerShell
[494.550s] DEBUG:colcon.colcon_core.shell:Skip shell extension 'dsv' for command environment
[494.616s] DEBUG:colcon.colcon_core.event_handler.log_command:Invoking command in '/home/allen/rm_ws/build/rmbot2': CMAKE_PREFIX_PATH=/home/allen/rm_ws/install/teb_local_planner:/home/allen/rm_ws/install/teb_msgs:/home/allen/rm_ws/install/ros2_livox_simulation:/home/allen/rm_ws/install/rmbot2:/home/allen/rm_ws/install/rm_navigation:/home/allen/rm_ws/install/rm_nav_bringup:/home/allen/rm_ws/install/pointcloud_to_laserscan:/home/allen/rm_ws/install/point_lio:/home/allen/rm_ws/install/icp_registration:/home/allen/rm_ws/install/fast_lio:/home/allen/rm_ws/install/livox_ros_driver2:/home/allen/rm_ws/install/linefit_ground_segmentation_ros:/home/allen/rm_ws/install/linefit_ground_segmentation:/home/allen/rm_ws/install/imu_complementary_filter:/home/allen/rm_ws/install/fake_vel_transform:/home/allen/rm_ws/install/costmap_converter:/home/allen/rm_ws/install/costmap_converter_msgs:/home/allen/Robomaster/rm_ws/install/teb_local_planner:/home/allen/Robomaster/rm_ws/install/teb_msgs:/home/allen/Robomaster/rm_ws/install/ros2_livox_simulation:/home/allen/Robomaster/rm_ws/install/rmbot2:/home/allen/Robomaster/rm_ws/install/rm_navigation:/home/allen/Robomaster/rm_ws/install/rm_nav_bringup:/home/allen/Robomaster/rm_ws/install/pointcloud_to_laserscan:/home/allen/Robomaster/rm_ws/install/point_lio:/home/allen/Robomaster/rm_ws/install/icp_registration:/home/allen/Robomaster/rm_ws/install/fast_lio:/home/allen/Robomaster/rm_ws/install/livox_ros_driver2:/home/allen/Robomaster/rm_ws/install/linefit_ground_segmentation_ros:/home/allen/Robomaster/rm_ws/install/linefit_ground_segmentation:/home/allen/Robomaster/rm_ws/install/imu_complementary_filter:/home/allen/Robomaster/rm_ws/install/fake_vel_transform:/home/allen/Robomaster/rm_ws/install/costmap_converter:/home/allen/Robomaster/rm_ws/install/costmap_converter_msgs:/home/allen/capstone/description_ws/install/ur_yt_sim:/home/allen/capstone/description_ws/install/ur10e_description:/home/allen/capstone/description_ws/install/kuka_agilus_support:/home/allen/capstone/description_ws/install/kuka_resources:/opt/ros/humble:/home/allen/capstone/description_ws/install/kuka_kr3_description /usr/bin/cmake /home/allen/rm_ws/src/rmbot2 -DAMENT_CMAKE_SYMLINK_INSTALL=1 -DCMAKE_INSTALL_PREFIX=/home/allen/rm_ws/install/rmbot2
[503.699s] DEBUG:colcon.colcon_core.event_handler.log_command:Invoked command in '/home/allen/rm_ws/build/rmbot2' returned '0': CMAKE_PREFIX_PATH=/home/allen/rm_ws/install/teb_local_planner:/home/allen/rm_ws/install/teb_msgs:/home/allen/rm_ws/install/ros2_livox_simulation:/home/allen/rm_ws/install/rmbot2:/home/allen/rm_ws/install/rm_navigation:/home/allen/rm_ws/install/rm_nav_bringup:/home/allen/rm_ws/install/pointcloud_to_laserscan:/home/allen/rm_ws/install/point_lio:/home/allen/rm_ws/install/icp_registration:/home/allen/rm_ws/install/fast_lio:/home/allen/rm_ws/install/livox_ros_driver2:/home/allen/rm_ws/install/linefit_ground_segmentation_ros:/home/allen/rm_ws/install/linefit_ground_segmentation:/home/allen/rm_ws/install/imu_complementary_filter:/home/allen/rm_ws/install/fake_vel_transform:/home/allen/rm_ws/install/costmap_converter:/home/allen/rm_ws/install/costmap_converter_msgs:/home/allen/Robomaster/rm_ws/install/teb_local_planner:/home/allen/Robomaster/rm_ws/install/teb_msgs:/home/allen/Robomaster/rm_ws/install/ros2_livox_simulation:/home/allen/Robomaster/rm_ws/install/rmbot2:/home/allen/Robomaster/rm_ws/install/rm_navigation:/home/allen/Robomaster/rm_ws/install/rm_nav_bringup:/home/allen/Robomaster/rm_ws/install/pointcloud_to_laserscan:/home/allen/Robomaster/rm_ws/install/point_lio:/home/allen/Robomaster/rm_ws/install/icp_registration:/home/allen/Robomaster/rm_ws/install/fast_lio:/home/allen/Robomaster/rm_ws/install/livox_ros_driver2:/home/allen/Robomaster/rm_ws/install/linefit_ground_segmentation_ros:/home/allen/Robomaster/rm_ws/install/linefit_ground_segmentation:/home/allen/Robomaster/rm_ws/install/imu_complementary_filter:/home/allen/Robomaster/rm_ws/install/fake_vel_transform:/home/allen/Robomaster/rm_ws/install/costmap_converter:/home/allen/Robomaster/rm_ws/install/costmap_converter_msgs:/home/allen/capstone/description_ws/install/ur_yt_sim:/home/allen/capstone/description_ws/install/ur10e_description:/home/allen/capstone/description_ws/install/kuka_agilus_support:/home/allen/capstone/description_ws/install/kuka_resources:/opt/ros/humble:/home/allen/capstone/description_ws/install/kuka_kr3_description /usr/bin/cmake /home/allen/rm_ws/src/rmbot2 -DAMENT_CMAKE_SYMLINK_INSTALL=1 -DCMAKE_INSTALL_PREFIX=/home/allen/rm_ws/install/rmbot2
[503.705s] DEBUG:colcon.colcon_core.event_handler.log_command:Invoking command in '/home/allen/rm_ws/build/rmbot2': CMAKE_PREFIX_PATH=/home/allen/rm_ws/install/teb_local_planner:/home/allen/rm_ws/install/teb_msgs:/home/allen/rm_ws/install/ros2_livox_simulation:/home/allen/rm_ws/install/rmbot2:/home/allen/rm_ws/install/rm_navigation:/home/allen/rm_ws/install/rm_nav_bringup:/home/allen/rm_ws/install/pointcloud_to_laserscan:/home/allen/rm_ws/install/point_lio:/home/allen/rm_ws/install/icp_registration:/home/allen/rm_ws/install/fast_lio:/home/allen/rm_ws/install/livox_ros_driver2:/home/allen/rm_ws/install/linefit_ground_segmentation_ros:/home/allen/rm_ws/install/linefit_ground_segmentation:/home/allen/rm_ws/install/imu_complementary_filter:/home/allen/rm_ws/install/fake_vel_transform:/home/allen/rm_ws/install/costmap_converter:/home/allen/rm_ws/install/costmap_converter_msgs:/home/allen/Robomaster/rm_ws/install/teb_local_planner:/home/allen/Robomaster/rm_ws/install/teb_msgs:/home/allen/Robomaster/rm_ws/install/ros2_livox_simulation:/home/allen/Robomaster/rm_ws/install/rmbot2:/home/allen/Robomaster/rm_ws/install/rm_navigation:/home/allen/Robomaster/rm_ws/install/rm_nav_bringup:/home/allen/Robomaster/rm_ws/install/pointcloud_to_laserscan:/home/allen/Robomaster/rm_ws/install/point_lio:/home/allen/Robomaster/rm_ws/install/icp_registration:/home/allen/Robomaster/rm_ws/install/fast_lio:/home/allen/Robomaster/rm_ws/install/livox_ros_driver2:/home/allen/Robomaster/rm_ws/install/linefit_ground_segmentation_ros:/home/allen/Robomaster/rm_ws/install/linefit_ground_segmentation:/home/allen/Robomaster/rm_ws/install/imu_complementary_filter:/home/allen/Robomaster/rm_ws/install/fake_vel_transform:/home/allen/Robomaster/rm_ws/install/costmap_converter:/home/allen/Robomaster/rm_ws/install/costmap_converter_msgs:/home/allen/capstone/description_ws/install/ur_yt_sim:/home/allen/capstone/description_ws/install/ur10e_description:/home/allen/capstone/description_ws/install/kuka_agilus_support:/home/allen/capstone/description_ws/install/kuka_resources:/opt/ros/humble:/home/allen/capstone/description_ws/install/kuka_kr3_description /usr/bin/cmake --build /home/allen/rm_ws/build/rmbot2 -- -j2 -l2
[504.007s] DEBUG:colcon.colcon_core.event_handler.log_command:Invoked command in '/home/allen/rm_ws/build/rmbot2' returned '0': CMAKE_PREFIX_PATH=/home/allen/rm_ws/install/teb_local_planner:/home/allen/rm_ws/install/teb_msgs:/home/allen/rm_ws/install/ros2_livox_simulation:/home/allen/rm_ws/install/rmbot2:/home/allen/rm_ws/install/rm_navigation:/home/allen/rm_ws/install/rm_nav_bringup:/home/allen/rm_ws/install/pointcloud_to_laserscan:/home/allen/rm_ws/install/point_lio:/home/allen/rm_ws/install/icp_registration:/home/allen/rm_ws/install/fast_lio:/home/allen/rm_ws/install/livox_ros_driver2:/home/allen/rm_ws/install/linefit_ground_segmentation_ros:/home/allen/rm_ws/install/linefit_ground_segmentation:/home/allen/rm_ws/install/imu_complementary_filter:/home/allen/rm_ws/install/fake_vel_transform:/home/allen/rm_ws/install/costmap_converter:/home/allen/rm_ws/install/costmap_converter_msgs:/home/allen/Robomaster/rm_ws/install/teb_local_planner:/home/allen/Robomaster/rm_ws/install/teb_msgs:/home/allen/Robomaster/rm_ws/install/ros2_livox_simulation:/home/allen/Robomaster/rm_ws/install/rmbot2:/home/allen/Robomaster/rm_ws/install/rm_navigation:/home/allen/Robomaster/rm_ws/install/rm_nav_bringup:/home/allen/Robomaster/rm_ws/install/pointcloud_to_laserscan:/home/allen/Robomaster/rm_ws/install/point_lio:/home/allen/Robomaster/rm_ws/install/icp_registration:/home/allen/Robomaster/rm_ws/install/fast_lio:/home/allen/Robomaster/rm_ws/install/livox_ros_driver2:/home/allen/Robomaster/rm_ws/install/linefit_ground_segmentation_ros:/home/allen/Robomaster/rm_ws/install/linefit_ground_segmentation:/home/allen/Robomaster/rm_ws/install/imu_complementary_filter:/home/allen/Robomaster/rm_ws/install/fake_vel_transform:/home/allen/Robomaster/rm_ws/install/costmap_converter:/home/allen/Robomaster/rm_ws/install/costmap_converter_msgs:/home/allen/capstone/description_ws/install/ur_yt_sim:/home/allen/capstone/description_ws/install/ur10e_description:/home/allen/capstone/description_ws/install/kuka_agilus_support:/home/allen/capstone/description_ws/install/kuka_resources:/opt/ros/humble:/home/allen/capstone/description_ws/install/kuka_kr3_description /usr/bin/cmake --build /home/allen/rm_ws/build/rmbot2 -- -j2 -l2
[504.015s] DEBUG:colcon.colcon_core.event_handler.log_command:Invoking command in '/home/allen/rm_ws/build/rmbot2': CMAKE_PREFIX_PATH=/home/allen/rm_ws/install/teb_local_planner:/home/allen/rm_ws/install/teb_msgs:/home/allen/rm_ws/install/ros2_livox_simulation:/home/allen/rm_ws/install/rmbot2:/home/allen/rm_ws/install/rm_navigation:/home/allen/rm_ws/install/rm_nav_bringup:/home/allen/rm_ws/install/pointcloud_to_laserscan:/home/allen/rm_ws/install/point_lio:/home/allen/rm_ws/install/icp_registration:/home/allen/rm_ws/install/fast_lio:/home/allen/rm_ws/install/livox_ros_driver2:/home/allen/rm_ws/install/linefit_ground_segmentation_ros:/home/allen/rm_ws/install/linefit_ground_segmentation:/home/allen/rm_ws/install/imu_complementary_filter:/home/allen/rm_ws/install/fake_vel_transform:/home/allen/rm_ws/install/costmap_converter:/home/allen/rm_ws/install/costmap_converter_msgs:/home/allen/Robomaster/rm_ws/install/teb_local_planner:/home/allen/Robomaster/rm_ws/install/teb_msgs:/home/allen/Robomaster/rm_ws/install/ros2_livox_simulation:/home/allen/Robomaster/rm_ws/install/rmbot2:/home/allen/Robomaster/rm_ws/install/rm_navigation:/home/allen/Robomaster/rm_ws/install/rm_nav_bringup:/home/allen/Robomaster/rm_ws/install/pointcloud_to_laserscan:/home/allen/Robomaster/rm_ws/install/point_lio:/home/allen/Robomaster/rm_ws/install/icp_registration:/home/allen/Robomaster/rm_ws/install/fast_lio:/home/allen/Robomaster/rm_ws/install/livox_ros_driver2:/home/allen/Robomaster/rm_ws/install/linefit_ground_segmentation_ros:/home/allen/Robomaster/rm_ws/install/linefit_ground_segmentation:/home/allen/Robomaster/rm_ws/install/imu_complementary_filter:/home/allen/Robomaster/rm_ws/install/fake_vel_transform:/home/allen/Robomaster/rm_ws/install/costmap_converter:/home/allen/Robomaster/rm_ws/install/costmap_converter_msgs:/home/allen/capstone/description_ws/install/ur_yt_sim:/home/allen/capstone/description_ws/install/ur10e_description:/home/allen/capstone/description_ws/install/kuka_agilus_support:/home/allen/capstone/description_ws/install/kuka_resources:/opt/ros/humble:/home/allen/capstone/description_ws/install/kuka_kr3_description /usr/bin/cmake --install /home/allen/rm_ws/build/rmbot2
[510.527s] Level 1:colcon.colcon_core.environment:create_environment_scripts_only(rmbot2)
[510.530s] Level 1:colcon.colcon_core.environment:checking '/home/allen/rm_ws/install/rmbot2' for CMake module files
[510.532s] DEBUG:colcon.colcon_core.event_handler.log_command:Invoked command in '/home/allen/rm_ws/build/rmbot2' returned '0': CMAKE_PREFIX_PATH=/home/allen/rm_ws/install/teb_local_planner:/home/allen/rm_ws/install/teb_msgs:/home/allen/rm_ws/install/ros2_livox_simulation:/home/allen/rm_ws/install/rmbot2:/home/allen/rm_ws/install/rm_navigation:/home/allen/rm_ws/install/rm_nav_bringup:/home/allen/rm_ws/install/pointcloud_to_laserscan:/home/allen/rm_ws/install/point_lio:/home/allen/rm_ws/install/icp_registration:/home/allen/rm_ws/install/fast_lio:/home/allen/rm_ws/install/livox_ros_driver2:/home/allen/rm_ws/install/linefit_ground_segmentation_ros:/home/allen/rm_ws/install/linefit_ground_segmentation:/home/allen/rm_ws/install/imu_complementary_filter:/home/allen/rm_ws/install/fake_vel_transform:/home/allen/rm_ws/install/costmap_converter:/home/allen/rm_ws/install/costmap_converter_msgs:/home/allen/Robomaster/rm_ws/install/teb_local_planner:/home/allen/Robomaster/rm_ws/install/teb_msgs:/home/allen/Robomaster/rm_ws/install/ros2_livox_simulation:/home/allen/Robomaster/rm_ws/install/rmbot2:/home/allen/Robomaster/rm_ws/install/rm_navigation:/home/allen/Robomaster/rm_ws/install/rm_nav_bringup:/home/allen/Robomaster/rm_ws/install/pointcloud_to_laserscan:/home/allen/Robomaster/rm_ws/install/point_lio:/home/allen/Robomaster/rm_ws/install/icp_registration:/home/allen/Robomaster/rm_ws/install/fast_lio:/home/allen/Robomaster/rm_ws/install/livox_ros_driver2:/home/allen/Robomaster/rm_ws/install/linefit_ground_segmentation_ros:/home/allen/Robomaster/rm_ws/install/linefit_ground_segmentation:/home/allen/Robomaster/rm_ws/install/imu_complementary_filter:/home/allen/Robomaster/rm_ws/install/fake_vel_transform:/home/allen/Robomaster/rm_ws/install/costmap_converter:/home/allen/Robomaster/rm_ws/install/costmap_converter_msgs:/home/allen/capstone/description_ws/install/ur_yt_sim:/home/allen/capstone/description_ws/install/ur10e_description:/home/allen/capstone/description_ws/install/kuka_agilus_support:/home/allen/capstone/description_ws/install/kuka_resources:/opt/ros/humble:/home/allen/capstone/description_ws/install/kuka_kr3_description /usr/bin/cmake --install /home/allen/rm_ws/build/rmbot2
[510.533s] Level 1:colcon.colcon_core.environment:checking '/home/allen/rm_ws/install/rmbot2' for CMake config files
[510.544s] Level 1:colcon.colcon_core.shell:create_environment_hook('rmbot2', 'cmake_prefix_path')
[510.544s] INFO:colcon.colcon_core.shell:Creating environment hook '/home/allen/rm_ws/install/rmbot2/share/rmbot2/hook/cmake_prefix_path.ps1'
[510.545s] INFO:colcon.colcon_core.shell:Creating environment descriptor '/home/allen/rm_ws/install/rmbot2/share/rmbot2/hook/cmake_prefix_path.dsv'
[510.547s] INFO:colcon.colcon_core.shell:Creating environment hook '/home/allen/rm_ws/install/rmbot2/share/rmbot2/hook/cmake_prefix_path.sh'
[510.548s] Level 1:colcon.colcon_core.environment:checking '/home/allen/rm_ws/install/rmbot2/bin'
[510.548s] Level 1:colcon.colcon_core.environment:checking '/home/allen/rm_ws/install/rmbot2/lib/pkgconfig/rmbot2.pc'
[510.552s] Level 1:colcon.colcon_core.environment:checking '/home/allen/rm_ws/install/rmbot2/lib/python3.10/site-packages'
[510.552s] Level 1:colcon.colcon_core.environment:checking '/home/allen/rm_ws/install/rmbot2/bin'
[510.552s] INFO:colcon.colcon_core.shell:Creating package script '/home/allen/rm_ws/install/rmbot2/share/rmbot2/package.ps1'
[510.555s] INFO:colcon.colcon_core.shell:Creating package descriptor '/home/allen/rm_ws/install/rmbot2/share/rmbot2/package.dsv'
[510.556s] INFO:colcon.colcon_core.shell:Creating package script '/home/allen/rm_ws/install/rmbot2/share/rmbot2/package.sh'
[510.557s] INFO:colcon.colcon_core.shell:Creating package script '/home/allen/rm_ws/install/rmbot2/share/rmbot2/package.bash'
[510.557s] INFO:colcon.colcon_core.shell:Creating package script '/home/allen/rm_ws/install/rmbot2/share/rmbot2/package.zsh'
[510.562s] Level 1:colcon.colcon_core.environment:create_file_with_runtime_dependencies(/home/allen/rm_ws/install/rmbot2/share/colcon-core/packages/rmbot2)
[510.563s] Level 1:colcon.colcon_core.environment:create_environment_scripts_only(rmbot2)
[510.564s] Level 1:colcon.colcon_core.environment:checking '/home/allen/rm_ws/install/rmbot2' for CMake module files
[510.564s] Level 1:colcon.colcon_core.environment:checking '/home/allen/rm_ws/install/rmbot2' for CMake config files
[510.570s] Level 1:colcon.colcon_core.shell:create_environment_hook('rmbot2', 'cmake_prefix_path')
[510.571s] INFO:colcon.colcon_core.shell:Creating environment hook '/home/allen/rm_ws/install/rmbot2/share/rmbot2/hook/cmake_prefix_path.ps1'
[510.574s] INFO:colcon.colcon_core.shell:Creating environment descriptor '/home/allen/rm_ws/install/rmbot2/share/rmbot2/hook/cmake_prefix_path.dsv'
[510.577s] INFO:colcon.colcon_core.shell:Creating environment hook '/home/allen/rm_ws/install/rmbot2/share/rmbot2/hook/cmake_prefix_path.sh'
[510.582s] Level 1:colcon.colcon_core.environment:checking '/home/allen/rm_ws/install/rmbot2/bin'
[510.582s] Level 1:colcon.colcon_core.environment:checking '/home/allen/rm_ws/install/rmbot2/lib/pkgconfig/rmbot2.pc'
[510.583s] Level 1:colcon.colcon_core.environment:checking '/home/allen/rm_ws/install/rmbot2/lib/python3.10/site-packages'
[510.586s] Level 1:colcon.colcon_core.environment:checking '/home/allen/rm_ws/install/rmbot2/bin'
[510.587s] INFO:colcon.colcon_core.shell:Creating package script '/home/allen/rm_ws/install/rmbot2/share/rmbot2/package.ps1'
[510.591s] INFO:colcon.colcon_core.shell:Creating package descriptor '/home/allen/rm_ws/install/rmbot2/share/rmbot2/package.dsv'
[510.592s] INFO:colcon.colcon_core.shell:Creating package script '/home/allen/rm_ws/install/rmbot2/share/rmbot2/package.sh'
[510.595s] INFO:colcon.colcon_core.shell:Creating package script '/home/allen/rm_ws/install/rmbot2/share/rmbot2/package.bash'
[510.596s] INFO:colcon.colcon_core.shell:Creating package script '/home/allen/rm_ws/install/rmbot2/share/rmbot2/package.zsh'
[510.600s] Level 1:colcon.colcon_core.environment:create_file_with_runtime_dependencies(/home/allen/rm_ws/install/rmbot2/share/colcon-core/packages/rmbot2)
[510.601s] INFO:colcon.colcon_ros.task.ament_cmake.build:Building ROS package in '/home/allen/rm_ws/src/rm_localization/FAST_LIO' with build type 'ament_cmake'
[510.601s] INFO:colcon.colcon_cmake.task.cmake.build:Building CMake package in '/home/allen/rm_ws/src/rm_localization/FAST_LIO'
[510.601s] INFO:colcon.colcon_core.shell:Skip shell extension 'powershell' for command environment: Not usable outside of PowerShell
[510.604s] DEBUG:colcon.colcon_core.shell:Skip shell extension 'dsv' for command environment
[510.688s] DEBUG:colcon.colcon_core.event_handler.log_command:Invoking command in '/home/allen/rm_ws/build/fast_lio': CMAKE_PREFIX_PATH=/home/allen/rm_ws/install/livox_ros_driver2:/home/allen/rm_ws/install/teb_local_planner:/home/allen/rm_ws/install/teb_msgs:/home/allen/rm_ws/install/ros2_livox_simulation:/home/allen/rm_ws/install/rmbot2:/home/allen/rm_ws/install/rm_navigation:/home/allen/rm_ws/install/rm_nav_bringup:/home/allen/rm_ws/install/pointcloud_to_laserscan:/home/allen/rm_ws/install/point_lio:/home/allen/rm_ws/install/icp_registration:/home/allen/rm_ws/install/fast_lio:/home/allen/rm_ws/install/linefit_ground_segmentation_ros:/home/allen/rm_ws/install/linefit_ground_segmentation:/home/allen/rm_ws/install/imu_complementary_filter:/home/allen/rm_ws/install/fake_vel_transform:/home/allen/rm_ws/install/costmap_converter:/home/allen/rm_ws/install/costmap_converter_msgs:/home/allen/Robomaster/rm_ws/install/teb_local_planner:/home/allen/Robomaster/rm_ws/install/teb_msgs:/home/allen/Robomaster/rm_ws/install/ros2_livox_simulation:/home/allen/Robomaster/rm_ws/install/rmbot2:/home/allen/Robomaster/rm_ws/install/rm_navigation:/home/allen/Robomaster/rm_ws/install/rm_nav_bringup:/home/allen/Robomaster/rm_ws/install/pointcloud_to_laserscan:/home/allen/Robomaster/rm_ws/install/point_lio:/home/allen/Robomaster/rm_ws/install/icp_registration:/home/allen/Robomaster/rm_ws/install/fast_lio:/home/allen/Robomaster/rm_ws/install/livox_ros_driver2:/home/allen/Robomaster/rm_ws/install/linefit_ground_segmentation_ros:/home/allen/Robomaster/rm_ws/install/linefit_ground_segmentation:/home/allen/Robomaster/rm_ws/install/imu_complementary_filter:/home/allen/Robomaster/rm_ws/install/fake_vel_transform:/home/allen/Robomaster/rm_ws/install/costmap_converter:/home/allen/Robomaster/rm_ws/install/costmap_converter_msgs:/home/allen/capstone/description_ws/install/ur_yt_sim:/home/allen/capstone/description_ws/install/ur10e_description:/home/allen/capstone/description_ws/install/kuka_agilus_support:/home/allen/capstone/description_ws/install/kuka_resources:/opt/ros/humble:/home/allen/capstone/description_ws/install/kuka_kr3_description LD_LIBRARY_PATH=/home/allen/rm_ws/install/livox_ros_driver2/lib:/home/allen/rm_ws/install/teb_local_planner/lib:/home/allen/rm_ws/install/teb_msgs/lib:/home/allen/rm_ws/install/ros2_livox_simulation/lib:/home/allen/rm_ws/install/pointcloud_to_laserscan/lib:/home/allen/rm_ws/install/icp_registration/lib:/home/allen/rm_ws/install/fast_lio/lib:/home/allen/rm_ws/install/linefit_ground_segmentation/lib:/home/allen/rm_ws/install/imu_complementary_filter/lib:/home/allen/rm_ws/install/fake_vel_transform/lib:/home/allen/rm_ws/install/costmap_converter/lib:/home/allen/rm_ws/install/costmap_converter_msgs/lib:/home/allen/Robomaster/rm_ws/install/teb_local_planner/lib:/home/allen/Robomaster/rm_ws/install/teb_msgs/lib:/home/allen/Robomaster/rm_ws/install/ros2_livox_simulation/lib:/home/allen/Robomaster/rm_ws/install/pointcloud_to_laserscan/lib:/home/allen/Robomaster/rm_ws/install/icp_registration/lib:/home/allen/Robomaster/rm_ws/install/fast_lio/lib:/home/allen/Robomaster/rm_ws/install/livox_ros_driver2/lib:/home/allen/Robomaster/rm_ws/install/linefit_ground_segmentation/lib:/home/allen/Robomaster/rm_ws/install/imu_complementary_filter/lib:/home/allen/Robomaster/rm_ws/install/fake_vel_transform/lib:/home/allen/Robomaster/rm_ws/install/costmap_converter/lib:/home/allen/Robomaster/rm_ws/install/costmap_converter_msgs/lib:/usr/lib/x86_64-linux-gnu/gazebo-11/plugins:/opt/ros/humble/opt/rviz_ogre_vendor/lib:/opt/ros/humble/lib/x86_64-linux-gnu:/opt/ros/humble/opt/openvdb_vendor/lib:/opt/ros/humble/lib:/usr/local/lib:/usr/local/lib:/usr/local/lib:/usr/local/lib /usr/bin/cmake /home/allen/rm_ws/src/rm_localization/FAST_LIO -DAMENT_CMAKE_SYMLINK_INSTALL=1 -DCMAKE_INSTALL_PREFIX=/home/allen/rm_ws/install/fast_lio
[534.174s] DEBUG:colcon.colcon_core.event_handler.log_command:Invoked command in '/home/allen/rm_ws/build/fast_lio' returned '0': CMAKE_PREFIX_PATH=/home/allen/rm_ws/install/livox_ros_driver2:/home/allen/rm_ws/install/teb_local_planner:/home/allen/rm_ws/install/teb_msgs:/home/allen/rm_ws/install/ros2_livox_simulation:/home/allen/rm_ws/install/rmbot2:/home/allen/rm_ws/install/rm_navigation:/home/allen/rm_ws/install/rm_nav_bringup:/home/allen/rm_ws/install/pointcloud_to_laserscan:/home/allen/rm_ws/install/point_lio:/home/allen/rm_ws/install/icp_registration:/home/allen/rm_ws/install/fast_lio:/home/allen/rm_ws/install/linefit_ground_segmentation_ros:/home/allen/rm_ws/install/linefit_ground_segmentation:/home/allen/rm_ws/install/imu_complementary_filter:/home/allen/rm_ws/install/fake_vel_transform:/home/allen/rm_ws/install/costmap_converter:/home/allen/rm_ws/install/costmap_converter_msgs:/home/allen/Robomaster/rm_ws/install/teb_local_planner:/home/allen/Robomaster/rm_ws/install/teb_msgs:/home/allen/Robomaster/rm_ws/install/ros2_livox_simulation:/home/allen/Robomaster/rm_ws/install/rmbot2:/home/allen/Robomaster/rm_ws/install/rm_navigation:/home/allen/Robomaster/rm_ws/install/rm_nav_bringup:/home/allen/Robomaster/rm_ws/install/pointcloud_to_laserscan:/home/allen/Robomaster/rm_ws/install/point_lio:/home/allen/Robomaster/rm_ws/install/icp_registration:/home/allen/Robomaster/rm_ws/install/fast_lio:/home/allen/Robomaster/rm_ws/install/livox_ros_driver2:/home/allen/Robomaster/rm_ws/install/linefit_ground_segmentation_ros:/home/allen/Robomaster/rm_ws/install/linefit_ground_segmentation:/home/allen/Robomaster/rm_ws/install/imu_complementary_filter:/home/allen/Robomaster/rm_ws/install/fake_vel_transform:/home/allen/Robomaster/rm_ws/install/costmap_converter:/home/allen/Robomaster/rm_ws/install/costmap_converter_msgs:/home/allen/capstone/description_ws/install/ur_yt_sim:/home/allen/capstone/description_ws/install/ur10e_description:/home/allen/capstone/description_ws/install/kuka_agilus_support:/home/allen/capstone/description_ws/install/kuka_resources:/opt/ros/humble:/home/allen/capstone/description_ws/install/kuka_kr3_description LD_LIBRARY_PATH=/home/allen/rm_ws/install/livox_ros_driver2/lib:/home/allen/rm_ws/install/teb_local_planner/lib:/home/allen/rm_ws/install/teb_msgs/lib:/home/allen/rm_ws/install/ros2_livox_simulation/lib:/home/allen/rm_ws/install/pointcloud_to_laserscan/lib:/home/allen/rm_ws/install/icp_registration/lib:/home/allen/rm_ws/install/fast_lio/lib:/home/allen/rm_ws/install/linefit_ground_segmentation/lib:/home/allen/rm_ws/install/imu_complementary_filter/lib:/home/allen/rm_ws/install/fake_vel_transform/lib:/home/allen/rm_ws/install/costmap_converter/lib:/home/allen/rm_ws/install/costmap_converter_msgs/lib:/home/allen/Robomaster/rm_ws/install/teb_local_planner/lib:/home/allen/Robomaster/rm_ws/install/teb_msgs/lib:/home/allen/Robomaster/rm_ws/install/ros2_livox_simulation/lib:/home/allen/Robomaster/rm_ws/install/pointcloud_to_laserscan/lib:/home/allen/Robomaster/rm_ws/install/icp_registration/lib:/home/allen/Robomaster/rm_ws/install/fast_lio/lib:/home/allen/Robomaster/rm_ws/install/livox_ros_driver2/lib:/home/allen/Robomaster/rm_ws/install/linefit_ground_segmentation/lib:/home/allen/Robomaster/rm_ws/install/imu_complementary_filter/lib:/home/allen/Robomaster/rm_ws/install/fake_vel_transform/lib:/home/allen/Robomaster/rm_ws/install/costmap_converter/lib:/home/allen/Robomaster/rm_ws/install/costmap_converter_msgs/lib:/usr/lib/x86_64-linux-gnu/gazebo-11/plugins:/opt/ros/humble/opt/rviz_ogre_vendor/lib:/opt/ros/humble/lib/x86_64-linux-gnu:/opt/ros/humble/opt/openvdb_vendor/lib:/opt/ros/humble/lib:/usr/local/lib:/usr/local/lib:/usr/local/lib:/usr/local/lib /usr/bin/cmake /home/allen/rm_ws/src/rm_localization/FAST_LIO -DAMENT_CMAKE_SYMLINK_INSTALL=1 -DCMAKE_INSTALL_PREFIX=/home/allen/rm_ws/install/fast_lio
[534.180s] DEBUG:colcon.colcon_core.event_handler.log_command:Invoking command in '/home/allen/rm_ws/build/fast_lio': CMAKE_PREFIX_PATH=/home/allen/rm_ws/install/livox_ros_driver2:/home/allen/rm_ws/install/teb_local_planner:/home/allen/rm_ws/install/teb_msgs:/home/allen/rm_ws/install/ros2_livox_simulation:/home/allen/rm_ws/install/rmbot2:/home/allen/rm_ws/install/rm_navigation:/home/allen/rm_ws/install/rm_nav_bringup:/home/allen/rm_ws/install/pointcloud_to_laserscan:/home/allen/rm_ws/install/point_lio:/home/allen/rm_ws/install/icp_registration:/home/allen/rm_ws/install/fast_lio:/home/allen/rm_ws/install/linefit_ground_segmentation_ros:/home/allen/rm_ws/install/linefit_ground_segmentation:/home/allen/rm_ws/install/imu_complementary_filter:/home/allen/rm_ws/install/fake_vel_transform:/home/allen/rm_ws/install/costmap_converter:/home/allen/rm_ws/install/costmap_converter_msgs:/home/allen/Robomaster/rm_ws/install/teb_local_planner:/home/allen/Robomaster/rm_ws/install/teb_msgs:/home/allen/Robomaster/rm_ws/install/ros2_livox_simulation:/home/allen/Robomaster/rm_ws/install/rmbot2:/home/allen/Robomaster/rm_ws/install/rm_navigation:/home/allen/Robomaster/rm_ws/install/rm_nav_bringup:/home/allen/Robomaster/rm_ws/install/pointcloud_to_laserscan:/home/allen/Robomaster/rm_ws/install/point_lio:/home/allen/Robomaster/rm_ws/install/icp_registration:/home/allen/Robomaster/rm_ws/install/fast_lio:/home/allen/Robomaster/rm_ws/install/livox_ros_driver2:/home/allen/Robomaster/rm_ws/install/linefit_ground_segmentation_ros:/home/allen/Robomaster/rm_ws/install/linefit_ground_segmentation:/home/allen/Robomaster/rm_ws/install/imu_complementary_filter:/home/allen/Robomaster/rm_ws/install/fake_vel_transform:/home/allen/Robomaster/rm_ws/install/costmap_converter:/home/allen/Robomaster/rm_ws/install/costmap_converter_msgs:/home/allen/capstone/description_ws/install/ur_yt_sim:/home/allen/capstone/description_ws/install/ur10e_description:/home/allen/capstone/description_ws/install/kuka_agilus_support:/home/allen/capstone/description_ws/install/kuka_resources:/opt/ros/humble:/home/allen/capstone/description_ws/install/kuka_kr3_description LD_LIBRARY_PATH=/home/allen/rm_ws/install/livox_ros_driver2/lib:/home/allen/rm_ws/install/teb_local_planner/lib:/home/allen/rm_ws/install/teb_msgs/lib:/home/allen/rm_ws/install/ros2_livox_simulation/lib:/home/allen/rm_ws/install/pointcloud_to_laserscan/lib:/home/allen/rm_ws/install/icp_registration/lib:/home/allen/rm_ws/install/fast_lio/lib:/home/allen/rm_ws/install/linefit_ground_segmentation/lib:/home/allen/rm_ws/install/imu_complementary_filter/lib:/home/allen/rm_ws/install/fake_vel_transform/lib:/home/allen/rm_ws/install/costmap_converter/lib:/home/allen/rm_ws/install/costmap_converter_msgs/lib:/home/allen/Robomaster/rm_ws/install/teb_local_planner/lib:/home/allen/Robomaster/rm_ws/install/teb_msgs/lib:/home/allen/Robomaster/rm_ws/install/ros2_livox_simulation/lib:/home/allen/Robomaster/rm_ws/install/pointcloud_to_laserscan/lib:/home/allen/Robomaster/rm_ws/install/icp_registration/lib:/home/allen/Robomaster/rm_ws/install/fast_lio/lib:/home/allen/Robomaster/rm_ws/install/livox_ros_driver2/lib:/home/allen/Robomaster/rm_ws/install/linefit_ground_segmentation/lib:/home/allen/Robomaster/rm_ws/install/imu_complementary_filter/lib:/home/allen/Robomaster/rm_ws/install/fake_vel_transform/lib:/home/allen/Robomaster/rm_ws/install/costmap_converter/lib:/home/allen/Robomaster/rm_ws/install/costmap_converter_msgs/lib:/usr/lib/x86_64-linux-gnu/gazebo-11/plugins:/opt/ros/humble/opt/rviz_ogre_vendor/lib:/opt/ros/humble/lib/x86_64-linux-gnu:/opt/ros/humble/opt/openvdb_vendor/lib:/opt/ros/humble/lib:/usr/local/lib:/usr/local/lib:/usr/local/lib:/usr/local/lib /usr/bin/cmake --build /home/allen/rm_ws/build/fast_lio -- -j2 -l2
[586.719s] DEBUG:colcon.colcon_core.event_handler.log_command:Invoked command in '/home/allen/rm_ws/build/pointcloud_to_laserscan' returned '0': CMAKE_PREFIX_PATH=/home/allen/rm_ws/install/teb_local_planner:/home/allen/rm_ws/install/teb_msgs:/home/allen/rm_ws/install/ros2_livox_simulation:/home/allen/rm_ws/install/rmbot2:/home/allen/rm_ws/install/rm_navigation:/home/allen/rm_ws/install/rm_nav_bringup:/home/allen/rm_ws/install/pointcloud_to_laserscan:/home/allen/rm_ws/install/point_lio:/home/allen/rm_ws/install/icp_registration:/home/allen/rm_ws/install/fast_lio:/home/allen/rm_ws/install/livox_ros_driver2:/home/allen/rm_ws/install/linefit_ground_segmentation_ros:/home/allen/rm_ws/install/linefit_ground_segmentation:/home/allen/rm_ws/install/imu_complementary_filter:/home/allen/rm_ws/install/fake_vel_transform:/home/allen/rm_ws/install/costmap_converter:/home/allen/rm_ws/install/costmap_converter_msgs:/home/allen/Robomaster/rm_ws/install/teb_local_planner:/home/allen/Robomaster/rm_ws/install/teb_msgs:/home/allen/Robomaster/rm_ws/install/ros2_livox_simulation:/home/allen/Robomaster/rm_ws/install/rmbot2:/home/allen/Robomaster/rm_ws/install/rm_navigation:/home/allen/Robomaster/rm_ws/install/rm_nav_bringup:/home/allen/Robomaster/rm_ws/install/pointcloud_to_laserscan:/home/allen/Robomaster/rm_ws/install/point_lio:/home/allen/Robomaster/rm_ws/install/icp_registration:/home/allen/Robomaster/rm_ws/install/fast_lio:/home/allen/Robomaster/rm_ws/install/livox_ros_driver2:/home/allen/Robomaster/rm_ws/install/linefit_ground_segmentation_ros:/home/allen/Robomaster/rm_ws/install/linefit_ground_segmentation:/home/allen/Robomaster/rm_ws/install/imu_complementary_filter:/home/allen/Robomaster/rm_ws/install/fake_vel_transform:/home/allen/Robomaster/rm_ws/install/costmap_converter:/home/allen/Robomaster/rm_ws/install/costmap_converter_msgs:/home/allen/capstone/description_ws/install/ur_yt_sim:/home/allen/capstone/description_ws/install/ur10e_description:/home/allen/capstone/description_ws/install/kuka_agilus_support:/home/allen/capstone/description_ws/install/kuka_resources:/opt/ros/humble:/home/allen/capstone/description_ws/install/kuka_kr3_description /usr/bin/cmake --build /home/allen/rm_ws/build/pointcloud_to_laserscan -- -j2 -l2
[586.720s] DEBUG:colcon.colcon_core.event_handler.log_command:Invoking command in '/home/allen/rm_ws/build/pointcloud_to_laserscan': CMAKE_PREFIX_PATH=/home/allen/rm_ws/install/teb_local_planner:/home/allen/rm_ws/install/teb_msgs:/home/allen/rm_ws/install/ros2_livox_simulation:/home/allen/rm_ws/install/rmbot2:/home/allen/rm_ws/install/rm_navigation:/home/allen/rm_ws/install/rm_nav_bringup:/home/allen/rm_ws/install/pointcloud_to_laserscan:/home/allen/rm_ws/install/point_lio:/home/allen/rm_ws/install/icp_registration:/home/allen/rm_ws/install/fast_lio:/home/allen/rm_ws/install/livox_ros_driver2:/home/allen/rm_ws/install/linefit_ground_segmentation_ros:/home/allen/rm_ws/install/linefit_ground_segmentation:/home/allen/rm_ws/install/imu_complementary_filter:/home/allen/rm_ws/install/fake_vel_transform:/home/allen/rm_ws/install/costmap_converter:/home/allen/rm_ws/install/costmap_converter_msgs:/home/allen/Robomaster/rm_ws/install/teb_local_planner:/home/allen/Robomaster/rm_ws/install/teb_msgs:/home/allen/Robomaster/rm_ws/install/ros2_livox_simulation:/home/allen/Robomaster/rm_ws/install/rmbot2:/home/allen/Robomaster/rm_ws/install/rm_navigation:/home/allen/Robomaster/rm_ws/install/rm_nav_bringup:/home/allen/Robomaster/rm_ws/install/pointcloud_to_laserscan:/home/allen/Robomaster/rm_ws/install/point_lio:/home/allen/Robomaster/rm_ws/install/icp_registration:/home/allen/Robomaster/rm_ws/install/fast_lio:/home/allen/Robomaster/rm_ws/install/livox_ros_driver2:/home/allen/Robomaster/rm_ws/install/linefit_ground_segmentation_ros:/home/allen/Robomaster/rm_ws/install/linefit_ground_segmentation:/home/allen/Robomaster/rm_ws/install/imu_complementary_filter:/home/allen/Robomaster/rm_ws/install/fake_vel_transform:/home/allen/Robomaster/rm_ws/install/costmap_converter:/home/allen/Robomaster/rm_ws/install/costmap_converter_msgs:/home/allen/capstone/description_ws/install/ur_yt_sim:/home/allen/capstone/description_ws/install/ur10e_description:/home/allen/capstone/description_ws/install/kuka_agilus_support:/home/allen/capstone/description_ws/install/kuka_resources:/opt/ros/humble:/home/allen/capstone/description_ws/install/kuka_kr3_description /usr/bin/cmake --install /home/allen/rm_ws/build/pointcloud_to_laserscan
[588.680s] Level 1:colcon.colcon_core.environment:create_environment_scripts_only(pointcloud_to_laserscan)
[588.680s] Level 1:colcon.colcon_core.environment:checking '/home/allen/rm_ws/install/pointcloud_to_laserscan' for CMake module files
[588.681s] Level 1:colcon.colcon_core.environment:checking '/home/allen/rm_ws/install/pointcloud_to_laserscan' for CMake config files
[588.681s] Level 1:colcon.colcon_core.shell:create_environment_hook('pointcloud_to_laserscan', 'cmake_prefix_path')
[588.684s] INFO:colcon.colcon_core.shell:Creating environment hook '/home/allen/rm_ws/install/pointcloud_to_laserscan/share/pointcloud_to_laserscan/hook/cmake_prefix_path.ps1'
[588.684s] INFO:colcon.colcon_core.shell:Creating environment descriptor '/home/allen/rm_ws/install/pointcloud_to_laserscan/share/pointcloud_to_laserscan/hook/cmake_prefix_path.dsv'
[588.685s] INFO:colcon.colcon_core.shell:Creating environment hook '/home/allen/rm_ws/install/pointcloud_to_laserscan/share/pointcloud_to_laserscan/hook/cmake_prefix_path.sh'
[588.689s] DEBUG:colcon.colcon_core.event_handler.log_command:Invoked command in '/home/allen/rm_ws/build/pointcloud_to_laserscan' returned '0': CMAKE_PREFIX_PATH=/home/allen/rm_ws/install/teb_local_planner:/home/allen/rm_ws/install/teb_msgs:/home/allen/rm_ws/install/ros2_livox_simulation:/home/allen/rm_ws/install/rmbot2:/home/allen/rm_ws/install/rm_navigation:/home/allen/rm_ws/install/rm_nav_bringup:/home/allen/rm_ws/install/pointcloud_to_laserscan:/home/allen/rm_ws/install/point_lio:/home/allen/rm_ws/install/icp_registration:/home/allen/rm_ws/install/fast_lio:/home/allen/rm_ws/install/livox_ros_driver2:/home/allen/rm_ws/install/linefit_ground_segmentation_ros:/home/allen/rm_ws/install/linefit_ground_segmentation:/home/allen/rm_ws/install/imu_complementary_filter:/home/allen/rm_ws/install/fake_vel_transform:/home/allen/rm_ws/install/costmap_converter:/home/allen/rm_ws/install/costmap_converter_msgs:/home/allen/Robomaster/rm_ws/install/teb_local_planner:/home/allen/Robomaster/rm_ws/install/teb_msgs:/home/allen/Robomaster/rm_ws/install/ros2_livox_simulation:/home/allen/Robomaster/rm_ws/install/rmbot2:/home/allen/Robomaster/rm_ws/install/rm_navigation:/home/allen/Robomaster/rm_ws/install/rm_nav_bringup:/home/allen/Robomaster/rm_ws/install/pointcloud_to_laserscan:/home/allen/Robomaster/rm_ws/install/point_lio:/home/allen/Robomaster/rm_ws/install/icp_registration:/home/allen/Robomaster/rm_ws/install/fast_lio:/home/allen/Robomaster/rm_ws/install/livox_ros_driver2:/home/allen/Robomaster/rm_ws/install/linefit_ground_segmentation_ros:/home/allen/Robomaster/rm_ws/install/linefit_ground_segmentation:/home/allen/Robomaster/rm_ws/install/imu_complementary_filter:/home/allen/Robomaster/rm_ws/install/fake_vel_transform:/home/allen/Robomaster/rm_ws/install/costmap_converter:/home/allen/Robomaster/rm_ws/install/costmap_converter_msgs:/home/allen/capstone/description_ws/install/ur_yt_sim:/home/allen/capstone/description_ws/install/ur10e_description:/home/allen/capstone/description_ws/install/kuka_agilus_support:/home/allen/capstone/description_ws/install/kuka_resources:/opt/ros/humble:/home/allen/capstone/description_ws/install/kuka_kr3_description /usr/bin/cmake --install /home/allen/rm_ws/build/pointcloud_to_laserscan
[588.689s] Level 1:colcon.colcon_core.environment:checking '/home/allen/rm_ws/install/pointcloud_to_laserscan/lib'
[588.689s] Level 1:colcon.colcon_core.shell:create_environment_hook('pointcloud_to_laserscan', 'ld_library_path_lib')
[588.689s] INFO:colcon.colcon_core.shell:Creating environment hook '/home/allen/rm_ws/install/pointcloud_to_laserscan/share/pointcloud_to_laserscan/hook/ld_library_path_lib.ps1'
[588.690s] INFO:colcon.colcon_core.shell:Creating environment descriptor '/home/allen/rm_ws/install/pointcloud_to_laserscan/share/pointcloud_to_laserscan/hook/ld_library_path_lib.dsv'
[588.693s] INFO:colcon.colcon_core.shell:Creating environment hook '/home/allen/rm_ws/install/pointcloud_to_laserscan/share/pointcloud_to_laserscan/hook/ld_library_path_lib.sh'
[588.694s] Level 1:colcon.colcon_core.environment:checking '/home/allen/rm_ws/install/pointcloud_to_laserscan/bin'
[588.694s] Level 1:colcon.colcon_core.environment:checking '/home/allen/rm_ws/install/pointcloud_to_laserscan/lib/pkgconfig/pointcloud_to_laserscan.pc'
[588.694s] Level 1:colcon.colcon_core.environment:checking '/home/allen/rm_ws/install/pointcloud_to_laserscan/lib/python3.10/site-packages'
[588.698s] Level 1:colcon.colcon_core.environment:checking '/home/allen/rm_ws/install/pointcloud_to_laserscan/bin'
[588.698s] INFO:colcon.colcon_core.shell:Creating package script '/home/allen/rm_ws/install/pointcloud_to_laserscan/share/pointcloud_to_laserscan/package.ps1'
[588.700s] INFO:colcon.colcon_core.shell:Creating package descriptor '/home/allen/rm_ws/install/pointcloud_to_laserscan/share/pointcloud_to_laserscan/package.dsv'
[588.701s] INFO:colcon.colcon_core.shell:Creating package script '/home/allen/rm_ws/install/pointcloud_to_laserscan/share/pointcloud_to_laserscan/package.sh'
[588.706s] INFO:colcon.colcon_core.shell:Creating package script '/home/allen/rm_ws/install/pointcloud_to_laserscan/share/pointcloud_to_laserscan/package.bash'
[588.706s] INFO:colcon.colcon_core.shell:Creating package script '/home/allen/rm_ws/install/pointcloud_to_laserscan/share/pointcloud_to_laserscan/package.zsh'
[588.707s] Level 1:colcon.colcon_core.environment:create_file_with_runtime_dependencies(/home/allen/rm_ws/install/pointcloud_to_laserscan/share/colcon-core/packages/pointcloud_to_laserscan)
[588.710s] Level 1:colcon.colcon_core.environment:create_environment_scripts_only(pointcloud_to_laserscan)
[588.715s] Level 1:colcon.colcon_core.environment:checking '/home/allen/rm_ws/install/pointcloud_to_laserscan' for CMake module files
[588.716s] Level 1:colcon.colcon_core.environment:checking '/home/allen/rm_ws/install/pointcloud_to_laserscan' for CMake config files
[588.717s] Level 1:colcon.colcon_core.shell:create_environment_hook('pointcloud_to_laserscan', 'cmake_prefix_path')
[588.718s] INFO:colcon.colcon_core.shell:Creating environment hook '/home/allen/rm_ws/install/pointcloud_to_laserscan/share/pointcloud_to_laserscan/hook/cmake_prefix_path.ps1'
[588.721s] INFO:colcon.colcon_core.shell:Creating environment descriptor '/home/allen/rm_ws/install/pointcloud_to_laserscan/share/pointcloud_to_laserscan/hook/cmake_prefix_path.dsv'
[588.722s] INFO:colcon.colcon_core.shell:Creating environment hook '/home/allen/rm_ws/install/pointcloud_to_laserscan/share/pointcloud_to_laserscan/hook/cmake_prefix_path.sh'
[588.726s] Level 1:colcon.colcon_core.environment:checking '/home/allen/rm_ws/install/pointcloud_to_laserscan/lib'
[588.726s] Level 1:colcon.colcon_core.shell:create_environment_hook('pointcloud_to_laserscan', 'ld_library_path_lib')
[588.729s] INFO:colcon.colcon_core.shell:Creating environment hook '/home/allen/rm_ws/install/pointcloud_to_laserscan/share/pointcloud_to_laserscan/hook/ld_library_path_lib.ps1'
[588.731s] INFO:colcon.colcon_core.shell:Creating environment descriptor '/home/allen/rm_ws/install/pointcloud_to_laserscan/share/pointcloud_to_laserscan/hook/ld_library_path_lib.dsv'
[588.734s] INFO:colcon.colcon_core.shell:Creating environment hook '/home/allen/rm_ws/install/pointcloud_to_laserscan/share/pointcloud_to_laserscan/hook/ld_library_path_lib.sh'
[588.735s] Level 1:colcon.colcon_core.environment:checking '/home/allen/rm_ws/install/pointcloud_to_laserscan/bin'
[588.735s] Level 1:colcon.colcon_core.environment:checking '/home/allen/rm_ws/install/pointcloud_to_laserscan/lib/pkgconfig/pointcloud_to_laserscan.pc'
[588.736s] Level 1:colcon.colcon_core.environment:checking '/home/allen/rm_ws/install/pointcloud_to_laserscan/lib/python3.10/site-packages'
[588.740s] Level 1:colcon.colcon_core.environment:checking '/home/allen/rm_ws/install/pointcloud_to_laserscan/bin'
[588.743s] INFO:colcon.colcon_core.shell:Creating package script '/home/allen/rm_ws/install/pointcloud_to_laserscan/share/pointcloud_to_laserscan/package.ps1'
[588.749s] INFO:colcon.colcon_core.shell:Creating package descriptor '/home/allen/rm_ws/install/pointcloud_to_laserscan/share/pointcloud_to_laserscan/package.dsv'
[588.754s] INFO:colcon.colcon_core.shell:Creating package script '/home/allen/rm_ws/install/pointcloud_to_laserscan/share/pointcloud_to_laserscan/package.sh'
[588.758s] INFO:colcon.colcon_core.shell:Creating package script '/home/allen/rm_ws/install/pointcloud_to_laserscan/share/pointcloud_to_laserscan/package.bash'
[588.762s] INFO:colcon.colcon_core.shell:Creating package script '/home/allen/rm_ws/install/pointcloud_to_laserscan/share/pointcloud_to_laserscan/package.zsh'
[588.763s] Level 1:colcon.colcon_core.environment:create_file_with_runtime_dependencies(/home/allen/rm_ws/install/pointcloud_to_laserscan/share/colcon-core/packages/pointcloud_to_laserscan)
[588.766s] INFO:colcon.colcon_ros.task.ament_cmake.build:Building ROS package in '/home/allen/rm_ws/src/rm_localization/icp_registration' with build type 'ament_cmake'
[588.766s] INFO:colcon.colcon_cmake.task.cmake.build:Building CMake package in '/home/allen/rm_ws/src/rm_localization/icp_registration'
[588.766s] INFO:colcon.colcon_core.shell:Skip shell extension 'powershell' for command environment: Not usable outside of PowerShell
[588.766s] DEBUG:colcon.colcon_core.shell:Skip shell extension 'dsv' for command environment
[588.862s] DEBUG:colcon.colcon_core.event_handler.log_command:Invoking command in '/home/allen/rm_ws/build/icp_registration': CMAKE_PREFIX_PATH=/home/allen/rm_ws/install/livox_ros_driver2:/home/allen/rm_ws/install/teb_local_planner:/home/allen/rm_ws/install/teb_msgs:/home/allen/rm_ws/install/ros2_livox_simulation:/home/allen/rm_ws/install/rmbot2:/home/allen/rm_ws/install/rm_navigation:/home/allen/rm_ws/install/rm_nav_bringup:/home/allen/rm_ws/install/pointcloud_to_laserscan:/home/allen/rm_ws/install/point_lio:/home/allen/rm_ws/install/icp_registration:/home/allen/rm_ws/install/fast_lio:/home/allen/rm_ws/install/linefit_ground_segmentation_ros:/home/allen/rm_ws/install/linefit_ground_segmentation:/home/allen/rm_ws/install/imu_complementary_filter:/home/allen/rm_ws/install/fake_vel_transform:/home/allen/rm_ws/install/costmap_converter:/home/allen/rm_ws/install/costmap_converter_msgs:/home/allen/Robomaster/rm_ws/install/teb_local_planner:/home/allen/Robomaster/rm_ws/install/teb_msgs:/home/allen/Robomaster/rm_ws/install/ros2_livox_simulation:/home/allen/Robomaster/rm_ws/install/rmbot2:/home/allen/Robomaster/rm_ws/install/rm_navigation:/home/allen/Robomaster/rm_ws/install/rm_nav_bringup:/home/allen/Robomaster/rm_ws/install/pointcloud_to_laserscan:/home/allen/Robomaster/rm_ws/install/point_lio:/home/allen/Robomaster/rm_ws/install/icp_registration:/home/allen/Robomaster/rm_ws/install/fast_lio:/home/allen/Robomaster/rm_ws/install/livox_ros_driver2:/home/allen/Robomaster/rm_ws/install/linefit_ground_segmentation_ros:/home/allen/Robomaster/rm_ws/install/linefit_ground_segmentation:/home/allen/Robomaster/rm_ws/install/imu_complementary_filter:/home/allen/Robomaster/rm_ws/install/fake_vel_transform:/home/allen/Robomaster/rm_ws/install/costmap_converter:/home/allen/Robomaster/rm_ws/install/costmap_converter_msgs:/home/allen/capstone/description_ws/install/ur_yt_sim:/home/allen/capstone/description_ws/install/ur10e_description:/home/allen/capstone/description_ws/install/kuka_agilus_support:/home/allen/capstone/description_ws/install/kuka_resources:/opt/ros/humble:/home/allen/capstone/description_ws/install/kuka_kr3_description LD_LIBRARY_PATH=/home/allen/rm_ws/install/livox_ros_driver2/lib:/home/allen/rm_ws/install/teb_local_planner/lib:/home/allen/rm_ws/install/teb_msgs/lib:/home/allen/rm_ws/install/ros2_livox_simulation/lib:/home/allen/rm_ws/install/pointcloud_to_laserscan/lib:/home/allen/rm_ws/install/icp_registration/lib:/home/allen/rm_ws/install/fast_lio/lib:/home/allen/rm_ws/install/linefit_ground_segmentation/lib:/home/allen/rm_ws/install/imu_complementary_filter/lib:/home/allen/rm_ws/install/fake_vel_transform/lib:/home/allen/rm_ws/install/costmap_converter/lib:/home/allen/rm_ws/install/costmap_converter_msgs/lib:/home/allen/Robomaster/rm_ws/install/teb_local_planner/lib:/home/allen/Robomaster/rm_ws/install/teb_msgs/lib:/home/allen/Robomaster/rm_ws/install/ros2_livox_simulation/lib:/home/allen/Robomaster/rm_ws/install/pointcloud_to_laserscan/lib:/home/allen/Robomaster/rm_ws/install/icp_registration/lib:/home/allen/Robomaster/rm_ws/install/fast_lio/lib:/home/allen/Robomaster/rm_ws/install/livox_ros_driver2/lib:/home/allen/Robomaster/rm_ws/install/linefit_ground_segmentation/lib:/home/allen/Robomaster/rm_ws/install/imu_complementary_filter/lib:/home/allen/Robomaster/rm_ws/install/fake_vel_transform/lib:/home/allen/Robomaster/rm_ws/install/costmap_converter/lib:/home/allen/Robomaster/rm_ws/install/costmap_converter_msgs/lib:/usr/lib/x86_64-linux-gnu/gazebo-11/plugins:/opt/ros/humble/opt/rviz_ogre_vendor/lib:/opt/ros/humble/lib/x86_64-linux-gnu:/opt/ros/humble/opt/openvdb_vendor/lib:/opt/ros/humble/lib:/usr/local/lib:/usr/local/lib:/usr/local/lib:/usr/local/lib /usr/bin/cmake /home/allen/rm_ws/src/rm_localization/icp_registration -DAMENT_CMAKE_SYMLINK_INSTALL=1 -DCMAKE_INSTALL_PREFIX=/home/allen/rm_ws/install/icp_registration
[606.513s] DEBUG:colcon.colcon_core.event_handler.log_command:Invoked command in '/home/allen/rm_ws/build/icp_registration' returned '0': CMAKE_PREFIX_PATH=/home/allen/rm_ws/install/livox_ros_driver2:/home/allen/rm_ws/install/teb_local_planner:/home/allen/rm_ws/install/teb_msgs:/home/allen/rm_ws/install/ros2_livox_simulation:/home/allen/rm_ws/install/rmbot2:/home/allen/rm_ws/install/rm_navigation:/home/allen/rm_ws/install/rm_nav_bringup:/home/allen/rm_ws/install/pointcloud_to_laserscan:/home/allen/rm_ws/install/point_lio:/home/allen/rm_ws/install/icp_registration:/home/allen/rm_ws/install/fast_lio:/home/allen/rm_ws/install/linefit_ground_segmentation_ros:/home/allen/rm_ws/install/linefit_ground_segmentation:/home/allen/rm_ws/install/imu_complementary_filter:/home/allen/rm_ws/install/fake_vel_transform:/home/allen/rm_ws/install/costmap_converter:/home/allen/rm_ws/install/costmap_converter_msgs:/home/allen/Robomaster/rm_ws/install/teb_local_planner:/home/allen/Robomaster/rm_ws/install/teb_msgs:/home/allen/Robomaster/rm_ws/install/ros2_livox_simulation:/home/allen/Robomaster/rm_ws/install/rmbot2:/home/allen/Robomaster/rm_ws/install/rm_navigation:/home/allen/Robomaster/rm_ws/install/rm_nav_bringup:/home/allen/Robomaster/rm_ws/install/pointcloud_to_laserscan:/home/allen/Robomaster/rm_ws/install/point_lio:/home/allen/Robomaster/rm_ws/install/icp_registration:/home/allen/Robomaster/rm_ws/install/fast_lio:/home/allen/Robomaster/rm_ws/install/livox_ros_driver2:/home/allen/Robomaster/rm_ws/install/linefit_ground_segmentation_ros:/home/allen/Robomaster/rm_ws/install/linefit_ground_segmentation:/home/allen/Robomaster/rm_ws/install/imu_complementary_filter:/home/allen/Robomaster/rm_ws/install/fake_vel_transform:/home/allen/Robomaster/rm_ws/install/costmap_converter:/home/allen/Robomaster/rm_ws/install/costmap_converter_msgs:/home/allen/capstone/description_ws/install/ur_yt_sim:/home/allen/capstone/description_ws/install/ur10e_description:/home/allen/capstone/description_ws/install/kuka_agilus_support:/home/allen/capstone/description_ws/install/kuka_resources:/opt/ros/humble:/home/allen/capstone/description_ws/install/kuka_kr3_description LD_LIBRARY_PATH=/home/allen/rm_ws/install/livox_ros_driver2/lib:/home/allen/rm_ws/install/teb_local_planner/lib:/home/allen/rm_ws/install/teb_msgs/lib:/home/allen/rm_ws/install/ros2_livox_simulation/lib:/home/allen/rm_ws/install/pointcloud_to_laserscan/lib:/home/allen/rm_ws/install/icp_registration/lib:/home/allen/rm_ws/install/fast_lio/lib:/home/allen/rm_ws/install/linefit_ground_segmentation/lib:/home/allen/rm_ws/install/imu_complementary_filter/lib:/home/allen/rm_ws/install/fake_vel_transform/lib:/home/allen/rm_ws/install/costmap_converter/lib:/home/allen/rm_ws/install/costmap_converter_msgs/lib:/home/allen/Robomaster/rm_ws/install/teb_local_planner/lib:/home/allen/Robomaster/rm_ws/install/teb_msgs/lib:/home/allen/Robomaster/rm_ws/install/ros2_livox_simulation/lib:/home/allen/Robomaster/rm_ws/install/pointcloud_to_laserscan/lib:/home/allen/Robomaster/rm_ws/install/icp_registration/lib:/home/allen/Robomaster/rm_ws/install/fast_lio/lib:/home/allen/Robomaster/rm_ws/install/livox_ros_driver2/lib:/home/allen/Robomaster/rm_ws/install/linefit_ground_segmentation/lib:/home/allen/Robomaster/rm_ws/install/imu_complementary_filter/lib:/home/allen/Robomaster/rm_ws/install/fake_vel_transform/lib:/home/allen/Robomaster/rm_ws/install/costmap_converter/lib:/home/allen/Robomaster/rm_ws/install/costmap_converter_msgs/lib:/usr/lib/x86_64-linux-gnu/gazebo-11/plugins:/opt/ros/humble/opt/rviz_ogre_vendor/lib:/opt/ros/humble/lib/x86_64-linux-gnu:/opt/ros/humble/opt/openvdb_vendor/lib:/opt/ros/humble/lib:/usr/local/lib:/usr/local/lib:/usr/local/lib:/usr/local/lib /usr/bin/cmake /home/allen/rm_ws/src/rm_localization/icp_registration -DAMENT_CMAKE_SYMLINK_INSTALL=1 -DCMAKE_INSTALL_PREFIX=/home/allen/rm_ws/install/icp_registration
[606.521s] DEBUG:colcon.colcon_core.event_handler.log_command:Invoking command in '/home/allen/rm_ws/build/icp_registration': CMAKE_PREFIX_PATH=/home/allen/rm_ws/install/livox_ros_driver2:/home/allen/rm_ws/install/teb_local_planner:/home/allen/rm_ws/install/teb_msgs:/home/allen/rm_ws/install/ros2_livox_simulation:/home/allen/rm_ws/install/rmbot2:/home/allen/rm_ws/install/rm_navigation:/home/allen/rm_ws/install/rm_nav_bringup:/home/allen/rm_ws/install/pointcloud_to_laserscan:/home/allen/rm_ws/install/point_lio:/home/allen/rm_ws/install/icp_registration:/home/allen/rm_ws/install/fast_lio:/home/allen/rm_ws/install/linefit_ground_segmentation_ros:/home/allen/rm_ws/install/linefit_ground_segmentation:/home/allen/rm_ws/install/imu_complementary_filter:/home/allen/rm_ws/install/fake_vel_transform:/home/allen/rm_ws/install/costmap_converter:/home/allen/rm_ws/install/costmap_converter_msgs:/home/allen/Robomaster/rm_ws/install/teb_local_planner:/home/allen/Robomaster/rm_ws/install/teb_msgs:/home/allen/Robomaster/rm_ws/install/ros2_livox_simulation:/home/allen/Robomaster/rm_ws/install/rmbot2:/home/allen/Robomaster/rm_ws/install/rm_navigation:/home/allen/Robomaster/rm_ws/install/rm_nav_bringup:/home/allen/Robomaster/rm_ws/install/pointcloud_to_laserscan:/home/allen/Robomaster/rm_ws/install/point_lio:/home/allen/Robomaster/rm_ws/install/icp_registration:/home/allen/Robomaster/rm_ws/install/fast_lio:/home/allen/Robomaster/rm_ws/install/livox_ros_driver2:/home/allen/Robomaster/rm_ws/install/linefit_ground_segmentation_ros:/home/allen/Robomaster/rm_ws/install/linefit_ground_segmentation:/home/allen/Robomaster/rm_ws/install/imu_complementary_filter:/home/allen/Robomaster/rm_ws/install/fake_vel_transform:/home/allen/Robomaster/rm_ws/install/costmap_converter:/home/allen/Robomaster/rm_ws/install/costmap_converter_msgs:/home/allen/capstone/description_ws/install/ur_yt_sim:/home/allen/capstone/description_ws/install/ur10e_description:/home/allen/capstone/description_ws/install/kuka_agilus_support:/home/allen/capstone/description_ws/install/kuka_resources:/opt/ros/humble:/home/allen/capstone/description_ws/install/kuka_kr3_description LD_LIBRARY_PATH=/home/allen/rm_ws/install/livox_ros_driver2/lib:/home/allen/rm_ws/install/teb_local_planner/lib:/home/allen/rm_ws/install/teb_msgs/lib:/home/allen/rm_ws/install/ros2_livox_simulation/lib:/home/allen/rm_ws/install/pointcloud_to_laserscan/lib:/home/allen/rm_ws/install/icp_registration/lib:/home/allen/rm_ws/install/fast_lio/lib:/home/allen/rm_ws/install/linefit_ground_segmentation/lib:/home/allen/rm_ws/install/imu_complementary_filter/lib:/home/allen/rm_ws/install/fake_vel_transform/lib:/home/allen/rm_ws/install/costmap_converter/lib:/home/allen/rm_ws/install/costmap_converter_msgs/lib:/home/allen/Robomaster/rm_ws/install/teb_local_planner/lib:/home/allen/Robomaster/rm_ws/install/teb_msgs/lib:/home/allen/Robomaster/rm_ws/install/ros2_livox_simulation/lib:/home/allen/Robomaster/rm_ws/install/pointcloud_to_laserscan/lib:/home/allen/Robomaster/rm_ws/install/icp_registration/lib:/home/allen/Robomaster/rm_ws/install/fast_lio/lib:/home/allen/Robomaster/rm_ws/install/livox_ros_driver2/lib:/home/allen/Robomaster/rm_ws/install/linefit_ground_segmentation/lib:/home/allen/Robomaster/rm_ws/install/imu_complementary_filter/lib:/home/allen/Robomaster/rm_ws/install/fake_vel_transform/lib:/home/allen/Robomaster/rm_ws/install/costmap_converter/lib:/home/allen/Robomaster/rm_ws/install/costmap_converter_msgs/lib:/usr/lib/x86_64-linux-gnu/gazebo-11/plugins:/opt/ros/humble/opt/rviz_ogre_vendor/lib:/opt/ros/humble/lib/x86_64-linux-gnu:/opt/ros/humble/opt/openvdb_vendor/lib:/opt/ros/humble/lib:/usr/local/lib:/usr/local/lib:/usr/local/lib:/usr/local/lib /usr/bin/cmake --build /home/allen/rm_ws/build/icp_registration -- -j2 -l2
[718.609s] DEBUG:colcon.colcon_core.event_handler.log_command:Invoked command in '/home/allen/rm_ws/build/icp_registration' returned '0': CMAKE_PREFIX_PATH=/home/allen/rm_ws/install/livox_ros_driver2:/home/allen/rm_ws/install/teb_local_planner:/home/allen/rm_ws/install/teb_msgs:/home/allen/rm_ws/install/ros2_livox_simulation:/home/allen/rm_ws/install/rmbot2:/home/allen/rm_ws/install/rm_navigation:/home/allen/rm_ws/install/rm_nav_bringup:/home/allen/rm_ws/install/pointcloud_to_laserscan:/home/allen/rm_ws/install/point_lio:/home/allen/rm_ws/install/icp_registration:/home/allen/rm_ws/install/fast_lio:/home/allen/rm_ws/install/linefit_ground_segmentation_ros:/home/allen/rm_ws/install/linefit_ground_segmentation:/home/allen/rm_ws/install/imu_complementary_filter:/home/allen/rm_ws/install/fake_vel_transform:/home/allen/rm_ws/install/costmap_converter:/home/allen/rm_ws/install/costmap_converter_msgs:/home/allen/Robomaster/rm_ws/install/teb_local_planner:/home/allen/Robomaster/rm_ws/install/teb_msgs:/home/allen/Robomaster/rm_ws/install/ros2_livox_simulation:/home/allen/Robomaster/rm_ws/install/rmbot2:/home/allen/Robomaster/rm_ws/install/rm_navigation:/home/allen/Robomaster/rm_ws/install/rm_nav_bringup:/home/allen/Robomaster/rm_ws/install/pointcloud_to_laserscan:/home/allen/Robomaster/rm_ws/install/point_lio:/home/allen/Robomaster/rm_ws/install/icp_registration:/home/allen/Robomaster/rm_ws/install/fast_lio:/home/allen/Robomaster/rm_ws/install/livox_ros_driver2:/home/allen/Robomaster/rm_ws/install/linefit_ground_segmentation_ros:/home/allen/Robomaster/rm_ws/install/linefit_ground_segmentation:/home/allen/Robomaster/rm_ws/install/imu_complementary_filter:/home/allen/Robomaster/rm_ws/install/fake_vel_transform:/home/allen/Robomaster/rm_ws/install/costmap_converter:/home/allen/Robomaster/rm_ws/install/costmap_converter_msgs:/home/allen/capstone/description_ws/install/ur_yt_sim:/home/allen/capstone/description_ws/install/ur10e_description:/home/allen/capstone/description_ws/install/kuka_agilus_support:/home/allen/capstone/description_ws/install/kuka_resources:/opt/ros/humble:/home/allen/capstone/description_ws/install/kuka_kr3_description LD_LIBRARY_PATH=/home/allen/rm_ws/install/livox_ros_driver2/lib:/home/allen/rm_ws/install/teb_local_planner/lib:/home/allen/rm_ws/install/teb_msgs/lib:/home/allen/rm_ws/install/ros2_livox_simulation/lib:/home/allen/rm_ws/install/pointcloud_to_laserscan/lib:/home/allen/rm_ws/install/icp_registration/lib:/home/allen/rm_ws/install/fast_lio/lib:/home/allen/rm_ws/install/linefit_ground_segmentation/lib:/home/allen/rm_ws/install/imu_complementary_filter/lib:/home/allen/rm_ws/install/fake_vel_transform/lib:/home/allen/rm_ws/install/costmap_converter/lib:/home/allen/rm_ws/install/costmap_converter_msgs/lib:/home/allen/Robomaster/rm_ws/install/teb_local_planner/lib:/home/allen/Robomaster/rm_ws/install/teb_msgs/lib:/home/allen/Robomaster/rm_ws/install/ros2_livox_simulation/lib:/home/allen/Robomaster/rm_ws/install/pointcloud_to_laserscan/lib:/home/allen/Robomaster/rm_ws/install/icp_registration/lib:/home/allen/Robomaster/rm_ws/install/fast_lio/lib:/home/allen/Robomaster/rm_ws/install/livox_ros_driver2/lib:/home/allen/Robomaster/rm_ws/install/linefit_ground_segmentation/lib:/home/allen/Robomaster/rm_ws/install/imu_complementary_filter/lib:/home/allen/Robomaster/rm_ws/install/fake_vel_transform/lib:/home/allen/Robomaster/rm_ws/install/costmap_converter/lib:/home/allen/Robomaster/rm_ws/install/costmap_converter_msgs/lib:/usr/lib/x86_64-linux-gnu/gazebo-11/plugins:/opt/ros/humble/opt/rviz_ogre_vendor/lib:/opt/ros/humble/lib/x86_64-linux-gnu:/opt/ros/humble/opt/openvdb_vendor/lib:/opt/ros/humble/lib:/usr/local/lib:/usr/local/lib:/usr/local/lib:/usr/local/lib /usr/bin/cmake --build /home/allen/rm_ws/build/icp_registration -- -j2 -l2
[718.615s] DEBUG:colcon.colcon_core.event_handler.log_command:Invoking command in '/home/allen/rm_ws/build/icp_registration': CMAKE_PREFIX_PATH=/home/allen/rm_ws/install/livox_ros_driver2:/home/allen/rm_ws/install/teb_local_planner:/home/allen/rm_ws/install/teb_msgs:/home/allen/rm_ws/install/ros2_livox_simulation:/home/allen/rm_ws/install/rmbot2:/home/allen/rm_ws/install/rm_navigation:/home/allen/rm_ws/install/rm_nav_bringup:/home/allen/rm_ws/install/pointcloud_to_laserscan:/home/allen/rm_ws/install/point_lio:/home/allen/rm_ws/install/icp_registration:/home/allen/rm_ws/install/fast_lio:/home/allen/rm_ws/install/linefit_ground_segmentation_ros:/home/allen/rm_ws/install/linefit_ground_segmentation:/home/allen/rm_ws/install/imu_complementary_filter:/home/allen/rm_ws/install/fake_vel_transform:/home/allen/rm_ws/install/costmap_converter:/home/allen/rm_ws/install/costmap_converter_msgs:/home/allen/Robomaster/rm_ws/install/teb_local_planner:/home/allen/Robomaster/rm_ws/install/teb_msgs:/home/allen/Robomaster/rm_ws/install/ros2_livox_simulation:/home/allen/Robomaster/rm_ws/install/rmbot2:/home/allen/Robomaster/rm_ws/install/rm_navigation:/home/allen/Robomaster/rm_ws/install/rm_nav_bringup:/home/allen/Robomaster/rm_ws/install/pointcloud_to_laserscan:/home/allen/Robomaster/rm_ws/install/point_lio:/home/allen/Robomaster/rm_ws/install/icp_registration:/home/allen/Robomaster/rm_ws/install/fast_lio:/home/allen/Robomaster/rm_ws/install/livox_ros_driver2:/home/allen/Robomaster/rm_ws/install/linefit_ground_segmentation_ros:/home/allen/Robomaster/rm_ws/install/linefit_ground_segmentation:/home/allen/Robomaster/rm_ws/install/imu_complementary_filter:/home/allen/Robomaster/rm_ws/install/fake_vel_transform:/home/allen/Robomaster/rm_ws/install/costmap_converter:/home/allen/Robomaster/rm_ws/install/costmap_converter_msgs:/home/allen/capstone/description_ws/install/ur_yt_sim:/home/allen/capstone/description_ws/install/ur10e_description:/home/allen/capstone/description_ws/install/kuka_agilus_support:/home/allen/capstone/description_ws/install/kuka_resources:/opt/ros/humble:/home/allen/capstone/description_ws/install/kuka_kr3_description LD_LIBRARY_PATH=/home/allen/rm_ws/install/livox_ros_driver2/lib:/home/allen/rm_ws/install/teb_local_planner/lib:/home/allen/rm_ws/install/teb_msgs/lib:/home/allen/rm_ws/install/ros2_livox_simulation/lib:/home/allen/rm_ws/install/pointcloud_to_laserscan/lib:/home/allen/rm_ws/install/icp_registration/lib:/home/allen/rm_ws/install/fast_lio/lib:/home/allen/rm_ws/install/linefit_ground_segmentation/lib:/home/allen/rm_ws/install/imu_complementary_filter/lib:/home/allen/rm_ws/install/fake_vel_transform/lib:/home/allen/rm_ws/install/costmap_converter/lib:/home/allen/rm_ws/install/costmap_converter_msgs/lib:/home/allen/Robomaster/rm_ws/install/teb_local_planner/lib:/home/allen/Robomaster/rm_ws/install/teb_msgs/lib:/home/allen/Robomaster/rm_ws/install/ros2_livox_simulation/lib:/home/allen/Robomaster/rm_ws/install/pointcloud_to_laserscan/lib:/home/allen/Robomaster/rm_ws/install/icp_registration/lib:/home/allen/Robomaster/rm_ws/install/fast_lio/lib:/home/allen/Robomaster/rm_ws/install/livox_ros_driver2/lib:/home/allen/Robomaster/rm_ws/install/linefit_ground_segmentation/lib:/home/allen/Robomaster/rm_ws/install/imu_complementary_filter/lib:/home/allen/Robomaster/rm_ws/install/fake_vel_transform/lib:/home/allen/Robomaster/rm_ws/install/costmap_converter/lib:/home/allen/Robomaster/rm_ws/install/costmap_converter_msgs/lib:/usr/lib/x86_64-linux-gnu/gazebo-11/plugins:/opt/ros/humble/opt/rviz_ogre_vendor/lib:/opt/ros/humble/lib/x86_64-linux-gnu:/opt/ros/humble/opt/openvdb_vendor/lib:/opt/ros/humble/lib:/usr/local/lib:/usr/local/lib:/usr/local/lib:/usr/local/lib /usr/bin/cmake --install /home/allen/rm_ws/build/icp_registration
[720.048s] Level 1:colcon.colcon_core.environment:create_environment_scripts_only(icp_registration)
[720.049s] Level 1:colcon.colcon_core.environment:checking '/home/allen/rm_ws/install/icp_registration' for CMake module files
[720.052s] Level 1:colcon.colcon_core.environment:checking '/home/allen/rm_ws/install/icp_registration' for CMake config files
[720.054s] DEBUG:colcon.colcon_core.event_handler.log_command:Invoked command in '/home/allen/rm_ws/build/icp_registration' returned '0': CMAKE_PREFIX_PATH=/home/allen/rm_ws/install/livox_ros_driver2:/home/allen/rm_ws/install/teb_local_planner:/home/allen/rm_ws/install/teb_msgs:/home/allen/rm_ws/install/ros2_livox_simulation:/home/allen/rm_ws/install/rmbot2:/home/allen/rm_ws/install/rm_navigation:/home/allen/rm_ws/install/rm_nav_bringup:/home/allen/rm_ws/install/pointcloud_to_laserscan:/home/allen/rm_ws/install/point_lio:/home/allen/rm_ws/install/icp_registration:/home/allen/rm_ws/install/fast_lio:/home/allen/rm_ws/install/linefit_ground_segmentation_ros:/home/allen/rm_ws/install/linefit_ground_segmentation:/home/allen/rm_ws/install/imu_complementary_filter:/home/allen/rm_ws/install/fake_vel_transform:/home/allen/rm_ws/install/costmap_converter:/home/allen/rm_ws/install/costmap_converter_msgs:/home/allen/Robomaster/rm_ws/install/teb_local_planner:/home/allen/Robomaster/rm_ws/install/teb_msgs:/home/allen/Robomaster/rm_ws/install/ros2_livox_simulation:/home/allen/Robomaster/rm_ws/install/rmbot2:/home/allen/Robomaster/rm_ws/install/rm_navigation:/home/allen/Robomaster/rm_ws/install/rm_nav_bringup:/home/allen/Robomaster/rm_ws/install/pointcloud_to_laserscan:/home/allen/Robomaster/rm_ws/install/point_lio:/home/allen/Robomaster/rm_ws/install/icp_registration:/home/allen/Robomaster/rm_ws/install/fast_lio:/home/allen/Robomaster/rm_ws/install/livox_ros_driver2:/home/allen/Robomaster/rm_ws/install/linefit_ground_segmentation_ros:/home/allen/Robomaster/rm_ws/install/linefit_ground_segmentation:/home/allen/Robomaster/rm_ws/install/imu_complementary_filter:/home/allen/Robomaster/rm_ws/install/fake_vel_transform:/home/allen/Robomaster/rm_ws/install/costmap_converter:/home/allen/Robomaster/rm_ws/install/costmap_converter_msgs:/home/allen/capstone/description_ws/install/ur_yt_sim:/home/allen/capstone/description_ws/install/ur10e_description:/home/allen/capstone/description_ws/install/kuka_agilus_support:/home/allen/capstone/description_ws/install/kuka_resources:/opt/ros/humble:/home/allen/capstone/description_ws/install/kuka_kr3_description LD_LIBRARY_PATH=/home/allen/rm_ws/install/livox_ros_driver2/lib:/home/allen/rm_ws/install/teb_local_planner/lib:/home/allen/rm_ws/install/teb_msgs/lib:/home/allen/rm_ws/install/ros2_livox_simulation/lib:/home/allen/rm_ws/install/pointcloud_to_laserscan/lib:/home/allen/rm_ws/install/icp_registration/lib:/home/allen/rm_ws/install/fast_lio/lib:/home/allen/rm_ws/install/linefit_ground_segmentation/lib:/home/allen/rm_ws/install/imu_complementary_filter/lib:/home/allen/rm_ws/install/fake_vel_transform/lib:/home/allen/rm_ws/install/costmap_converter/lib:/home/allen/rm_ws/install/costmap_converter_msgs/lib:/home/allen/Robomaster/rm_ws/install/teb_local_planner/lib:/home/allen/Robomaster/rm_ws/install/teb_msgs/lib:/home/allen/Robomaster/rm_ws/install/ros2_livox_simulation/lib:/home/allen/Robomaster/rm_ws/install/pointcloud_to_laserscan/lib:/home/allen/Robomaster/rm_ws/install/icp_registration/lib:/home/allen/Robomaster/rm_ws/install/fast_lio/lib:/home/allen/Robomaster/rm_ws/install/livox_ros_driver2/lib:/home/allen/Robomaster/rm_ws/install/linefit_ground_segmentation/lib:/home/allen/Robomaster/rm_ws/install/imu_complementary_filter/lib:/home/allen/Robomaster/rm_ws/install/fake_vel_transform/lib:/home/allen/Robomaster/rm_ws/install/costmap_converter/lib:/home/allen/Robomaster/rm_ws/install/costmap_converter_msgs/lib:/usr/lib/x86_64-linux-gnu/gazebo-11/plugins:/opt/ros/humble/opt/rviz_ogre_vendor/lib:/opt/ros/humble/lib/x86_64-linux-gnu:/opt/ros/humble/opt/openvdb_vendor/lib:/opt/ros/humble/lib:/usr/local/lib:/usr/local/lib:/usr/local/lib:/usr/local/lib /usr/bin/cmake --install /home/allen/rm_ws/build/icp_registration
[720.055s] Level 1:colcon.colcon_core.shell:create_environment_hook('icp_registration', 'cmake_prefix_path')
[720.055s] INFO:colcon.colcon_core.shell:Creating environment hook '/home/allen/rm_ws/install/icp_registration/share/icp_registration/hook/cmake_prefix_path.ps1'
[720.056s] INFO:colcon.colcon_core.shell:Creating environment descriptor '/home/allen/rm_ws/install/icp_registration/share/icp_registration/hook/cmake_prefix_path.dsv'
[720.062s] INFO:colcon.colcon_core.shell:Creating environment hook '/home/allen/rm_ws/install/icp_registration/share/icp_registration/hook/cmake_prefix_path.sh'
[720.064s] Level 1:colcon.colcon_core.environment:checking '/home/allen/rm_ws/install/icp_registration/lib'
[720.065s] Level 1:colcon.colcon_core.shell:create_environment_hook('icp_registration', 'ld_library_path_lib')
[720.068s] INFO:colcon.colcon_core.shell:Creating environment hook '/home/allen/rm_ws/install/icp_registration/share/icp_registration/hook/ld_library_path_lib.ps1'
[720.070s] INFO:colcon.colcon_core.shell:Creating environment descriptor '/home/allen/rm_ws/install/icp_registration/share/icp_registration/hook/ld_library_path_lib.dsv'
[720.073s] INFO:colcon.colcon_core.shell:Creating environment hook '/home/allen/rm_ws/install/icp_registration/share/icp_registration/hook/ld_library_path_lib.sh'
[720.074s] Level 1:colcon.colcon_core.environment:checking '/home/allen/rm_ws/install/icp_registration/bin'
[720.074s] Level 1:colcon.colcon_core.environment:checking '/home/allen/rm_ws/install/icp_registration/lib/pkgconfig/icp_registration.pc'
[720.079s] Level 1:colcon.colcon_core.environment:checking '/home/allen/rm_ws/install/icp_registration/lib/python3.10/site-packages'
[720.080s] Level 1:colcon.colcon_core.environment:checking '/home/allen/rm_ws/install/icp_registration/bin'
[720.081s] INFO:colcon.colcon_core.shell:Creating package script '/home/allen/rm_ws/install/icp_registration/share/icp_registration/package.ps1'
[720.089s] INFO:colcon.colcon_core.shell:Creating package descriptor '/home/allen/rm_ws/install/icp_registration/share/icp_registration/package.dsv'
[720.092s] INFO:colcon.colcon_core.shell:Creating package script '/home/allen/rm_ws/install/icp_registration/share/icp_registration/package.sh'
[720.097s] INFO:colcon.colcon_core.shell:Creating package script '/home/allen/rm_ws/install/icp_registration/share/icp_registration/package.bash'
[720.098s] INFO:colcon.colcon_core.shell:Creating package script '/home/allen/rm_ws/install/icp_registration/share/icp_registration/package.zsh'
[720.100s] Level 1:colcon.colcon_core.environment:create_file_with_runtime_dependencies(/home/allen/rm_ws/install/icp_registration/share/colcon-core/packages/icp_registration)
[720.103s] Level 1:colcon.colcon_core.environment:create_environment_scripts_only(icp_registration)
[720.105s] Level 1:colcon.colcon_core.environment:checking '/home/allen/rm_ws/install/icp_registration' for CMake module files
[720.107s] Level 1:colcon.colcon_core.environment:checking '/home/allen/rm_ws/install/icp_registration' for CMake config files
[720.112s] Level 1:colcon.colcon_core.shell:create_environment_hook('icp_registration', 'cmake_prefix_path')
[720.115s] INFO:colcon.colcon_core.shell:Creating environment hook '/home/allen/rm_ws/install/icp_registration/share/icp_registration/hook/cmake_prefix_path.ps1'
[720.119s] INFO:colcon.colcon_core.shell:Creating environment descriptor '/home/allen/rm_ws/install/icp_registration/share/icp_registration/hook/cmake_prefix_path.dsv'
[720.123s] INFO:colcon.colcon_core.shell:Creating environment hook '/home/allen/rm_ws/install/icp_registration/share/icp_registration/hook/cmake_prefix_path.sh'
[720.127s] Level 1:colcon.colcon_core.environment:checking '/home/allen/rm_ws/install/icp_registration/lib'
[720.127s] Level 1:colcon.colcon_core.shell:create_environment_hook('icp_registration', 'ld_library_path_lib')
[720.128s] INFO:colcon.colcon_core.shell:Creating environment hook '/home/allen/rm_ws/install/icp_registration/share/icp_registration/hook/ld_library_path_lib.ps1'
[720.129s] INFO:colcon.colcon_core.shell:Creating environment descriptor '/home/allen/rm_ws/install/icp_registration/share/icp_registration/hook/ld_library_path_lib.dsv'
[720.130s] INFO:colcon.colcon_core.shell:Creating environment hook '/home/allen/rm_ws/install/icp_registration/share/icp_registration/hook/ld_library_path_lib.sh'
[720.132s] Level 1:colcon.colcon_core.environment:checking '/home/allen/rm_ws/install/icp_registration/bin'
[720.133s] Level 1:colcon.colcon_core.environment:checking '/home/allen/rm_ws/install/icp_registration/lib/pkgconfig/icp_registration.pc'
[720.133s] Level 1:colcon.colcon_core.environment:checking '/home/allen/rm_ws/install/icp_registration/lib/python3.10/site-packages'
[720.134s] Level 1:colcon.colcon_core.environment:checking '/home/allen/rm_ws/install/icp_registration/bin'
[720.135s] INFO:colcon.colcon_core.shell:Creating package script '/home/allen/rm_ws/install/icp_registration/share/icp_registration/package.ps1'
[720.140s] INFO:colcon.colcon_core.shell:Creating package descriptor '/home/allen/rm_ws/install/icp_registration/share/icp_registration/package.dsv'
[720.145s] INFO:colcon.colcon_core.shell:Creating package script '/home/allen/rm_ws/install/icp_registration/share/icp_registration/package.sh'
[720.147s] INFO:colcon.colcon_core.shell:Creating package script '/home/allen/rm_ws/install/icp_registration/share/icp_registration/package.bash'
[720.151s] INFO:colcon.colcon_core.shell:Creating package script '/home/allen/rm_ws/install/icp_registration/share/icp_registration/package.zsh'
[720.154s] Level 1:colcon.colcon_core.environment:create_file_with_runtime_dependencies(/home/allen/rm_ws/install/icp_registration/share/colcon-core/packages/icp_registration)
[720.157s] INFO:colcon.colcon_ros.task.ament_cmake.build:Building ROS package in '/home/allen/rm_ws/src/rm_perception/linefit_ground_segementation_ros2/linefit_ground_segmentation_ros' with build type 'ament_cmake'
[720.158s] INFO:colcon.colcon_cmake.task.cmake.build:Building CMake package in '/home/allen/rm_ws/src/rm_perception/linefit_ground_segementation_ros2/linefit_ground_segmentation_ros'
[720.159s] INFO:colcon.colcon_core.shell:Skip shell extension 'powershell' for command environment: Not usable outside of PowerShell
[720.159s] DEBUG:colcon.colcon_core.shell:Skip shell extension 'dsv' for command environment
[720.237s] DEBUG:colcon.colcon_core.event_handler.log_command:Invoking command in '/home/allen/rm_ws/build/linefit_ground_segmentation_ros': CMAKE_PREFIX_PATH=/home/allen/rm_ws/install/linefit_ground_segmentation:/home/allen/rm_ws/install/teb_local_planner:/home/allen/rm_ws/install/teb_msgs:/home/allen/rm_ws/install/ros2_livox_simulation:/home/allen/rm_ws/install/rmbot2:/home/allen/rm_ws/install/rm_navigation:/home/allen/rm_ws/install/rm_nav_bringup:/home/allen/rm_ws/install/pointcloud_to_laserscan:/home/allen/rm_ws/install/point_lio:/home/allen/rm_ws/install/icp_registration:/home/allen/rm_ws/install/fast_lio:/home/allen/rm_ws/install/livox_ros_driver2:/home/allen/rm_ws/install/linefit_ground_segmentation_ros:/home/allen/rm_ws/install/imu_complementary_filter:/home/allen/rm_ws/install/fake_vel_transform:/home/allen/rm_ws/install/costmap_converter:/home/allen/rm_ws/install/costmap_converter_msgs:/home/allen/Robomaster/rm_ws/install/teb_local_planner:/home/allen/Robomaster/rm_ws/install/teb_msgs:/home/allen/Robomaster/rm_ws/install/ros2_livox_simulation:/home/allen/Robomaster/rm_ws/install/rmbot2:/home/allen/Robomaster/rm_ws/install/rm_navigation:/home/allen/Robomaster/rm_ws/install/rm_nav_bringup:/home/allen/Robomaster/rm_ws/install/pointcloud_to_laserscan:/home/allen/Robomaster/rm_ws/install/point_lio:/home/allen/Robomaster/rm_ws/install/icp_registration:/home/allen/Robomaster/rm_ws/install/fast_lio:/home/allen/Robomaster/rm_ws/install/livox_ros_driver2:/home/allen/Robomaster/rm_ws/install/linefit_ground_segmentation_ros:/home/allen/Robomaster/rm_ws/install/linefit_ground_segmentation:/home/allen/Robomaster/rm_ws/install/imu_complementary_filter:/home/allen/Robomaster/rm_ws/install/fake_vel_transform:/home/allen/Robomaster/rm_ws/install/costmap_converter:/home/allen/Robomaster/rm_ws/install/costmap_converter_msgs:/home/allen/capstone/description_ws/install/ur_yt_sim:/home/allen/capstone/description_ws/install/ur10e_description:/home/allen/capstone/description_ws/install/kuka_agilus_support:/home/allen/capstone/description_ws/install/kuka_resources:/opt/ros/humble:/home/allen/capstone/description_ws/install/kuka_kr3_description LD_LIBRARY_PATH=/home/allen/rm_ws/install/linefit_ground_segmentation/lib:/home/allen/rm_ws/install/teb_local_planner/lib:/home/allen/rm_ws/install/teb_msgs/lib:/home/allen/rm_ws/install/ros2_livox_simulation/lib:/home/allen/rm_ws/install/pointcloud_to_laserscan/lib:/home/allen/rm_ws/install/icp_registration/lib:/home/allen/rm_ws/install/fast_lio/lib:/home/allen/rm_ws/install/livox_ros_driver2/lib:/home/allen/rm_ws/install/imu_complementary_filter/lib:/home/allen/rm_ws/install/fake_vel_transform/lib:/home/allen/rm_ws/install/costmap_converter/lib:/home/allen/rm_ws/install/costmap_converter_msgs/lib:/home/allen/Robomaster/rm_ws/install/teb_local_planner/lib:/home/allen/Robomaster/rm_ws/install/teb_msgs/lib:/home/allen/Robomaster/rm_ws/install/ros2_livox_simulation/lib:/home/allen/Robomaster/rm_ws/install/pointcloud_to_laserscan/lib:/home/allen/Robomaster/rm_ws/install/icp_registration/lib:/home/allen/Robomaster/rm_ws/install/fast_lio/lib:/home/allen/Robomaster/rm_ws/install/livox_ros_driver2/lib:/home/allen/Robomaster/rm_ws/install/linefit_ground_segmentation/lib:/home/allen/Robomaster/rm_ws/install/imu_complementary_filter/lib:/home/allen/Robomaster/rm_ws/install/fake_vel_transform/lib:/home/allen/Robomaster/rm_ws/install/costmap_converter/lib:/home/allen/Robomaster/rm_ws/install/costmap_converter_msgs/lib:/usr/lib/x86_64-linux-gnu/gazebo-11/plugins:/opt/ros/humble/opt/rviz_ogre_vendor/lib:/opt/ros/humble/lib/x86_64-linux-gnu:/opt/ros/humble/opt/openvdb_vendor/lib:/opt/ros/humble/lib:/usr/local/lib:/usr/local/lib:/usr/local/lib:/usr/local/lib /usr/bin/cmake /home/allen/rm_ws/src/rm_perception/linefit_ground_segementation_ros2/linefit_ground_segmentation_ros -DAMENT_CMAKE_SYMLINK_INSTALL=1 -DCMAKE_INSTALL_PREFIX=/home/allen/rm_ws/install/linefit_ground_segmentation_ros
[739.146s] DEBUG:colcon.colcon_core.event_handler.log_command:Invoked command in '/home/allen/rm_ws/build/linefit_ground_segmentation_ros' returned '0': CMAKE_PREFIX_PATH=/home/allen/rm_ws/install/linefit_ground_segmentation:/home/allen/rm_ws/install/teb_local_planner:/home/allen/rm_ws/install/teb_msgs:/home/allen/rm_ws/install/ros2_livox_simulation:/home/allen/rm_ws/install/rmbot2:/home/allen/rm_ws/install/rm_navigation:/home/allen/rm_ws/install/rm_nav_bringup:/home/allen/rm_ws/install/pointcloud_to_laserscan:/home/allen/rm_ws/install/point_lio:/home/allen/rm_ws/install/icp_registration:/home/allen/rm_ws/install/fast_lio:/home/allen/rm_ws/install/livox_ros_driver2:/home/allen/rm_ws/install/linefit_ground_segmentation_ros:/home/allen/rm_ws/install/imu_complementary_filter:/home/allen/rm_ws/install/fake_vel_transform:/home/allen/rm_ws/install/costmap_converter:/home/allen/rm_ws/install/costmap_converter_msgs:/home/allen/Robomaster/rm_ws/install/teb_local_planner:/home/allen/Robomaster/rm_ws/install/teb_msgs:/home/allen/Robomaster/rm_ws/install/ros2_livox_simulation:/home/allen/Robomaster/rm_ws/install/rmbot2:/home/allen/Robomaster/rm_ws/install/rm_navigation:/home/allen/Robomaster/rm_ws/install/rm_nav_bringup:/home/allen/Robomaster/rm_ws/install/pointcloud_to_laserscan:/home/allen/Robomaster/rm_ws/install/point_lio:/home/allen/Robomaster/rm_ws/install/icp_registration:/home/allen/Robomaster/rm_ws/install/fast_lio:/home/allen/Robomaster/rm_ws/install/livox_ros_driver2:/home/allen/Robomaster/rm_ws/install/linefit_ground_segmentation_ros:/home/allen/Robomaster/rm_ws/install/linefit_ground_segmentation:/home/allen/Robomaster/rm_ws/install/imu_complementary_filter:/home/allen/Robomaster/rm_ws/install/fake_vel_transform:/home/allen/Robomaster/rm_ws/install/costmap_converter:/home/allen/Robomaster/rm_ws/install/costmap_converter_msgs:/home/allen/capstone/description_ws/install/ur_yt_sim:/home/allen/capstone/description_ws/install/ur10e_description:/home/allen/capstone/description_ws/install/kuka_agilus_support:/home/allen/capstone/description_ws/install/kuka_resources:/opt/ros/humble:/home/allen/capstone/description_ws/install/kuka_kr3_description LD_LIBRARY_PATH=/home/allen/rm_ws/install/linefit_ground_segmentation/lib:/home/allen/rm_ws/install/teb_local_planner/lib:/home/allen/rm_ws/install/teb_msgs/lib:/home/allen/rm_ws/install/ros2_livox_simulation/lib:/home/allen/rm_ws/install/pointcloud_to_laserscan/lib:/home/allen/rm_ws/install/icp_registration/lib:/home/allen/rm_ws/install/fast_lio/lib:/home/allen/rm_ws/install/livox_ros_driver2/lib:/home/allen/rm_ws/install/imu_complementary_filter/lib:/home/allen/rm_ws/install/fake_vel_transform/lib:/home/allen/rm_ws/install/costmap_converter/lib:/home/allen/rm_ws/install/costmap_converter_msgs/lib:/home/allen/Robomaster/rm_ws/install/teb_local_planner/lib:/home/allen/Robomaster/rm_ws/install/teb_msgs/lib:/home/allen/Robomaster/rm_ws/install/ros2_livox_simulation/lib:/home/allen/Robomaster/rm_ws/install/pointcloud_to_laserscan/lib:/home/allen/Robomaster/rm_ws/install/icp_registration/lib:/home/allen/Robomaster/rm_ws/install/fast_lio/lib:/home/allen/Robomaster/rm_ws/install/livox_ros_driver2/lib:/home/allen/Robomaster/rm_ws/install/linefit_ground_segmentation/lib:/home/allen/Robomaster/rm_ws/install/imu_complementary_filter/lib:/home/allen/Robomaster/rm_ws/install/fake_vel_transform/lib:/home/allen/Robomaster/rm_ws/install/costmap_converter/lib:/home/allen/Robomaster/rm_ws/install/costmap_converter_msgs/lib:/usr/lib/x86_64-linux-gnu/gazebo-11/plugins:/opt/ros/humble/opt/rviz_ogre_vendor/lib:/opt/ros/humble/lib/x86_64-linux-gnu:/opt/ros/humble/opt/openvdb_vendor/lib:/opt/ros/humble/lib:/usr/local/lib:/usr/local/lib:/usr/local/lib:/usr/local/lib /usr/bin/cmake /home/allen/rm_ws/src/rm_perception/linefit_ground_segementation_ros2/linefit_ground_segmentation_ros -DAMENT_CMAKE_SYMLINK_INSTALL=1 -DCMAKE_INSTALL_PREFIX=/home/allen/rm_ws/install/linefit_ground_segmentation_ros
[739.148s] DEBUG:colcon.colcon_core.event_handler.log_command:Invoking command in '/home/allen/rm_ws/build/linefit_ground_segmentation_ros': CMAKE_PREFIX_PATH=/home/allen/rm_ws/install/linefit_ground_segmentation:/home/allen/rm_ws/install/teb_local_planner:/home/allen/rm_ws/install/teb_msgs:/home/allen/rm_ws/install/ros2_livox_simulation:/home/allen/rm_ws/install/rmbot2:/home/allen/rm_ws/install/rm_navigation:/home/allen/rm_ws/install/rm_nav_bringup:/home/allen/rm_ws/install/pointcloud_to_laserscan:/home/allen/rm_ws/install/point_lio:/home/allen/rm_ws/install/icp_registration:/home/allen/rm_ws/install/fast_lio:/home/allen/rm_ws/install/livox_ros_driver2:/home/allen/rm_ws/install/linefit_ground_segmentation_ros:/home/allen/rm_ws/install/imu_complementary_filter:/home/allen/rm_ws/install/fake_vel_transform:/home/allen/rm_ws/install/costmap_converter:/home/allen/rm_ws/install/costmap_converter_msgs:/home/allen/Robomaster/rm_ws/install/teb_local_planner:/home/allen/Robomaster/rm_ws/install/teb_msgs:/home/allen/Robomaster/rm_ws/install/ros2_livox_simulation:/home/allen/Robomaster/rm_ws/install/rmbot2:/home/allen/Robomaster/rm_ws/install/rm_navigation:/home/allen/Robomaster/rm_ws/install/rm_nav_bringup:/home/allen/Robomaster/rm_ws/install/pointcloud_to_laserscan:/home/allen/Robomaster/rm_ws/install/point_lio:/home/allen/Robomaster/rm_ws/install/icp_registration:/home/allen/Robomaster/rm_ws/install/fast_lio:/home/allen/Robomaster/rm_ws/install/livox_ros_driver2:/home/allen/Robomaster/rm_ws/install/linefit_ground_segmentation_ros:/home/allen/Robomaster/rm_ws/install/linefit_ground_segmentation:/home/allen/Robomaster/rm_ws/install/imu_complementary_filter:/home/allen/Robomaster/rm_ws/install/fake_vel_transform:/home/allen/Robomaster/rm_ws/install/costmap_converter:/home/allen/Robomaster/rm_ws/install/costmap_converter_msgs:/home/allen/capstone/description_ws/install/ur_yt_sim:/home/allen/capstone/description_ws/install/ur10e_description:/home/allen/capstone/description_ws/install/kuka_agilus_support:/home/allen/capstone/description_ws/install/kuka_resources:/opt/ros/humble:/home/allen/capstone/description_ws/install/kuka_kr3_description LD_LIBRARY_PATH=/home/allen/rm_ws/install/linefit_ground_segmentation/lib:/home/allen/rm_ws/install/teb_local_planner/lib:/home/allen/rm_ws/install/teb_msgs/lib:/home/allen/rm_ws/install/ros2_livox_simulation/lib:/home/allen/rm_ws/install/pointcloud_to_laserscan/lib:/home/allen/rm_ws/install/icp_registration/lib:/home/allen/rm_ws/install/fast_lio/lib:/home/allen/rm_ws/install/livox_ros_driver2/lib:/home/allen/rm_ws/install/imu_complementary_filter/lib:/home/allen/rm_ws/install/fake_vel_transform/lib:/home/allen/rm_ws/install/costmap_converter/lib:/home/allen/rm_ws/install/costmap_converter_msgs/lib:/home/allen/Robomaster/rm_ws/install/teb_local_planner/lib:/home/allen/Robomaster/rm_ws/install/teb_msgs/lib:/home/allen/Robomaster/rm_ws/install/ros2_livox_simulation/lib:/home/allen/Robomaster/rm_ws/install/pointcloud_to_laserscan/lib:/home/allen/Robomaster/rm_ws/install/icp_registration/lib:/home/allen/Robomaster/rm_ws/install/fast_lio/lib:/home/allen/Robomaster/rm_ws/install/livox_ros_driver2/lib:/home/allen/Robomaster/rm_ws/install/linefit_ground_segmentation/lib:/home/allen/Robomaster/rm_ws/install/imu_complementary_filter/lib:/home/allen/Robomaster/rm_ws/install/fake_vel_transform/lib:/home/allen/Robomaster/rm_ws/install/costmap_converter/lib:/home/allen/Robomaster/rm_ws/install/costmap_converter_msgs/lib:/usr/lib/x86_64-linux-gnu/gazebo-11/plugins:/opt/ros/humble/opt/rviz_ogre_vendor/lib:/opt/ros/humble/lib/x86_64-linux-gnu:/opt/ros/humble/opt/openvdb_vendor/lib:/opt/ros/humble/lib:/usr/local/lib:/usr/local/lib:/usr/local/lib:/usr/local/lib /usr/bin/cmake --build /home/allen/rm_ws/build/linefit_ground_segmentation_ros -- -j2 -l2
[813.919s] DEBUG:colcon.colcon_core.event_handler.log_command:Invoked command in '/home/allen/rm_ws/build/linefit_ground_segmentation_ros' returned '0': CMAKE_PREFIX_PATH=/home/allen/rm_ws/install/linefit_ground_segmentation:/home/allen/rm_ws/install/teb_local_planner:/home/allen/rm_ws/install/teb_msgs:/home/allen/rm_ws/install/ros2_livox_simulation:/home/allen/rm_ws/install/rmbot2:/home/allen/rm_ws/install/rm_navigation:/home/allen/rm_ws/install/rm_nav_bringup:/home/allen/rm_ws/install/pointcloud_to_laserscan:/home/allen/rm_ws/install/point_lio:/home/allen/rm_ws/install/icp_registration:/home/allen/rm_ws/install/fast_lio:/home/allen/rm_ws/install/livox_ros_driver2:/home/allen/rm_ws/install/linefit_ground_segmentation_ros:/home/allen/rm_ws/install/imu_complementary_filter:/home/allen/rm_ws/install/fake_vel_transform:/home/allen/rm_ws/install/costmap_converter:/home/allen/rm_ws/install/costmap_converter_msgs:/home/allen/Robomaster/rm_ws/install/teb_local_planner:/home/allen/Robomaster/rm_ws/install/teb_msgs:/home/allen/Robomaster/rm_ws/install/ros2_livox_simulation:/home/allen/Robomaster/rm_ws/install/rmbot2:/home/allen/Robomaster/rm_ws/install/rm_navigation:/home/allen/Robomaster/rm_ws/install/rm_nav_bringup:/home/allen/Robomaster/rm_ws/install/pointcloud_to_laserscan:/home/allen/Robomaster/rm_ws/install/point_lio:/home/allen/Robomaster/rm_ws/install/icp_registration:/home/allen/Robomaster/rm_ws/install/fast_lio:/home/allen/Robomaster/rm_ws/install/livox_ros_driver2:/home/allen/Robomaster/rm_ws/install/linefit_ground_segmentation_ros:/home/allen/Robomaster/rm_ws/install/linefit_ground_segmentation:/home/allen/Robomaster/rm_ws/install/imu_complementary_filter:/home/allen/Robomaster/rm_ws/install/fake_vel_transform:/home/allen/Robomaster/rm_ws/install/costmap_converter:/home/allen/Robomaster/rm_ws/install/costmap_converter_msgs:/home/allen/capstone/description_ws/install/ur_yt_sim:/home/allen/capstone/description_ws/install/ur10e_description:/home/allen/capstone/description_ws/install/kuka_agilus_support:/home/allen/capstone/description_ws/install/kuka_resources:/opt/ros/humble:/home/allen/capstone/description_ws/install/kuka_kr3_description LD_LIBRARY_PATH=/home/allen/rm_ws/install/linefit_ground_segmentation/lib:/home/allen/rm_ws/install/teb_local_planner/lib:/home/allen/rm_ws/install/teb_msgs/lib:/home/allen/rm_ws/install/ros2_livox_simulation/lib:/home/allen/rm_ws/install/pointcloud_to_laserscan/lib:/home/allen/rm_ws/install/icp_registration/lib:/home/allen/rm_ws/install/fast_lio/lib:/home/allen/rm_ws/install/livox_ros_driver2/lib:/home/allen/rm_ws/install/imu_complementary_filter/lib:/home/allen/rm_ws/install/fake_vel_transform/lib:/home/allen/rm_ws/install/costmap_converter/lib:/home/allen/rm_ws/install/costmap_converter_msgs/lib:/home/allen/Robomaster/rm_ws/install/teb_local_planner/lib:/home/allen/Robomaster/rm_ws/install/teb_msgs/lib:/home/allen/Robomaster/rm_ws/install/ros2_livox_simulation/lib:/home/allen/Robomaster/rm_ws/install/pointcloud_to_laserscan/lib:/home/allen/Robomaster/rm_ws/install/icp_registration/lib:/home/allen/Robomaster/rm_ws/install/fast_lio/lib:/home/allen/Robomaster/rm_ws/install/livox_ros_driver2/lib:/home/allen/Robomaster/rm_ws/install/linefit_ground_segmentation/lib:/home/allen/Robomaster/rm_ws/install/imu_complementary_filter/lib:/home/allen/Robomaster/rm_ws/install/fake_vel_transform/lib:/home/allen/Robomaster/rm_ws/install/costmap_converter/lib:/home/allen/Robomaster/rm_ws/install/costmap_converter_msgs/lib:/usr/lib/x86_64-linux-gnu/gazebo-11/plugins:/opt/ros/humble/opt/rviz_ogre_vendor/lib:/opt/ros/humble/lib/x86_64-linux-gnu:/opt/ros/humble/opt/openvdb_vendor/lib:/opt/ros/humble/lib:/usr/local/lib:/usr/local/lib:/usr/local/lib:/usr/local/lib /usr/bin/cmake --build /home/allen/rm_ws/build/linefit_ground_segmentation_ros -- -j2 -l2
[813.920s] DEBUG:colcon.colcon_core.event_handler.log_command:Invoking command in '/home/allen/rm_ws/build/linefit_ground_segmentation_ros': CMAKE_PREFIX_PATH=/home/allen/rm_ws/install/linefit_ground_segmentation:/home/allen/rm_ws/install/teb_local_planner:/home/allen/rm_ws/install/teb_msgs:/home/allen/rm_ws/install/ros2_livox_simulation:/home/allen/rm_ws/install/rmbot2:/home/allen/rm_ws/install/rm_navigation:/home/allen/rm_ws/install/rm_nav_bringup:/home/allen/rm_ws/install/pointcloud_to_laserscan:/home/allen/rm_ws/install/point_lio:/home/allen/rm_ws/install/icp_registration:/home/allen/rm_ws/install/fast_lio:/home/allen/rm_ws/install/livox_ros_driver2:/home/allen/rm_ws/install/linefit_ground_segmentation_ros:/home/allen/rm_ws/install/imu_complementary_filter:/home/allen/rm_ws/install/fake_vel_transform:/home/allen/rm_ws/install/costmap_converter:/home/allen/rm_ws/install/costmap_converter_msgs:/home/allen/Robomaster/rm_ws/install/teb_local_planner:/home/allen/Robomaster/rm_ws/install/teb_msgs:/home/allen/Robomaster/rm_ws/install/ros2_livox_simulation:/home/allen/Robomaster/rm_ws/install/rmbot2:/home/allen/Robomaster/rm_ws/install/rm_navigation:/home/allen/Robomaster/rm_ws/install/rm_nav_bringup:/home/allen/Robomaster/rm_ws/install/pointcloud_to_laserscan:/home/allen/Robomaster/rm_ws/install/point_lio:/home/allen/Robomaster/rm_ws/install/icp_registration:/home/allen/Robomaster/rm_ws/install/fast_lio:/home/allen/Robomaster/rm_ws/install/livox_ros_driver2:/home/allen/Robomaster/rm_ws/install/linefit_ground_segmentation_ros:/home/allen/Robomaster/rm_ws/install/linefit_ground_segmentation:/home/allen/Robomaster/rm_ws/install/imu_complementary_filter:/home/allen/Robomaster/rm_ws/install/fake_vel_transform:/home/allen/Robomaster/rm_ws/install/costmap_converter:/home/allen/Robomaster/rm_ws/install/costmap_converter_msgs:/home/allen/capstone/description_ws/install/ur_yt_sim:/home/allen/capstone/description_ws/install/ur10e_description:/home/allen/capstone/description_ws/install/kuka_agilus_support:/home/allen/capstone/description_ws/install/kuka_resources:/opt/ros/humble:/home/allen/capstone/description_ws/install/kuka_kr3_description LD_LIBRARY_PATH=/home/allen/rm_ws/install/linefit_ground_segmentation/lib:/home/allen/rm_ws/install/teb_local_planner/lib:/home/allen/rm_ws/install/teb_msgs/lib:/home/allen/rm_ws/install/ros2_livox_simulation/lib:/home/allen/rm_ws/install/pointcloud_to_laserscan/lib:/home/allen/rm_ws/install/icp_registration/lib:/home/allen/rm_ws/install/fast_lio/lib:/home/allen/rm_ws/install/livox_ros_driver2/lib:/home/allen/rm_ws/install/imu_complementary_filter/lib:/home/allen/rm_ws/install/fake_vel_transform/lib:/home/allen/rm_ws/install/costmap_converter/lib:/home/allen/rm_ws/install/costmap_converter_msgs/lib:/home/allen/Robomaster/rm_ws/install/teb_local_planner/lib:/home/allen/Robomaster/rm_ws/install/teb_msgs/lib:/home/allen/Robomaster/rm_ws/install/ros2_livox_simulation/lib:/home/allen/Robomaster/rm_ws/install/pointcloud_to_laserscan/lib:/home/allen/Robomaster/rm_ws/install/icp_registration/lib:/home/allen/Robomaster/rm_ws/install/fast_lio/lib:/home/allen/Robomaster/rm_ws/install/livox_ros_driver2/lib:/home/allen/Robomaster/rm_ws/install/linefit_ground_segmentation/lib:/home/allen/Robomaster/rm_ws/install/imu_complementary_filter/lib:/home/allen/Robomaster/rm_ws/install/fake_vel_transform/lib:/home/allen/Robomaster/rm_ws/install/costmap_converter/lib:/home/allen/Robomaster/rm_ws/install/costmap_converter_msgs/lib:/usr/lib/x86_64-linux-gnu/gazebo-11/plugins:/opt/ros/humble/opt/rviz_ogre_vendor/lib:/opt/ros/humble/lib/x86_64-linux-gnu:/opt/ros/humble/opt/openvdb_vendor/lib:/opt/ros/humble/lib:/usr/local/lib:/usr/local/lib:/usr/local/lib:/usr/local/lib /usr/bin/cmake --install /home/allen/rm_ws/build/linefit_ground_segmentation_ros
[814.662s] Level 1:colcon.colcon_core.environment:create_environment_scripts_only(linefit_ground_segmentation_ros)
[814.663s] Level 1:colcon.colcon_core.environment:checking '/home/allen/rm_ws/install/linefit_ground_segmentation_ros' for CMake module files
[814.666s] Level 1:colcon.colcon_core.environment:checking '/home/allen/rm_ws/install/linefit_ground_segmentation_ros' for CMake config files
[814.664s] DEBUG:colcon.colcon_core.event_handler.log_command:Invoked command in '/home/allen/rm_ws/build/linefit_ground_segmentation_ros' returned '0': CMAKE_PREFIX_PATH=/home/allen/rm_ws/install/linefit_ground_segmentation:/home/allen/rm_ws/install/teb_local_planner:/home/allen/rm_ws/install/teb_msgs:/home/allen/rm_ws/install/ros2_livox_simulation:/home/allen/rm_ws/install/rmbot2:/home/allen/rm_ws/install/rm_navigation:/home/allen/rm_ws/install/rm_nav_bringup:/home/allen/rm_ws/install/pointcloud_to_laserscan:/home/allen/rm_ws/install/point_lio:/home/allen/rm_ws/install/icp_registration:/home/allen/rm_ws/install/fast_lio:/home/allen/rm_ws/install/livox_ros_driver2:/home/allen/rm_ws/install/linefit_ground_segmentation_ros:/home/allen/rm_ws/install/imu_complementary_filter:/home/allen/rm_ws/install/fake_vel_transform:/home/allen/rm_ws/install/costmap_converter:/home/allen/rm_ws/install/costmap_converter_msgs:/home/allen/Robomaster/rm_ws/install/teb_local_planner:/home/allen/Robomaster/rm_ws/install/teb_msgs:/home/allen/Robomaster/rm_ws/install/ros2_livox_simulation:/home/allen/Robomaster/rm_ws/install/rmbot2:/home/allen/Robomaster/rm_ws/install/rm_navigation:/home/allen/Robomaster/rm_ws/install/rm_nav_bringup:/home/allen/Robomaster/rm_ws/install/pointcloud_to_laserscan:/home/allen/Robomaster/rm_ws/install/point_lio:/home/allen/Robomaster/rm_ws/install/icp_registration:/home/allen/Robomaster/rm_ws/install/fast_lio:/home/allen/Robomaster/rm_ws/install/livox_ros_driver2:/home/allen/Robomaster/rm_ws/install/linefit_ground_segmentation_ros:/home/allen/Robomaster/rm_ws/install/linefit_ground_segmentation:/home/allen/Robomaster/rm_ws/install/imu_complementary_filter:/home/allen/Robomaster/rm_ws/install/fake_vel_transform:/home/allen/Robomaster/rm_ws/install/costmap_converter:/home/allen/Robomaster/rm_ws/install/costmap_converter_msgs:/home/allen/capstone/description_ws/install/ur_yt_sim:/home/allen/capstone/description_ws/install/ur10e_description:/home/allen/capstone/description_ws/install/kuka_agilus_support:/home/allen/capstone/description_ws/install/kuka_resources:/opt/ros/humble:/home/allen/capstone/description_ws/install/kuka_kr3_description LD_LIBRARY_PATH=/home/allen/rm_ws/install/linefit_ground_segmentation/lib:/home/allen/rm_ws/install/teb_local_planner/lib:/home/allen/rm_ws/install/teb_msgs/lib:/home/allen/rm_ws/install/ros2_livox_simulation/lib:/home/allen/rm_ws/install/pointcloud_to_laserscan/lib:/home/allen/rm_ws/install/icp_registration/lib:/home/allen/rm_ws/install/fast_lio/lib:/home/allen/rm_ws/install/livox_ros_driver2/lib:/home/allen/rm_ws/install/imu_complementary_filter/lib:/home/allen/rm_ws/install/fake_vel_transform/lib:/home/allen/rm_ws/install/costmap_converter/lib:/home/allen/rm_ws/install/costmap_converter_msgs/lib:/home/allen/Robomaster/rm_ws/install/teb_local_planner/lib:/home/allen/Robomaster/rm_ws/install/teb_msgs/lib:/home/allen/Robomaster/rm_ws/install/ros2_livox_simulation/lib:/home/allen/Robomaster/rm_ws/install/pointcloud_to_laserscan/lib:/home/allen/Robomaster/rm_ws/install/icp_registration/lib:/home/allen/Robomaster/rm_ws/install/fast_lio/lib:/home/allen/Robomaster/rm_ws/install/livox_ros_driver2/lib:/home/allen/Robomaster/rm_ws/install/linefit_ground_segmentation/lib:/home/allen/Robomaster/rm_ws/install/imu_complementary_filter/lib:/home/allen/Robomaster/rm_ws/install/fake_vel_transform/lib:/home/allen/Robomaster/rm_ws/install/costmap_converter/lib:/home/allen/Robomaster/rm_ws/install/costmap_converter_msgs/lib:/usr/lib/x86_64-linux-gnu/gazebo-11/plugins:/opt/ros/humble/opt/rviz_ogre_vendor/lib:/opt/ros/humble/lib/x86_64-linux-gnu:/opt/ros/humble/opt/openvdb_vendor/lib:/opt/ros/humble/lib:/usr/local/lib:/usr/local/lib:/usr/local/lib:/usr/local/lib /usr/bin/cmake --install /home/allen/rm_ws/build/linefit_ground_segmentation_ros
[814.667s] Level 1:colcon.colcon_core.shell:create_environment_hook('linefit_ground_segmentation_ros', 'cmake_prefix_path')
[814.668s] INFO:colcon.colcon_core.shell:Creating environment hook '/home/allen/rm_ws/install/linefit_ground_segmentation_ros/share/linefit_ground_segmentation_ros/hook/cmake_prefix_path.ps1'
[814.670s] INFO:colcon.colcon_core.shell:Creating environment descriptor '/home/allen/rm_ws/install/linefit_ground_segmentation_ros/share/linefit_ground_segmentation_ros/hook/cmake_prefix_path.dsv'
[814.671s] INFO:colcon.colcon_core.shell:Creating environment hook '/home/allen/rm_ws/install/linefit_ground_segmentation_ros/share/linefit_ground_segmentation_ros/hook/cmake_prefix_path.sh'
[814.674s] Level 1:colcon.colcon_core.environment:checking '/home/allen/rm_ws/install/linefit_ground_segmentation_ros/lib'
[814.675s] Level 1:colcon.colcon_core.environment:checking '/home/allen/rm_ws/install/linefit_ground_segmentation_ros/bin'
[814.675s] Level 1:colcon.colcon_core.environment:checking '/home/allen/rm_ws/install/linefit_ground_segmentation_ros/lib/pkgconfig/linefit_ground_segmentation_ros.pc'
[814.675s] Level 1:colcon.colcon_core.environment:checking '/home/allen/rm_ws/install/linefit_ground_segmentation_ros/lib/python3.10/site-packages'
[814.676s] Level 1:colcon.colcon_core.environment:checking '/home/allen/rm_ws/install/linefit_ground_segmentation_ros/bin'
[814.676s] INFO:colcon.colcon_core.shell:Creating package script '/home/allen/rm_ws/install/linefit_ground_segmentation_ros/share/linefit_ground_segmentation_ros/package.ps1'
[814.677s] INFO:colcon.colcon_core.shell:Creating package descriptor '/home/allen/rm_ws/install/linefit_ground_segmentation_ros/share/linefit_ground_segmentation_ros/package.dsv'
[814.678s] INFO:colcon.colcon_core.shell:Creating package script '/home/allen/rm_ws/install/linefit_ground_segmentation_ros/share/linefit_ground_segmentation_ros/package.sh'
[814.679s] INFO:colcon.colcon_core.shell:Creating package script '/home/allen/rm_ws/install/linefit_ground_segmentation_ros/share/linefit_ground_segmentation_ros/package.bash'
[814.681s] INFO:colcon.colcon_core.shell:Creating package script '/home/allen/rm_ws/install/linefit_ground_segmentation_ros/share/linefit_ground_segmentation_ros/package.zsh'
[814.682s] Level 1:colcon.colcon_core.environment:create_file_with_runtime_dependencies(/home/allen/rm_ws/install/linefit_ground_segmentation_ros/share/colcon-core/packages/linefit_ground_segmentation_ros)
[814.686s] Level 1:colcon.colcon_core.environment:create_environment_scripts_only(linefit_ground_segmentation_ros)
[814.687s] Level 1:colcon.colcon_core.environment:checking '/home/allen/rm_ws/install/linefit_ground_segmentation_ros' for CMake module files
[814.688s] Level 1:colcon.colcon_core.environment:checking '/home/allen/rm_ws/install/linefit_ground_segmentation_ros' for CMake config files
[814.688s] Level 1:colcon.colcon_core.shell:create_environment_hook('linefit_ground_segmentation_ros', 'cmake_prefix_path')
[814.688s] INFO:colcon.colcon_core.shell:Creating environment hook '/home/allen/rm_ws/install/linefit_ground_segmentation_ros/share/linefit_ground_segmentation_ros/hook/cmake_prefix_path.ps1'
[814.690s] INFO:colcon.colcon_core.shell:Creating environment descriptor '/home/allen/rm_ws/install/linefit_ground_segmentation_ros/share/linefit_ground_segmentation_ros/hook/cmake_prefix_path.dsv'
[814.691s] INFO:colcon.colcon_core.shell:Creating environment hook '/home/allen/rm_ws/install/linefit_ground_segmentation_ros/share/linefit_ground_segmentation_ros/hook/cmake_prefix_path.sh'
[814.692s] Level 1:colcon.colcon_core.environment:checking '/home/allen/rm_ws/install/linefit_ground_segmentation_ros/lib'
[814.692s] Level 1:colcon.colcon_core.environment:checking '/home/allen/rm_ws/install/linefit_ground_segmentation_ros/bin'
[814.693s] Level 1:colcon.colcon_core.environment:checking '/home/allen/rm_ws/install/linefit_ground_segmentation_ros/lib/pkgconfig/linefit_ground_segmentation_ros.pc'
[814.693s] Level 1:colcon.colcon_core.environment:checking '/home/allen/rm_ws/install/linefit_ground_segmentation_ros/lib/python3.10/site-packages'
[814.693s] Level 1:colcon.colcon_core.environment:checking '/home/allen/rm_ws/install/linefit_ground_segmentation_ros/bin'
[814.694s] INFO:colcon.colcon_core.shell:Creating package script '/home/allen/rm_ws/install/linefit_ground_segmentation_ros/share/linefit_ground_segmentation_ros/package.ps1'
[814.696s] INFO:colcon.colcon_core.shell:Creating package descriptor '/home/allen/rm_ws/install/linefit_ground_segmentation_ros/share/linefit_ground_segmentation_ros/package.dsv'
[814.698s] INFO:colcon.colcon_core.shell:Creating package script '/home/allen/rm_ws/install/linefit_ground_segmentation_ros/share/linefit_ground_segmentation_ros/package.sh'
[814.700s] INFO:colcon.colcon_core.shell:Creating package script '/home/allen/rm_ws/install/linefit_ground_segmentation_ros/share/linefit_ground_segmentation_ros/package.bash'
[814.701s] INFO:colcon.colcon_core.shell:Creating package script '/home/allen/rm_ws/install/linefit_ground_segmentation_ros/share/linefit_ground_segmentation_ros/package.zsh'
[814.703s] Level 1:colcon.colcon_core.environment:create_file_with_runtime_dependencies(/home/allen/rm_ws/install/linefit_ground_segmentation_ros/share/colcon-core/packages/linefit_ground_segmentation_ros)
[814.707s] INFO:colcon.colcon_ros.task.ament_cmake.build:Building ROS package in '/home/allen/rm_ws/src/rm_localization/point_lio' with build type 'ament_cmake'
[814.707s] INFO:colcon.colcon_cmake.task.cmake.build:Building CMake package in '/home/allen/rm_ws/src/rm_localization/point_lio'
[814.708s] INFO:colcon.colcon_core.shell:Skip shell extension 'powershell' for command environment: Not usable outside of PowerShell
[814.708s] DEBUG:colcon.colcon_core.shell:Skip shell extension 'dsv' for command environment
[814.777s] DEBUG:colcon.colcon_core.event_handler.log_command:Invoking command in '/home/allen/rm_ws/build/point_lio': CMAKE_PREFIX_PATH=/home/allen/rm_ws/install/livox_ros_driver2:/home/allen/rm_ws/install/teb_local_planner:/home/allen/rm_ws/install/teb_msgs:/home/allen/rm_ws/install/ros2_livox_simulation:/home/allen/rm_ws/install/rmbot2:/home/allen/rm_ws/install/rm_navigation:/home/allen/rm_ws/install/rm_nav_bringup:/home/allen/rm_ws/install/pointcloud_to_laserscan:/home/allen/rm_ws/install/point_lio:/home/allen/rm_ws/install/icp_registration:/home/allen/rm_ws/install/fast_lio:/home/allen/rm_ws/install/linefit_ground_segmentation_ros:/home/allen/rm_ws/install/linefit_ground_segmentation:/home/allen/rm_ws/install/imu_complementary_filter:/home/allen/rm_ws/install/fake_vel_transform:/home/allen/rm_ws/install/costmap_converter:/home/allen/rm_ws/install/costmap_converter_msgs:/home/allen/Robomaster/rm_ws/install/teb_local_planner:/home/allen/Robomaster/rm_ws/install/teb_msgs:/home/allen/Robomaster/rm_ws/install/ros2_livox_simulation:/home/allen/Robomaster/rm_ws/install/rmbot2:/home/allen/Robomaster/rm_ws/install/rm_navigation:/home/allen/Robomaster/rm_ws/install/rm_nav_bringup:/home/allen/Robomaster/rm_ws/install/pointcloud_to_laserscan:/home/allen/Robomaster/rm_ws/install/point_lio:/home/allen/Robomaster/rm_ws/install/icp_registration:/home/allen/Robomaster/rm_ws/install/fast_lio:/home/allen/Robomaster/rm_ws/install/livox_ros_driver2:/home/allen/Robomaster/rm_ws/install/linefit_ground_segmentation_ros:/home/allen/Robomaster/rm_ws/install/linefit_ground_segmentation:/home/allen/Robomaster/rm_ws/install/imu_complementary_filter:/home/allen/Robomaster/rm_ws/install/fake_vel_transform:/home/allen/Robomaster/rm_ws/install/costmap_converter:/home/allen/Robomaster/rm_ws/install/costmap_converter_msgs:/home/allen/capstone/description_ws/install/ur_yt_sim:/home/allen/capstone/description_ws/install/ur10e_description:/home/allen/capstone/description_ws/install/kuka_agilus_support:/home/allen/capstone/description_ws/install/kuka_resources:/opt/ros/humble:/home/allen/capstone/description_ws/install/kuka_kr3_description LD_LIBRARY_PATH=/home/allen/rm_ws/install/livox_ros_driver2/lib:/home/allen/rm_ws/install/teb_local_planner/lib:/home/allen/rm_ws/install/teb_msgs/lib:/home/allen/rm_ws/install/ros2_livox_simulation/lib:/home/allen/rm_ws/install/pointcloud_to_laserscan/lib:/home/allen/rm_ws/install/icp_registration/lib:/home/allen/rm_ws/install/fast_lio/lib:/home/allen/rm_ws/install/linefit_ground_segmentation/lib:/home/allen/rm_ws/install/imu_complementary_filter/lib:/home/allen/rm_ws/install/fake_vel_transform/lib:/home/allen/rm_ws/install/costmap_converter/lib:/home/allen/rm_ws/install/costmap_converter_msgs/lib:/home/allen/Robomaster/rm_ws/install/teb_local_planner/lib:/home/allen/Robomaster/rm_ws/install/teb_msgs/lib:/home/allen/Robomaster/rm_ws/install/ros2_livox_simulation/lib:/home/allen/Robomaster/rm_ws/install/pointcloud_to_laserscan/lib:/home/allen/Robomaster/rm_ws/install/icp_registration/lib:/home/allen/Robomaster/rm_ws/install/fast_lio/lib:/home/allen/Robomaster/rm_ws/install/livox_ros_driver2/lib:/home/allen/Robomaster/rm_ws/install/linefit_ground_segmentation/lib:/home/allen/Robomaster/rm_ws/install/imu_complementary_filter/lib:/home/allen/Robomaster/rm_ws/install/fake_vel_transform/lib:/home/allen/Robomaster/rm_ws/install/costmap_converter/lib:/home/allen/Robomaster/rm_ws/install/costmap_converter_msgs/lib:/usr/lib/x86_64-linux-gnu/gazebo-11/plugins:/opt/ros/humble/opt/rviz_ogre_vendor/lib:/opt/ros/humble/lib/x86_64-linux-gnu:/opt/ros/humble/opt/openvdb_vendor/lib:/opt/ros/humble/lib:/usr/local/lib:/usr/local/lib:/usr/local/lib:/usr/local/lib /usr/bin/cmake /home/allen/rm_ws/src/rm_localization/point_lio -DAMENT_CMAKE_SYMLINK_INSTALL=1 -DCMAKE_INSTALL_PREFIX=/home/allen/rm_ws/install/point_lio
[823.999s] DEBUG:colcon.colcon_core.event_handler.log_command:Invoked command in '/home/allen/rm_ws/build/fast_lio' returned '0': CMAKE_PREFIX_PATH=/home/allen/rm_ws/install/livox_ros_driver2:/home/allen/rm_ws/install/teb_local_planner:/home/allen/rm_ws/install/teb_msgs:/home/allen/rm_ws/install/ros2_livox_simulation:/home/allen/rm_ws/install/rmbot2:/home/allen/rm_ws/install/rm_navigation:/home/allen/rm_ws/install/rm_nav_bringup:/home/allen/rm_ws/install/pointcloud_to_laserscan:/home/allen/rm_ws/install/point_lio:/home/allen/rm_ws/install/icp_registration:/home/allen/rm_ws/install/fast_lio:/home/allen/rm_ws/install/linefit_ground_segmentation_ros:/home/allen/rm_ws/install/linefit_ground_segmentation:/home/allen/rm_ws/install/imu_complementary_filter:/home/allen/rm_ws/install/fake_vel_transform:/home/allen/rm_ws/install/costmap_converter:/home/allen/rm_ws/install/costmap_converter_msgs:/home/allen/Robomaster/rm_ws/install/teb_local_planner:/home/allen/Robomaster/rm_ws/install/teb_msgs:/home/allen/Robomaster/rm_ws/install/ros2_livox_simulation:/home/allen/Robomaster/rm_ws/install/rmbot2:/home/allen/Robomaster/rm_ws/install/rm_navigation:/home/allen/Robomaster/rm_ws/install/rm_nav_bringup:/home/allen/Robomaster/rm_ws/install/pointcloud_to_laserscan:/home/allen/Robomaster/rm_ws/install/point_lio:/home/allen/Robomaster/rm_ws/install/icp_registration:/home/allen/Robomaster/rm_ws/install/fast_lio:/home/allen/Robomaster/rm_ws/install/livox_ros_driver2:/home/allen/Robomaster/rm_ws/install/linefit_ground_segmentation_ros:/home/allen/Robomaster/rm_ws/install/linefit_ground_segmentation:/home/allen/Robomaster/rm_ws/install/imu_complementary_filter:/home/allen/Robomaster/rm_ws/install/fake_vel_transform:/home/allen/Robomaster/rm_ws/install/costmap_converter:/home/allen/Robomaster/rm_ws/install/costmap_converter_msgs:/home/allen/capstone/description_ws/install/ur_yt_sim:/home/allen/capstone/description_ws/install/ur10e_description:/home/allen/capstone/description_ws/install/kuka_agilus_support:/home/allen/capstone/description_ws/install/kuka_resources:/opt/ros/humble:/home/allen/capstone/description_ws/install/kuka_kr3_description LD_LIBRARY_PATH=/home/allen/rm_ws/install/livox_ros_driver2/lib:/home/allen/rm_ws/install/teb_local_planner/lib:/home/allen/rm_ws/install/teb_msgs/lib:/home/allen/rm_ws/install/ros2_livox_simulation/lib:/home/allen/rm_ws/install/pointcloud_to_laserscan/lib:/home/allen/rm_ws/install/icp_registration/lib:/home/allen/rm_ws/install/fast_lio/lib:/home/allen/rm_ws/install/linefit_ground_segmentation/lib:/home/allen/rm_ws/install/imu_complementary_filter/lib:/home/allen/rm_ws/install/fake_vel_transform/lib:/home/allen/rm_ws/install/costmap_converter/lib:/home/allen/rm_ws/install/costmap_converter_msgs/lib:/home/allen/Robomaster/rm_ws/install/teb_local_planner/lib:/home/allen/Robomaster/rm_ws/install/teb_msgs/lib:/home/allen/Robomaster/rm_ws/install/ros2_livox_simulation/lib:/home/allen/Robomaster/rm_ws/install/pointcloud_to_laserscan/lib:/home/allen/Robomaster/rm_ws/install/icp_registration/lib:/home/allen/Robomaster/rm_ws/install/fast_lio/lib:/home/allen/Robomaster/rm_ws/install/livox_ros_driver2/lib:/home/allen/Robomaster/rm_ws/install/linefit_ground_segmentation/lib:/home/allen/Robomaster/rm_ws/install/imu_complementary_filter/lib:/home/allen/Robomaster/rm_ws/install/fake_vel_transform/lib:/home/allen/Robomaster/rm_ws/install/costmap_converter/lib:/home/allen/Robomaster/rm_ws/install/costmap_converter_msgs/lib:/usr/lib/x86_64-linux-gnu/gazebo-11/plugins:/opt/ros/humble/opt/rviz_ogre_vendor/lib:/opt/ros/humble/lib/x86_64-linux-gnu:/opt/ros/humble/opt/openvdb_vendor/lib:/opt/ros/humble/lib:/usr/local/lib:/usr/local/lib:/usr/local/lib:/usr/local/lib /usr/bin/cmake --build /home/allen/rm_ws/build/fast_lio -- -j2 -l2
[824.020s] DEBUG:colcon.colcon_core.event_handler.log_command:Invoking command in '/home/allen/rm_ws/build/fast_lio': CMAKE_PREFIX_PATH=/home/allen/rm_ws/install/livox_ros_driver2:/home/allen/rm_ws/install/teb_local_planner:/home/allen/rm_ws/install/teb_msgs:/home/allen/rm_ws/install/ros2_livox_simulation:/home/allen/rm_ws/install/rmbot2:/home/allen/rm_ws/install/rm_navigation:/home/allen/rm_ws/install/rm_nav_bringup:/home/allen/rm_ws/install/pointcloud_to_laserscan:/home/allen/rm_ws/install/point_lio:/home/allen/rm_ws/install/icp_registration:/home/allen/rm_ws/install/fast_lio:/home/allen/rm_ws/install/linefit_ground_segmentation_ros:/home/allen/rm_ws/install/linefit_ground_segmentation:/home/allen/rm_ws/install/imu_complementary_filter:/home/allen/rm_ws/install/fake_vel_transform:/home/allen/rm_ws/install/costmap_converter:/home/allen/rm_ws/install/costmap_converter_msgs:/home/allen/Robomaster/rm_ws/install/teb_local_planner:/home/allen/Robomaster/rm_ws/install/teb_msgs:/home/allen/Robomaster/rm_ws/install/ros2_livox_simulation:/home/allen/Robomaster/rm_ws/install/rmbot2:/home/allen/Robomaster/rm_ws/install/rm_navigation:/home/allen/Robomaster/rm_ws/install/rm_nav_bringup:/home/allen/Robomaster/rm_ws/install/pointcloud_to_laserscan:/home/allen/Robomaster/rm_ws/install/point_lio:/home/allen/Robomaster/rm_ws/install/icp_registration:/home/allen/Robomaster/rm_ws/install/fast_lio:/home/allen/Robomaster/rm_ws/install/livox_ros_driver2:/home/allen/Robomaster/rm_ws/install/linefit_ground_segmentation_ros:/home/allen/Robomaster/rm_ws/install/linefit_ground_segmentation:/home/allen/Robomaster/rm_ws/install/imu_complementary_filter:/home/allen/Robomaster/rm_ws/install/fake_vel_transform:/home/allen/Robomaster/rm_ws/install/costmap_converter:/home/allen/Robomaster/rm_ws/install/costmap_converter_msgs:/home/allen/capstone/description_ws/install/ur_yt_sim:/home/allen/capstone/description_ws/install/ur10e_description:/home/allen/capstone/description_ws/install/kuka_agilus_support:/home/allen/capstone/description_ws/install/kuka_resources:/opt/ros/humble:/home/allen/capstone/description_ws/install/kuka_kr3_description LD_LIBRARY_PATH=/home/allen/rm_ws/install/livox_ros_driver2/lib:/home/allen/rm_ws/install/teb_local_planner/lib:/home/allen/rm_ws/install/teb_msgs/lib:/home/allen/rm_ws/install/ros2_livox_simulation/lib:/home/allen/rm_ws/install/pointcloud_to_laserscan/lib:/home/allen/rm_ws/install/icp_registration/lib:/home/allen/rm_ws/install/fast_lio/lib:/home/allen/rm_ws/install/linefit_ground_segmentation/lib:/home/allen/rm_ws/install/imu_complementary_filter/lib:/home/allen/rm_ws/install/fake_vel_transform/lib:/home/allen/rm_ws/install/costmap_converter/lib:/home/allen/rm_ws/install/costmap_converter_msgs/lib:/home/allen/Robomaster/rm_ws/install/teb_local_planner/lib:/home/allen/Robomaster/rm_ws/install/teb_msgs/lib:/home/allen/Robomaster/rm_ws/install/ros2_livox_simulation/lib:/home/allen/Robomaster/rm_ws/install/pointcloud_to_laserscan/lib:/home/allen/Robomaster/rm_ws/install/icp_registration/lib:/home/allen/Robomaster/rm_ws/install/fast_lio/lib:/home/allen/Robomaster/rm_ws/install/livox_ros_driver2/lib:/home/allen/Robomaster/rm_ws/install/linefit_ground_segmentation/lib:/home/allen/Robomaster/rm_ws/install/imu_complementary_filter/lib:/home/allen/Robomaster/rm_ws/install/fake_vel_transform/lib:/home/allen/Robomaster/rm_ws/install/costmap_converter/lib:/home/allen/Robomaster/rm_ws/install/costmap_converter_msgs/lib:/usr/lib/x86_64-linux-gnu/gazebo-11/plugins:/opt/ros/humble/opt/rviz_ogre_vendor/lib:/opt/ros/humble/lib/x86_64-linux-gnu:/opt/ros/humble/opt/openvdb_vendor/lib:/opt/ros/humble/lib:/usr/local/lib:/usr/local/lib:/usr/local/lib:/usr/local/lib /usr/bin/cmake --install /home/allen/rm_ws/build/fast_lio
[829.601s] Level 1:colcon.colcon_core.environment:create_environment_scripts_only(fast_lio)
[829.602s] Level 1:colcon.colcon_core.environment:checking '/home/allen/rm_ws/install/fast_lio' for CMake module files
[829.611s] Level 1:colcon.colcon_core.environment:checking '/home/allen/rm_ws/install/fast_lio' for CMake config files
[829.612s] Level 1:colcon.colcon_core.shell:create_environment_hook('fast_lio', 'cmake_prefix_path')
[829.612s] INFO:colcon.colcon_core.shell:Creating environment hook '/home/allen/rm_ws/install/fast_lio/share/fast_lio/hook/cmake_prefix_path.ps1'
[829.623s] DEBUG:colcon.colcon_core.event_handler.log_command:Invoked command in '/home/allen/rm_ws/build/fast_lio' returned '0': CMAKE_PREFIX_PATH=/home/allen/rm_ws/install/livox_ros_driver2:/home/allen/rm_ws/install/teb_local_planner:/home/allen/rm_ws/install/teb_msgs:/home/allen/rm_ws/install/ros2_livox_simulation:/home/allen/rm_ws/install/rmbot2:/home/allen/rm_ws/install/rm_navigation:/home/allen/rm_ws/install/rm_nav_bringup:/home/allen/rm_ws/install/pointcloud_to_laserscan:/home/allen/rm_ws/install/point_lio:/home/allen/rm_ws/install/icp_registration:/home/allen/rm_ws/install/fast_lio:/home/allen/rm_ws/install/linefit_ground_segmentation_ros:/home/allen/rm_ws/install/linefit_ground_segmentation:/home/allen/rm_ws/install/imu_complementary_filter:/home/allen/rm_ws/install/fake_vel_transform:/home/allen/rm_ws/install/costmap_converter:/home/allen/rm_ws/install/costmap_converter_msgs:/home/allen/Robomaster/rm_ws/install/teb_local_planner:/home/allen/Robomaster/rm_ws/install/teb_msgs:/home/allen/Robomaster/rm_ws/install/ros2_livox_simulation:/home/allen/Robomaster/rm_ws/install/rmbot2:/home/allen/Robomaster/rm_ws/install/rm_navigation:/home/allen/Robomaster/rm_ws/install/rm_nav_bringup:/home/allen/Robomaster/rm_ws/install/pointcloud_to_laserscan:/home/allen/Robomaster/rm_ws/install/point_lio:/home/allen/Robomaster/rm_ws/install/icp_registration:/home/allen/Robomaster/rm_ws/install/fast_lio:/home/allen/Robomaster/rm_ws/install/livox_ros_driver2:/home/allen/Robomaster/rm_ws/install/linefit_ground_segmentation_ros:/home/allen/Robomaster/rm_ws/install/linefit_ground_segmentation:/home/allen/Robomaster/rm_ws/install/imu_complementary_filter:/home/allen/Robomaster/rm_ws/install/fake_vel_transform:/home/allen/Robomaster/rm_ws/install/costmap_converter:/home/allen/Robomaster/rm_ws/install/costmap_converter_msgs:/home/allen/capstone/description_ws/install/ur_yt_sim:/home/allen/capstone/description_ws/install/ur10e_description:/home/allen/capstone/description_ws/install/kuka_agilus_support:/home/allen/capstone/description_ws/install/kuka_resources:/opt/ros/humble:/home/allen/capstone/description_ws/install/kuka_kr3_description LD_LIBRARY_PATH=/home/allen/rm_ws/install/livox_ros_driver2/lib:/home/allen/rm_ws/install/teb_local_planner/lib:/home/allen/rm_ws/install/teb_msgs/lib:/home/allen/rm_ws/install/ros2_livox_simulation/lib:/home/allen/rm_ws/install/pointcloud_to_laserscan/lib:/home/allen/rm_ws/install/icp_registration/lib:/home/allen/rm_ws/install/fast_lio/lib:/home/allen/rm_ws/install/linefit_ground_segmentation/lib:/home/allen/rm_ws/install/imu_complementary_filter/lib:/home/allen/rm_ws/install/fake_vel_transform/lib:/home/allen/rm_ws/install/costmap_converter/lib:/home/allen/rm_ws/install/costmap_converter_msgs/lib:/home/allen/Robomaster/rm_ws/install/teb_local_planner/lib:/home/allen/Robomaster/rm_ws/install/teb_msgs/lib:/home/allen/Robomaster/rm_ws/install/ros2_livox_simulation/lib:/home/allen/Robomaster/rm_ws/install/pointcloud_to_laserscan/lib:/home/allen/Robomaster/rm_ws/install/icp_registration/lib:/home/allen/Robomaster/rm_ws/install/fast_lio/lib:/home/allen/Robomaster/rm_ws/install/livox_ros_driver2/lib:/home/allen/Robomaster/rm_ws/install/linefit_ground_segmentation/lib:/home/allen/Robomaster/rm_ws/install/imu_complementary_filter/lib:/home/allen/Robomaster/rm_ws/install/fake_vel_transform/lib:/home/allen/Robomaster/rm_ws/install/costmap_converter/lib:/home/allen/Robomaster/rm_ws/install/costmap_converter_msgs/lib:/usr/lib/x86_64-linux-gnu/gazebo-11/plugins:/opt/ros/humble/opt/rviz_ogre_vendor/lib:/opt/ros/humble/lib/x86_64-linux-gnu:/opt/ros/humble/opt/openvdb_vendor/lib:/opt/ros/humble/lib:/usr/local/lib:/usr/local/lib:/usr/local/lib:/usr/local/lib /usr/bin/cmake --install /home/allen/rm_ws/build/fast_lio
[829.623s] INFO:colcon.colcon_core.shell:Creating environment descriptor '/home/allen/rm_ws/install/fast_lio/share/fast_lio/hook/cmake_prefix_path.dsv'
[829.624s] INFO:colcon.colcon_core.shell:Creating environment hook '/home/allen/rm_ws/install/fast_lio/share/fast_lio/hook/cmake_prefix_path.sh'
[829.627s] Level 1:colcon.colcon_core.environment:checking '/home/allen/rm_ws/install/fast_lio/lib'
[829.627s] Level 1:colcon.colcon_core.shell:create_environment_hook('fast_lio', 'ld_library_path_lib')
[829.627s] INFO:colcon.colcon_core.shell:Creating environment hook '/home/allen/rm_ws/install/fast_lio/share/fast_lio/hook/ld_library_path_lib.ps1'
[829.628s] INFO:colcon.colcon_core.shell:Creating environment descriptor '/home/allen/rm_ws/install/fast_lio/share/fast_lio/hook/ld_library_path_lib.dsv'
[829.635s] INFO:colcon.colcon_core.shell:Creating environment hook '/home/allen/rm_ws/install/fast_lio/share/fast_lio/hook/ld_library_path_lib.sh'
[829.636s] Level 1:colcon.colcon_core.environment:checking '/home/allen/rm_ws/install/fast_lio/bin'
[829.636s] Level 1:colcon.colcon_core.environment:checking '/home/allen/rm_ws/install/fast_lio/lib/pkgconfig/fast_lio.pc'
[829.643s] Level 1:colcon.colcon_core.environment:checking '/home/allen/rm_ws/install/fast_lio/lib/python3.10/site-packages'
[829.644s] Level 1:colcon.colcon_core.environment:checking '/home/allen/rm_ws/install/fast_lio/bin'
[829.647s] INFO:colcon.colcon_core.shell:Creating package script '/home/allen/rm_ws/install/fast_lio/share/fast_lio/package.ps1'
[829.648s] INFO:colcon.colcon_core.shell:Creating package descriptor '/home/allen/rm_ws/install/fast_lio/share/fast_lio/package.dsv'
[829.649s] INFO:colcon.colcon_core.shell:Creating package script '/home/allen/rm_ws/install/fast_lio/share/fast_lio/package.sh'
[829.650s] INFO:colcon.colcon_core.shell:Creating package script '/home/allen/rm_ws/install/fast_lio/share/fast_lio/package.bash'
[829.651s] INFO:colcon.colcon_core.shell:Creating package script '/home/allen/rm_ws/install/fast_lio/share/fast_lio/package.zsh'
[829.651s] Level 1:colcon.colcon_core.environment:create_file_with_runtime_dependencies(/home/allen/rm_ws/install/fast_lio/share/colcon-core/packages/fast_lio)
[829.653s] Level 1:colcon.colcon_core.environment:create_environment_scripts_only(fast_lio)
[829.653s] Level 1:colcon.colcon_core.environment:checking '/home/allen/rm_ws/install/fast_lio' for CMake module files
[829.656s] Level 1:colcon.colcon_core.environment:checking '/home/allen/rm_ws/install/fast_lio' for CMake config files
[829.657s] Level 1:colcon.colcon_core.shell:create_environment_hook('fast_lio', 'cmake_prefix_path')
[829.658s] INFO:colcon.colcon_core.shell:Creating environment hook '/home/allen/rm_ws/install/fast_lio/share/fast_lio/hook/cmake_prefix_path.ps1'
[829.659s] INFO:colcon.colcon_core.shell:Creating environment descriptor '/home/allen/rm_ws/install/fast_lio/share/fast_lio/hook/cmake_prefix_path.dsv'
[829.660s] INFO:colcon.colcon_core.shell:Creating environment hook '/home/allen/rm_ws/install/fast_lio/share/fast_lio/hook/cmake_prefix_path.sh'
[829.662s] Level 1:colcon.colcon_core.environment:checking '/home/allen/rm_ws/install/fast_lio/lib'
[829.662s] Level 1:colcon.colcon_core.shell:create_environment_hook('fast_lio', 'ld_library_path_lib')
[829.663s] INFO:colcon.colcon_core.shell:Creating environment hook '/home/allen/rm_ws/install/fast_lio/share/fast_lio/hook/ld_library_path_lib.ps1'
[829.665s] INFO:colcon.colcon_core.shell:Creating environment descriptor '/home/allen/rm_ws/install/fast_lio/share/fast_lio/hook/ld_library_path_lib.dsv'
[829.666s] INFO:colcon.colcon_core.shell:Creating environment hook '/home/allen/rm_ws/install/fast_lio/share/fast_lio/hook/ld_library_path_lib.sh'
[829.667s] Level 1:colcon.colcon_core.environment:checking '/home/allen/rm_ws/install/fast_lio/bin'
[829.667s] Level 1:colcon.colcon_core.environment:checking '/home/allen/rm_ws/install/fast_lio/lib/pkgconfig/fast_lio.pc'
[829.668s] Level 1:colcon.colcon_core.environment:checking '/home/allen/rm_ws/install/fast_lio/lib/python3.10/site-packages'
[829.668s] Level 1:colcon.colcon_core.environment:checking '/home/allen/rm_ws/install/fast_lio/bin'
[829.669s] INFO:colcon.colcon_core.shell:Creating package script '/home/allen/rm_ws/install/fast_lio/share/fast_lio/package.ps1'
[829.672s] INFO:colcon.colcon_core.shell:Creating package descriptor '/home/allen/rm_ws/install/fast_lio/share/fast_lio/package.dsv'
[829.674s] INFO:colcon.colcon_core.shell:Creating package script '/home/allen/rm_ws/install/fast_lio/share/fast_lio/package.sh'
[829.676s] INFO:colcon.colcon_core.shell:Creating package script '/home/allen/rm_ws/install/fast_lio/share/fast_lio/package.bash'
[829.678s] INFO:colcon.colcon_core.shell:Creating package script '/home/allen/rm_ws/install/fast_lio/share/fast_lio/package.zsh'
[829.679s] Level 1:colcon.colcon_core.environment:create_file_with_runtime_dependencies(/home/allen/rm_ws/install/fast_lio/share/colcon-core/packages/fast_lio)
[829.682s] INFO:colcon.colcon_ros.task.ament_cmake.build:Building ROS package in '/home/allen/rm_ws/src/livox_laser_simulation_RO2' with build type 'ament_cmake'
[829.682s] INFO:colcon.colcon_cmake.task.cmake.build:Building CMake package in '/home/allen/rm_ws/src/livox_laser_simulation_RO2'
[829.684s] INFO:colcon.colcon_core.shell:Skip shell extension 'powershell' for command environment: Not usable outside of PowerShell
[829.684s] DEBUG:colcon.colcon_core.shell:Skip shell extension 'dsv' for command environment
[829.751s] DEBUG:colcon.colcon_core.event_handler.log_command:Invoking command in '/home/allen/rm_ws/build/ros2_livox_simulation': CMAKE_PREFIX_PATH=/home/allen/rm_ws/install/livox_ros_driver2:/home/allen/rm_ws/install/teb_local_planner:/home/allen/rm_ws/install/teb_msgs:/home/allen/rm_ws/install/ros2_livox_simulation:/home/allen/rm_ws/install/rmbot2:/home/allen/rm_ws/install/rm_navigation:/home/allen/rm_ws/install/rm_nav_bringup:/home/allen/rm_ws/install/pointcloud_to_laserscan:/home/allen/rm_ws/install/point_lio:/home/allen/rm_ws/install/icp_registration:/home/allen/rm_ws/install/fast_lio:/home/allen/rm_ws/install/linefit_ground_segmentation_ros:/home/allen/rm_ws/install/linefit_ground_segmentation:/home/allen/rm_ws/install/imu_complementary_filter:/home/allen/rm_ws/install/fake_vel_transform:/home/allen/rm_ws/install/costmap_converter:/home/allen/rm_ws/install/costmap_converter_msgs:/home/allen/Robomaster/rm_ws/install/teb_local_planner:/home/allen/Robomaster/rm_ws/install/teb_msgs:/home/allen/Robomaster/rm_ws/install/ros2_livox_simulation:/home/allen/Robomaster/rm_ws/install/rmbot2:/home/allen/Robomaster/rm_ws/install/rm_navigation:/home/allen/Robomaster/rm_ws/install/rm_nav_bringup:/home/allen/Robomaster/rm_ws/install/pointcloud_to_laserscan:/home/allen/Robomaster/rm_ws/install/point_lio:/home/allen/Robomaster/rm_ws/install/icp_registration:/home/allen/Robomaster/rm_ws/install/fast_lio:/home/allen/Robomaster/rm_ws/install/livox_ros_driver2:/home/allen/Robomaster/rm_ws/install/linefit_ground_segmentation_ros:/home/allen/Robomaster/rm_ws/install/linefit_ground_segmentation:/home/allen/Robomaster/rm_ws/install/imu_complementary_filter:/home/allen/Robomaster/rm_ws/install/fake_vel_transform:/home/allen/Robomaster/rm_ws/install/costmap_converter:/home/allen/Robomaster/rm_ws/install/costmap_converter_msgs:/home/allen/capstone/description_ws/install/ur_yt_sim:/home/allen/capstone/description_ws/install/ur10e_description:/home/allen/capstone/description_ws/install/kuka_agilus_support:/home/allen/capstone/description_ws/install/kuka_resources:/opt/ros/humble:/home/allen/capstone/description_ws/install/kuka_kr3_description LD_LIBRARY_PATH=/home/allen/rm_ws/install/livox_ros_driver2/lib:/home/allen/rm_ws/install/teb_local_planner/lib:/home/allen/rm_ws/install/teb_msgs/lib:/home/allen/rm_ws/install/ros2_livox_simulation/lib:/home/allen/rm_ws/install/pointcloud_to_laserscan/lib:/home/allen/rm_ws/install/icp_registration/lib:/home/allen/rm_ws/install/fast_lio/lib:/home/allen/rm_ws/install/linefit_ground_segmentation/lib:/home/allen/rm_ws/install/imu_complementary_filter/lib:/home/allen/rm_ws/install/fake_vel_transform/lib:/home/allen/rm_ws/install/costmap_converter/lib:/home/allen/rm_ws/install/costmap_converter_msgs/lib:/home/allen/Robomaster/rm_ws/install/teb_local_planner/lib:/home/allen/Robomaster/rm_ws/install/teb_msgs/lib:/home/allen/Robomaster/rm_ws/install/ros2_livox_simulation/lib:/home/allen/Robomaster/rm_ws/install/pointcloud_to_laserscan/lib:/home/allen/Robomaster/rm_ws/install/icp_registration/lib:/home/allen/Robomaster/rm_ws/install/fast_lio/lib:/home/allen/Robomaster/rm_ws/install/livox_ros_driver2/lib:/home/allen/Robomaster/rm_ws/install/linefit_ground_segmentation/lib:/home/allen/Robomaster/rm_ws/install/imu_complementary_filter/lib:/home/allen/Robomaster/rm_ws/install/fake_vel_transform/lib:/home/allen/Robomaster/rm_ws/install/costmap_converter/lib:/home/allen/Robomaster/rm_ws/install/costmap_converter_msgs/lib:/usr/lib/x86_64-linux-gnu/gazebo-11/plugins:/opt/ros/humble/opt/rviz_ogre_vendor/lib:/opt/ros/humble/lib/x86_64-linux-gnu:/opt/ros/humble/opt/openvdb_vendor/lib:/opt/ros/humble/lib:/usr/local/lib:/usr/local/lib:/usr/local/lib:/usr/local/lib /usr/bin/cmake /home/allen/rm_ws/src/livox_laser_simulation_RO2 -DAMENT_CMAKE_SYMLINK_INSTALL=1 -DCMAKE_INSTALL_PREFIX=/home/allen/rm_ws/install/ros2_livox_simulation
[840.392s] DEBUG:colcon.colcon_core.event_handler.log_command:Invoked command in '/home/allen/rm_ws/build/point_lio' returned '0': CMAKE_PREFIX_PATH=/home/allen/rm_ws/install/livox_ros_driver2:/home/allen/rm_ws/install/teb_local_planner:/home/allen/rm_ws/install/teb_msgs:/home/allen/rm_ws/install/ros2_livox_simulation:/home/allen/rm_ws/install/rmbot2:/home/allen/rm_ws/install/rm_navigation:/home/allen/rm_ws/install/rm_nav_bringup:/home/allen/rm_ws/install/pointcloud_to_laserscan:/home/allen/rm_ws/install/point_lio:/home/allen/rm_ws/install/icp_registration:/home/allen/rm_ws/install/fast_lio:/home/allen/rm_ws/install/linefit_ground_segmentation_ros:/home/allen/rm_ws/install/linefit_ground_segmentation:/home/allen/rm_ws/install/imu_complementary_filter:/home/allen/rm_ws/install/fake_vel_transform:/home/allen/rm_ws/install/costmap_converter:/home/allen/rm_ws/install/costmap_converter_msgs:/home/allen/Robomaster/rm_ws/install/teb_local_planner:/home/allen/Robomaster/rm_ws/install/teb_msgs:/home/allen/Robomaster/rm_ws/install/ros2_livox_simulation:/home/allen/Robomaster/rm_ws/install/rmbot2:/home/allen/Robomaster/rm_ws/install/rm_navigation:/home/allen/Robomaster/rm_ws/install/rm_nav_bringup:/home/allen/Robomaster/rm_ws/install/pointcloud_to_laserscan:/home/allen/Robomaster/rm_ws/install/point_lio:/home/allen/Robomaster/rm_ws/install/icp_registration:/home/allen/Robomaster/rm_ws/install/fast_lio:/home/allen/Robomaster/rm_ws/install/livox_ros_driver2:/home/allen/Robomaster/rm_ws/install/linefit_ground_segmentation_ros:/home/allen/Robomaster/rm_ws/install/linefit_ground_segmentation:/home/allen/Robomaster/rm_ws/install/imu_complementary_filter:/home/allen/Robomaster/rm_ws/install/fake_vel_transform:/home/allen/Robomaster/rm_ws/install/costmap_converter:/home/allen/Robomaster/rm_ws/install/costmap_converter_msgs:/home/allen/capstone/description_ws/install/ur_yt_sim:/home/allen/capstone/description_ws/install/ur10e_description:/home/allen/capstone/description_ws/install/kuka_agilus_support:/home/allen/capstone/description_ws/install/kuka_resources:/opt/ros/humble:/home/allen/capstone/description_ws/install/kuka_kr3_description LD_LIBRARY_PATH=/home/allen/rm_ws/install/livox_ros_driver2/lib:/home/allen/rm_ws/install/teb_local_planner/lib:/home/allen/rm_ws/install/teb_msgs/lib:/home/allen/rm_ws/install/ros2_livox_simulation/lib:/home/allen/rm_ws/install/pointcloud_to_laserscan/lib:/home/allen/rm_ws/install/icp_registration/lib:/home/allen/rm_ws/install/fast_lio/lib:/home/allen/rm_ws/install/linefit_ground_segmentation/lib:/home/allen/rm_ws/install/imu_complementary_filter/lib:/home/allen/rm_ws/install/fake_vel_transform/lib:/home/allen/rm_ws/install/costmap_converter/lib:/home/allen/rm_ws/install/costmap_converter_msgs/lib:/home/allen/Robomaster/rm_ws/install/teb_local_planner/lib:/home/allen/Robomaster/rm_ws/install/teb_msgs/lib:/home/allen/Robomaster/rm_ws/install/ros2_livox_simulation/lib:/home/allen/Robomaster/rm_ws/install/pointcloud_to_laserscan/lib:/home/allen/Robomaster/rm_ws/install/icp_registration/lib:/home/allen/Robomaster/rm_ws/install/fast_lio/lib:/home/allen/Robomaster/rm_ws/install/livox_ros_driver2/lib:/home/allen/Robomaster/rm_ws/install/linefit_ground_segmentation/lib:/home/allen/Robomaster/rm_ws/install/imu_complementary_filter/lib:/home/allen/Robomaster/rm_ws/install/fake_vel_transform/lib:/home/allen/Robomaster/rm_ws/install/costmap_converter/lib:/home/allen/Robomaster/rm_ws/install/costmap_converter_msgs/lib:/usr/lib/x86_64-linux-gnu/gazebo-11/plugins:/opt/ros/humble/opt/rviz_ogre_vendor/lib:/opt/ros/humble/lib/x86_64-linux-gnu:/opt/ros/humble/opt/openvdb_vendor/lib:/opt/ros/humble/lib:/usr/local/lib:/usr/local/lib:/usr/local/lib:/usr/local/lib /usr/bin/cmake /home/allen/rm_ws/src/rm_localization/point_lio -DAMENT_CMAKE_SYMLINK_INSTALL=1 -DCMAKE_INSTALL_PREFIX=/home/allen/rm_ws/install/point_lio
[840.400s] DEBUG:colcon.colcon_core.event_handler.log_command:Invoking command in '/home/allen/rm_ws/build/point_lio': CMAKE_PREFIX_PATH=/home/allen/rm_ws/install/livox_ros_driver2:/home/allen/rm_ws/install/teb_local_planner:/home/allen/rm_ws/install/teb_msgs:/home/allen/rm_ws/install/ros2_livox_simulation:/home/allen/rm_ws/install/rmbot2:/home/allen/rm_ws/install/rm_navigation:/home/allen/rm_ws/install/rm_nav_bringup:/home/allen/rm_ws/install/pointcloud_to_laserscan:/home/allen/rm_ws/install/point_lio:/home/allen/rm_ws/install/icp_registration:/home/allen/rm_ws/install/fast_lio:/home/allen/rm_ws/install/linefit_ground_segmentation_ros:/home/allen/rm_ws/install/linefit_ground_segmentation:/home/allen/rm_ws/install/imu_complementary_filter:/home/allen/rm_ws/install/fake_vel_transform:/home/allen/rm_ws/install/costmap_converter:/home/allen/rm_ws/install/costmap_converter_msgs:/home/allen/Robomaster/rm_ws/install/teb_local_planner:/home/allen/Robomaster/rm_ws/install/teb_msgs:/home/allen/Robomaster/rm_ws/install/ros2_livox_simulation:/home/allen/Robomaster/rm_ws/install/rmbot2:/home/allen/Robomaster/rm_ws/install/rm_navigation:/home/allen/Robomaster/rm_ws/install/rm_nav_bringup:/home/allen/Robomaster/rm_ws/install/pointcloud_to_laserscan:/home/allen/Robomaster/rm_ws/install/point_lio:/home/allen/Robomaster/rm_ws/install/icp_registration:/home/allen/Robomaster/rm_ws/install/fast_lio:/home/allen/Robomaster/rm_ws/install/livox_ros_driver2:/home/allen/Robomaster/rm_ws/install/linefit_ground_segmentation_ros:/home/allen/Robomaster/rm_ws/install/linefit_ground_segmentation:/home/allen/Robomaster/rm_ws/install/imu_complementary_filter:/home/allen/Robomaster/rm_ws/install/fake_vel_transform:/home/allen/Robomaster/rm_ws/install/costmap_converter:/home/allen/Robomaster/rm_ws/install/costmap_converter_msgs:/home/allen/capstone/description_ws/install/ur_yt_sim:/home/allen/capstone/description_ws/install/ur10e_description:/home/allen/capstone/description_ws/install/kuka_agilus_support:/home/allen/capstone/description_ws/install/kuka_resources:/opt/ros/humble:/home/allen/capstone/description_ws/install/kuka_kr3_description LD_LIBRARY_PATH=/home/allen/rm_ws/install/livox_ros_driver2/lib:/home/allen/rm_ws/install/teb_local_planner/lib:/home/allen/rm_ws/install/teb_msgs/lib:/home/allen/rm_ws/install/ros2_livox_simulation/lib:/home/allen/rm_ws/install/pointcloud_to_laserscan/lib:/home/allen/rm_ws/install/icp_registration/lib:/home/allen/rm_ws/install/fast_lio/lib:/home/allen/rm_ws/install/linefit_ground_segmentation/lib:/home/allen/rm_ws/install/imu_complementary_filter/lib:/home/allen/rm_ws/install/fake_vel_transform/lib:/home/allen/rm_ws/install/costmap_converter/lib:/home/allen/rm_ws/install/costmap_converter_msgs/lib:/home/allen/Robomaster/rm_ws/install/teb_local_planner/lib:/home/allen/Robomaster/rm_ws/install/teb_msgs/lib:/home/allen/Robomaster/rm_ws/install/ros2_livox_simulation/lib:/home/allen/Robomaster/rm_ws/install/pointcloud_to_laserscan/lib:/home/allen/Robomaster/rm_ws/install/icp_registration/lib:/home/allen/Robomaster/rm_ws/install/fast_lio/lib:/home/allen/Robomaster/rm_ws/install/livox_ros_driver2/lib:/home/allen/Robomaster/rm_ws/install/linefit_ground_segmentation/lib:/home/allen/Robomaster/rm_ws/install/imu_complementary_filter/lib:/home/allen/Robomaster/rm_ws/install/fake_vel_transform/lib:/home/allen/Robomaster/rm_ws/install/costmap_converter/lib:/home/allen/Robomaster/rm_ws/install/costmap_converter_msgs/lib:/usr/lib/x86_64-linux-gnu/gazebo-11/plugins:/opt/ros/humble/opt/rviz_ogre_vendor/lib:/opt/ros/humble/lib/x86_64-linux-gnu:/opt/ros/humble/opt/openvdb_vendor/lib:/opt/ros/humble/lib:/usr/local/lib:/usr/local/lib:/usr/local/lib:/usr/local/lib /usr/bin/cmake --build /home/allen/rm_ws/build/point_lio -- -j2 -l2
[855.759s] DEBUG:colcon.colcon_core.event_handler.log_command:Invoked command in '/home/allen/rm_ws/build/ros2_livox_simulation' returned '0': CMAKE_PREFIX_PATH=/home/allen/rm_ws/install/livox_ros_driver2:/home/allen/rm_ws/install/teb_local_planner:/home/allen/rm_ws/install/teb_msgs:/home/allen/rm_ws/install/ros2_livox_simulation:/home/allen/rm_ws/install/rmbot2:/home/allen/rm_ws/install/rm_navigation:/home/allen/rm_ws/install/rm_nav_bringup:/home/allen/rm_ws/install/pointcloud_to_laserscan:/home/allen/rm_ws/install/point_lio:/home/allen/rm_ws/install/icp_registration:/home/allen/rm_ws/install/fast_lio:/home/allen/rm_ws/install/linefit_ground_segmentation_ros:/home/allen/rm_ws/install/linefit_ground_segmentation:/home/allen/rm_ws/install/imu_complementary_filter:/home/allen/rm_ws/install/fake_vel_transform:/home/allen/rm_ws/install/costmap_converter:/home/allen/rm_ws/install/costmap_converter_msgs:/home/allen/Robomaster/rm_ws/install/teb_local_planner:/home/allen/Robomaster/rm_ws/install/teb_msgs:/home/allen/Robomaster/rm_ws/install/ros2_livox_simulation:/home/allen/Robomaster/rm_ws/install/rmbot2:/home/allen/Robomaster/rm_ws/install/rm_navigation:/home/allen/Robomaster/rm_ws/install/rm_nav_bringup:/home/allen/Robomaster/rm_ws/install/pointcloud_to_laserscan:/home/allen/Robomaster/rm_ws/install/point_lio:/home/allen/Robomaster/rm_ws/install/icp_registration:/home/allen/Robomaster/rm_ws/install/fast_lio:/home/allen/Robomaster/rm_ws/install/livox_ros_driver2:/home/allen/Robomaster/rm_ws/install/linefit_ground_segmentation_ros:/home/allen/Robomaster/rm_ws/install/linefit_ground_segmentation:/home/allen/Robomaster/rm_ws/install/imu_complementary_filter:/home/allen/Robomaster/rm_ws/install/fake_vel_transform:/home/allen/Robomaster/rm_ws/install/costmap_converter:/home/allen/Robomaster/rm_ws/install/costmap_converter_msgs:/home/allen/capstone/description_ws/install/ur_yt_sim:/home/allen/capstone/description_ws/install/ur10e_description:/home/allen/capstone/description_ws/install/kuka_agilus_support:/home/allen/capstone/description_ws/install/kuka_resources:/opt/ros/humble:/home/allen/capstone/description_ws/install/kuka_kr3_description LD_LIBRARY_PATH=/home/allen/rm_ws/install/livox_ros_driver2/lib:/home/allen/rm_ws/install/teb_local_planner/lib:/home/allen/rm_ws/install/teb_msgs/lib:/home/allen/rm_ws/install/ros2_livox_simulation/lib:/home/allen/rm_ws/install/pointcloud_to_laserscan/lib:/home/allen/rm_ws/install/icp_registration/lib:/home/allen/rm_ws/install/fast_lio/lib:/home/allen/rm_ws/install/linefit_ground_segmentation/lib:/home/allen/rm_ws/install/imu_complementary_filter/lib:/home/allen/rm_ws/install/fake_vel_transform/lib:/home/allen/rm_ws/install/costmap_converter/lib:/home/allen/rm_ws/install/costmap_converter_msgs/lib:/home/allen/Robomaster/rm_ws/install/teb_local_planner/lib:/home/allen/Robomaster/rm_ws/install/teb_msgs/lib:/home/allen/Robomaster/rm_ws/install/ros2_livox_simulation/lib:/home/allen/Robomaster/rm_ws/install/pointcloud_to_laserscan/lib:/home/allen/Robomaster/rm_ws/install/icp_registration/lib:/home/allen/Robomaster/rm_ws/install/fast_lio/lib:/home/allen/Robomaster/rm_ws/install/livox_ros_driver2/lib:/home/allen/Robomaster/rm_ws/install/linefit_ground_segmentation/lib:/home/allen/Robomaster/rm_ws/install/imu_complementary_filter/lib:/home/allen/Robomaster/rm_ws/install/fake_vel_transform/lib:/home/allen/Robomaster/rm_ws/install/costmap_converter/lib:/home/allen/Robomaster/rm_ws/install/costmap_converter_msgs/lib:/usr/lib/x86_64-linux-gnu/gazebo-11/plugins:/opt/ros/humble/opt/rviz_ogre_vendor/lib:/opt/ros/humble/lib/x86_64-linux-gnu:/opt/ros/humble/opt/openvdb_vendor/lib:/opt/ros/humble/lib:/usr/local/lib:/usr/local/lib:/usr/local/lib:/usr/local/lib /usr/bin/cmake /home/allen/rm_ws/src/livox_laser_simulation_RO2 -DAMENT_CMAKE_SYMLINK_INSTALL=1 -DCMAKE_INSTALL_PREFIX=/home/allen/rm_ws/install/ros2_livox_simulation
[855.762s] DEBUG:colcon.colcon_core.event_handler.log_command:Invoking command in '/home/allen/rm_ws/build/ros2_livox_simulation': CMAKE_PREFIX_PATH=/home/allen/rm_ws/install/livox_ros_driver2:/home/allen/rm_ws/install/teb_local_planner:/home/allen/rm_ws/install/teb_msgs:/home/allen/rm_ws/install/ros2_livox_simulation:/home/allen/rm_ws/install/rmbot2:/home/allen/rm_ws/install/rm_navigation:/home/allen/rm_ws/install/rm_nav_bringup:/home/allen/rm_ws/install/pointcloud_to_laserscan:/home/allen/rm_ws/install/point_lio:/home/allen/rm_ws/install/icp_registration:/home/allen/rm_ws/install/fast_lio:/home/allen/rm_ws/install/linefit_ground_segmentation_ros:/home/allen/rm_ws/install/linefit_ground_segmentation:/home/allen/rm_ws/install/imu_complementary_filter:/home/allen/rm_ws/install/fake_vel_transform:/home/allen/rm_ws/install/costmap_converter:/home/allen/rm_ws/install/costmap_converter_msgs:/home/allen/Robomaster/rm_ws/install/teb_local_planner:/home/allen/Robomaster/rm_ws/install/teb_msgs:/home/allen/Robomaster/rm_ws/install/ros2_livox_simulation:/home/allen/Robomaster/rm_ws/install/rmbot2:/home/allen/Robomaster/rm_ws/install/rm_navigation:/home/allen/Robomaster/rm_ws/install/rm_nav_bringup:/home/allen/Robomaster/rm_ws/install/pointcloud_to_laserscan:/home/allen/Robomaster/rm_ws/install/point_lio:/home/allen/Robomaster/rm_ws/install/icp_registration:/home/allen/Robomaster/rm_ws/install/fast_lio:/home/allen/Robomaster/rm_ws/install/livox_ros_driver2:/home/allen/Robomaster/rm_ws/install/linefit_ground_segmentation_ros:/home/allen/Robomaster/rm_ws/install/linefit_ground_segmentation:/home/allen/Robomaster/rm_ws/install/imu_complementary_filter:/home/allen/Robomaster/rm_ws/install/fake_vel_transform:/home/allen/Robomaster/rm_ws/install/costmap_converter:/home/allen/Robomaster/rm_ws/install/costmap_converter_msgs:/home/allen/capstone/description_ws/install/ur_yt_sim:/home/allen/capstone/description_ws/install/ur10e_description:/home/allen/capstone/description_ws/install/kuka_agilus_support:/home/allen/capstone/description_ws/install/kuka_resources:/opt/ros/humble:/home/allen/capstone/description_ws/install/kuka_kr3_description LD_LIBRARY_PATH=/home/allen/rm_ws/install/livox_ros_driver2/lib:/home/allen/rm_ws/install/teb_local_planner/lib:/home/allen/rm_ws/install/teb_msgs/lib:/home/allen/rm_ws/install/ros2_livox_simulation/lib:/home/allen/rm_ws/install/pointcloud_to_laserscan/lib:/home/allen/rm_ws/install/icp_registration/lib:/home/allen/rm_ws/install/fast_lio/lib:/home/allen/rm_ws/install/linefit_ground_segmentation/lib:/home/allen/rm_ws/install/imu_complementary_filter/lib:/home/allen/rm_ws/install/fake_vel_transform/lib:/home/allen/rm_ws/install/costmap_converter/lib:/home/allen/rm_ws/install/costmap_converter_msgs/lib:/home/allen/Robomaster/rm_ws/install/teb_local_planner/lib:/home/allen/Robomaster/rm_ws/install/teb_msgs/lib:/home/allen/Robomaster/rm_ws/install/ros2_livox_simulation/lib:/home/allen/Robomaster/rm_ws/install/pointcloud_to_laserscan/lib:/home/allen/Robomaster/rm_ws/install/icp_registration/lib:/home/allen/Robomaster/rm_ws/install/fast_lio/lib:/home/allen/Robomaster/rm_ws/install/livox_ros_driver2/lib:/home/allen/Robomaster/rm_ws/install/linefit_ground_segmentation/lib:/home/allen/Robomaster/rm_ws/install/imu_complementary_filter/lib:/home/allen/Robomaster/rm_ws/install/fake_vel_transform/lib:/home/allen/Robomaster/rm_ws/install/costmap_converter/lib:/home/allen/Robomaster/rm_ws/install/costmap_converter_msgs/lib:/usr/lib/x86_64-linux-gnu/gazebo-11/plugins:/opt/ros/humble/opt/rviz_ogre_vendor/lib:/opt/ros/humble/lib/x86_64-linux-gnu:/opt/ros/humble/opt/openvdb_vendor/lib:/opt/ros/humble/lib:/usr/local/lib:/usr/local/lib:/usr/local/lib:/usr/local/lib /usr/bin/cmake --build /home/allen/rm_ws/build/ros2_livox_simulation -- -j2 -l2
[928.576s] DEBUG:colcon.colcon_core.event_handler.log_command:Invoked command in '/home/allen/rm_ws/build/ros2_livox_simulation' returned '0': CMAKE_PREFIX_PATH=/home/allen/rm_ws/install/livox_ros_driver2:/home/allen/rm_ws/install/teb_local_planner:/home/allen/rm_ws/install/teb_msgs:/home/allen/rm_ws/install/ros2_livox_simulation:/home/allen/rm_ws/install/rmbot2:/home/allen/rm_ws/install/rm_navigation:/home/allen/rm_ws/install/rm_nav_bringup:/home/allen/rm_ws/install/pointcloud_to_laserscan:/home/allen/rm_ws/install/point_lio:/home/allen/rm_ws/install/icp_registration:/home/allen/rm_ws/install/fast_lio:/home/allen/rm_ws/install/linefit_ground_segmentation_ros:/home/allen/rm_ws/install/linefit_ground_segmentation:/home/allen/rm_ws/install/imu_complementary_filter:/home/allen/rm_ws/install/fake_vel_transform:/home/allen/rm_ws/install/costmap_converter:/home/allen/rm_ws/install/costmap_converter_msgs:/home/allen/Robomaster/rm_ws/install/teb_local_planner:/home/allen/Robomaster/rm_ws/install/teb_msgs:/home/allen/Robomaster/rm_ws/install/ros2_livox_simulation:/home/allen/Robomaster/rm_ws/install/rmbot2:/home/allen/Robomaster/rm_ws/install/rm_navigation:/home/allen/Robomaster/rm_ws/install/rm_nav_bringup:/home/allen/Robomaster/rm_ws/install/pointcloud_to_laserscan:/home/allen/Robomaster/rm_ws/install/point_lio:/home/allen/Robomaster/rm_ws/install/icp_registration:/home/allen/Robomaster/rm_ws/install/fast_lio:/home/allen/Robomaster/rm_ws/install/livox_ros_driver2:/home/allen/Robomaster/rm_ws/install/linefit_ground_segmentation_ros:/home/allen/Robomaster/rm_ws/install/linefit_ground_segmentation:/home/allen/Robomaster/rm_ws/install/imu_complementary_filter:/home/allen/Robomaster/rm_ws/install/fake_vel_transform:/home/allen/Robomaster/rm_ws/install/costmap_converter:/home/allen/Robomaster/rm_ws/install/costmap_converter_msgs:/home/allen/capstone/description_ws/install/ur_yt_sim:/home/allen/capstone/description_ws/install/ur10e_description:/home/allen/capstone/description_ws/install/kuka_agilus_support:/home/allen/capstone/description_ws/install/kuka_resources:/opt/ros/humble:/home/allen/capstone/description_ws/install/kuka_kr3_description LD_LIBRARY_PATH=/home/allen/rm_ws/install/livox_ros_driver2/lib:/home/allen/rm_ws/install/teb_local_planner/lib:/home/allen/rm_ws/install/teb_msgs/lib:/home/allen/rm_ws/install/ros2_livox_simulation/lib:/home/allen/rm_ws/install/pointcloud_to_laserscan/lib:/home/allen/rm_ws/install/icp_registration/lib:/home/allen/rm_ws/install/fast_lio/lib:/home/allen/rm_ws/install/linefit_ground_segmentation/lib:/home/allen/rm_ws/install/imu_complementary_filter/lib:/home/allen/rm_ws/install/fake_vel_transform/lib:/home/allen/rm_ws/install/costmap_converter/lib:/home/allen/rm_ws/install/costmap_converter_msgs/lib:/home/allen/Robomaster/rm_ws/install/teb_local_planner/lib:/home/allen/Robomaster/rm_ws/install/teb_msgs/lib:/home/allen/Robomaster/rm_ws/install/ros2_livox_simulation/lib:/home/allen/Robomaster/rm_ws/install/pointcloud_to_laserscan/lib:/home/allen/Robomaster/rm_ws/install/icp_registration/lib:/home/allen/Robomaster/rm_ws/install/fast_lio/lib:/home/allen/Robomaster/rm_ws/install/livox_ros_driver2/lib:/home/allen/Robomaster/rm_ws/install/linefit_ground_segmentation/lib:/home/allen/Robomaster/rm_ws/install/imu_complementary_filter/lib:/home/allen/Robomaster/rm_ws/install/fake_vel_transform/lib:/home/allen/Robomaster/rm_ws/install/costmap_converter/lib:/home/allen/Robomaster/rm_ws/install/costmap_converter_msgs/lib:/usr/lib/x86_64-linux-gnu/gazebo-11/plugins:/opt/ros/humble/opt/rviz_ogre_vendor/lib:/opt/ros/humble/lib/x86_64-linux-gnu:/opt/ros/humble/opt/openvdb_vendor/lib:/opt/ros/humble/lib:/usr/local/lib:/usr/local/lib:/usr/local/lib:/usr/local/lib /usr/bin/cmake --build /home/allen/rm_ws/build/ros2_livox_simulation -- -j2 -l2
[928.579s] DEBUG:colcon.colcon_core.event_handler.log_command:Invoking command in '/home/allen/rm_ws/build/ros2_livox_simulation': CMAKE_PREFIX_PATH=/home/allen/rm_ws/install/livox_ros_driver2:/home/allen/rm_ws/install/teb_local_planner:/home/allen/rm_ws/install/teb_msgs:/home/allen/rm_ws/install/ros2_livox_simulation:/home/allen/rm_ws/install/rmbot2:/home/allen/rm_ws/install/rm_navigation:/home/allen/rm_ws/install/rm_nav_bringup:/home/allen/rm_ws/install/pointcloud_to_laserscan:/home/allen/rm_ws/install/point_lio:/home/allen/rm_ws/install/icp_registration:/home/allen/rm_ws/install/fast_lio:/home/allen/rm_ws/install/linefit_ground_segmentation_ros:/home/allen/rm_ws/install/linefit_ground_segmentation:/home/allen/rm_ws/install/imu_complementary_filter:/home/allen/rm_ws/install/fake_vel_transform:/home/allen/rm_ws/install/costmap_converter:/home/allen/rm_ws/install/costmap_converter_msgs:/home/allen/Robomaster/rm_ws/install/teb_local_planner:/home/allen/Robomaster/rm_ws/install/teb_msgs:/home/allen/Robomaster/rm_ws/install/ros2_livox_simulation:/home/allen/Robomaster/rm_ws/install/rmbot2:/home/allen/Robomaster/rm_ws/install/rm_navigation:/home/allen/Robomaster/rm_ws/install/rm_nav_bringup:/home/allen/Robomaster/rm_ws/install/pointcloud_to_laserscan:/home/allen/Robomaster/rm_ws/install/point_lio:/home/allen/Robomaster/rm_ws/install/icp_registration:/home/allen/Robomaster/rm_ws/install/fast_lio:/home/allen/Robomaster/rm_ws/install/livox_ros_driver2:/home/allen/Robomaster/rm_ws/install/linefit_ground_segmentation_ros:/home/allen/Robomaster/rm_ws/install/linefit_ground_segmentation:/home/allen/Robomaster/rm_ws/install/imu_complementary_filter:/home/allen/Robomaster/rm_ws/install/fake_vel_transform:/home/allen/Robomaster/rm_ws/install/costmap_converter:/home/allen/Robomaster/rm_ws/install/costmap_converter_msgs:/home/allen/capstone/description_ws/install/ur_yt_sim:/home/allen/capstone/description_ws/install/ur10e_description:/home/allen/capstone/description_ws/install/kuka_agilus_support:/home/allen/capstone/description_ws/install/kuka_resources:/opt/ros/humble:/home/allen/capstone/description_ws/install/kuka_kr3_description LD_LIBRARY_PATH=/home/allen/rm_ws/install/livox_ros_driver2/lib:/home/allen/rm_ws/install/teb_local_planner/lib:/home/allen/rm_ws/install/teb_msgs/lib:/home/allen/rm_ws/install/ros2_livox_simulation/lib:/home/allen/rm_ws/install/pointcloud_to_laserscan/lib:/home/allen/rm_ws/install/icp_registration/lib:/home/allen/rm_ws/install/fast_lio/lib:/home/allen/rm_ws/install/linefit_ground_segmentation/lib:/home/allen/rm_ws/install/imu_complementary_filter/lib:/home/allen/rm_ws/install/fake_vel_transform/lib:/home/allen/rm_ws/install/costmap_converter/lib:/home/allen/rm_ws/install/costmap_converter_msgs/lib:/home/allen/Robomaster/rm_ws/install/teb_local_planner/lib:/home/allen/Robomaster/rm_ws/install/teb_msgs/lib:/home/allen/Robomaster/rm_ws/install/ros2_livox_simulation/lib:/home/allen/Robomaster/rm_ws/install/pointcloud_to_laserscan/lib:/home/allen/Robomaster/rm_ws/install/icp_registration/lib:/home/allen/Robomaster/rm_ws/install/fast_lio/lib:/home/allen/Robomaster/rm_ws/install/livox_ros_driver2/lib:/home/allen/Robomaster/rm_ws/install/linefit_ground_segmentation/lib:/home/allen/Robomaster/rm_ws/install/imu_complementary_filter/lib:/home/allen/Robomaster/rm_ws/install/fake_vel_transform/lib:/home/allen/Robomaster/rm_ws/install/costmap_converter/lib:/home/allen/Robomaster/rm_ws/install/costmap_converter_msgs/lib:/usr/lib/x86_64-linux-gnu/gazebo-11/plugins:/opt/ros/humble/opt/rviz_ogre_vendor/lib:/opt/ros/humble/lib/x86_64-linux-gnu:/opt/ros/humble/opt/openvdb_vendor/lib:/opt/ros/humble/lib:/usr/local/lib:/usr/local/lib:/usr/local/lib:/usr/local/lib /usr/bin/cmake --install /home/allen/rm_ws/build/ros2_livox_simulation
[929.604s] Level 1:colcon.colcon_core.environment:create_environment_scripts_only(ros2_livox_simulation)
[929.606s] Level 1:colcon.colcon_core.environment:checking '/home/allen/rm_ws/install/ros2_livox_simulation' for CMake module files
[929.607s] DEBUG:colcon.colcon_core.event_handler.log_command:Invoked command in '/home/allen/rm_ws/build/ros2_livox_simulation' returned '0': CMAKE_PREFIX_PATH=/home/allen/rm_ws/install/livox_ros_driver2:/home/allen/rm_ws/install/teb_local_planner:/home/allen/rm_ws/install/teb_msgs:/home/allen/rm_ws/install/ros2_livox_simulation:/home/allen/rm_ws/install/rmbot2:/home/allen/rm_ws/install/rm_navigation:/home/allen/rm_ws/install/rm_nav_bringup:/home/allen/rm_ws/install/pointcloud_to_laserscan:/home/allen/rm_ws/install/point_lio:/home/allen/rm_ws/install/icp_registration:/home/allen/rm_ws/install/fast_lio:/home/allen/rm_ws/install/linefit_ground_segmentation_ros:/home/allen/rm_ws/install/linefit_ground_segmentation:/home/allen/rm_ws/install/imu_complementary_filter:/home/allen/rm_ws/install/fake_vel_transform:/home/allen/rm_ws/install/costmap_converter:/home/allen/rm_ws/install/costmap_converter_msgs:/home/allen/Robomaster/rm_ws/install/teb_local_planner:/home/allen/Robomaster/rm_ws/install/teb_msgs:/home/allen/Robomaster/rm_ws/install/ros2_livox_simulation:/home/allen/Robomaster/rm_ws/install/rmbot2:/home/allen/Robomaster/rm_ws/install/rm_navigation:/home/allen/Robomaster/rm_ws/install/rm_nav_bringup:/home/allen/Robomaster/rm_ws/install/pointcloud_to_laserscan:/home/allen/Robomaster/rm_ws/install/point_lio:/home/allen/Robomaster/rm_ws/install/icp_registration:/home/allen/Robomaster/rm_ws/install/fast_lio:/home/allen/Robomaster/rm_ws/install/livox_ros_driver2:/home/allen/Robomaster/rm_ws/install/linefit_ground_segmentation_ros:/home/allen/Robomaster/rm_ws/install/linefit_ground_segmentation:/home/allen/Robomaster/rm_ws/install/imu_complementary_filter:/home/allen/Robomaster/rm_ws/install/fake_vel_transform:/home/allen/Robomaster/rm_ws/install/costmap_converter:/home/allen/Robomaster/rm_ws/install/costmap_converter_msgs:/home/allen/capstone/description_ws/install/ur_yt_sim:/home/allen/capstone/description_ws/install/ur10e_description:/home/allen/capstone/description_ws/install/kuka_agilus_support:/home/allen/capstone/description_ws/install/kuka_resources:/opt/ros/humble:/home/allen/capstone/description_ws/install/kuka_kr3_description LD_LIBRARY_PATH=/home/allen/rm_ws/install/livox_ros_driver2/lib:/home/allen/rm_ws/install/teb_local_planner/lib:/home/allen/rm_ws/install/teb_msgs/lib:/home/allen/rm_ws/install/ros2_livox_simulation/lib:/home/allen/rm_ws/install/pointcloud_to_laserscan/lib:/home/allen/rm_ws/install/icp_registration/lib:/home/allen/rm_ws/install/fast_lio/lib:/home/allen/rm_ws/install/linefit_ground_segmentation/lib:/home/allen/rm_ws/install/imu_complementary_filter/lib:/home/allen/rm_ws/install/fake_vel_transform/lib:/home/allen/rm_ws/install/costmap_converter/lib:/home/allen/rm_ws/install/costmap_converter_msgs/lib:/home/allen/Robomaster/rm_ws/install/teb_local_planner/lib:/home/allen/Robomaster/rm_ws/install/teb_msgs/lib:/home/allen/Robomaster/rm_ws/install/ros2_livox_simulation/lib:/home/allen/Robomaster/rm_ws/install/pointcloud_to_laserscan/lib:/home/allen/Robomaster/rm_ws/install/icp_registration/lib:/home/allen/Robomaster/rm_ws/install/fast_lio/lib:/home/allen/Robomaster/rm_ws/install/livox_ros_driver2/lib:/home/allen/Robomaster/rm_ws/install/linefit_ground_segmentation/lib:/home/allen/Robomaster/rm_ws/install/imu_complementary_filter/lib:/home/allen/Robomaster/rm_ws/install/fake_vel_transform/lib:/home/allen/Robomaster/rm_ws/install/costmap_converter/lib:/home/allen/Robomaster/rm_ws/install/costmap_converter_msgs/lib:/usr/lib/x86_64-linux-gnu/gazebo-11/plugins:/opt/ros/humble/opt/rviz_ogre_vendor/lib:/opt/ros/humble/lib/x86_64-linux-gnu:/opt/ros/humble/opt/openvdb_vendor/lib:/opt/ros/humble/lib:/usr/local/lib:/usr/local/lib:/usr/local/lib:/usr/local/lib /usr/bin/cmake --install /home/allen/rm_ws/build/ros2_livox_simulation
[929.610s] Level 1:colcon.colcon_core.environment:checking '/home/allen/rm_ws/install/ros2_livox_simulation' for CMake config files
[929.612s] Level 1:colcon.colcon_core.shell:create_environment_hook('ros2_livox_simulation', 'cmake_prefix_path')
[929.615s] INFO:colcon.colcon_core.shell:Creating environment hook '/home/allen/rm_ws/install/ros2_livox_simulation/share/ros2_livox_simulation/hook/cmake_prefix_path.ps1'
[929.616s] INFO:colcon.colcon_core.shell:Creating environment descriptor '/home/allen/rm_ws/install/ros2_livox_simulation/share/ros2_livox_simulation/hook/cmake_prefix_path.dsv'
[929.619s] INFO:colcon.colcon_core.shell:Creating environment hook '/home/allen/rm_ws/install/ros2_livox_simulation/share/ros2_livox_simulation/hook/cmake_prefix_path.sh'
[929.620s] Level 1:colcon.colcon_core.environment:checking '/home/allen/rm_ws/install/ros2_livox_simulation/lib'
[929.622s] Level 1:colcon.colcon_core.shell:create_environment_hook('ros2_livox_simulation', 'ld_library_path_lib')
[929.623s] INFO:colcon.colcon_core.shell:Creating environment hook '/home/allen/rm_ws/install/ros2_livox_simulation/share/ros2_livox_simulation/hook/ld_library_path_lib.ps1'
[929.624s] INFO:colcon.colcon_core.shell:Creating environment descriptor '/home/allen/rm_ws/install/ros2_livox_simulation/share/ros2_livox_simulation/hook/ld_library_path_lib.dsv'
[929.627s] INFO:colcon.colcon_core.shell:Creating environment hook '/home/allen/rm_ws/install/ros2_livox_simulation/share/ros2_livox_simulation/hook/ld_library_path_lib.sh'
[929.628s] Level 1:colcon.colcon_core.environment:checking '/home/allen/rm_ws/install/ros2_livox_simulation/bin'
[929.628s] Level 1:colcon.colcon_core.environment:checking '/home/allen/rm_ws/install/ros2_livox_simulation/lib/pkgconfig/ros2_livox_simulation.pc'
[929.632s] Level 1:colcon.colcon_core.environment:checking '/home/allen/rm_ws/install/ros2_livox_simulation/lib/python3.10/site-packages'
[929.633s] Level 1:colcon.colcon_core.environment:checking '/home/allen/rm_ws/install/ros2_livox_simulation/bin'
[929.634s] INFO:colcon.colcon_core.shell:Creating package script '/home/allen/rm_ws/install/ros2_livox_simulation/share/ros2_livox_simulation/package.ps1'
[929.638s] INFO:colcon.colcon_core.shell:Creating package descriptor '/home/allen/rm_ws/install/ros2_livox_simulation/share/ros2_livox_simulation/package.dsv'
[929.641s] INFO:colcon.colcon_core.shell:Creating package script '/home/allen/rm_ws/install/ros2_livox_simulation/share/ros2_livox_simulation/package.sh'
[929.643s] INFO:colcon.colcon_core.shell:Creating package script '/home/allen/rm_ws/install/ros2_livox_simulation/share/ros2_livox_simulation/package.bash'
[929.646s] INFO:colcon.colcon_core.shell:Creating package script '/home/allen/rm_ws/install/ros2_livox_simulation/share/ros2_livox_simulation/package.zsh'
[929.647s] Level 1:colcon.colcon_core.environment:create_file_with_runtime_dependencies(/home/allen/rm_ws/install/ros2_livox_simulation/share/colcon-core/packages/ros2_livox_simulation)
[929.651s] Level 1:colcon.colcon_core.environment:create_environment_scripts_only(ros2_livox_simulation)
[929.652s] Level 1:colcon.colcon_core.environment:checking '/home/allen/rm_ws/install/ros2_livox_simulation' for CMake module files
[929.655s] Level 1:colcon.colcon_core.environment:checking '/home/allen/rm_ws/install/ros2_livox_simulation' for CMake config files
[929.658s] Level 1:colcon.colcon_core.shell:create_environment_hook('ros2_livox_simulation', 'cmake_prefix_path')
[929.659s] INFO:colcon.colcon_core.shell:Creating environment hook '/home/allen/rm_ws/install/ros2_livox_simulation/share/ros2_livox_simulation/hook/cmake_prefix_path.ps1'
[929.663s] INFO:colcon.colcon_core.shell:Creating environment descriptor '/home/allen/rm_ws/install/ros2_livox_simulation/share/ros2_livox_simulation/hook/cmake_prefix_path.dsv'
[929.668s] INFO:colcon.colcon_core.shell:Creating environment hook '/home/allen/rm_ws/install/ros2_livox_simulation/share/ros2_livox_simulation/hook/cmake_prefix_path.sh'
[929.672s] Level 1:colcon.colcon_core.environment:checking '/home/allen/rm_ws/install/ros2_livox_simulation/lib'
[929.673s] Level 1:colcon.colcon_core.shell:create_environment_hook('ros2_livox_simulation', 'ld_library_path_lib')
[929.673s] INFO:colcon.colcon_core.shell:Creating environment hook '/home/allen/rm_ws/install/ros2_livox_simulation/share/ros2_livox_simulation/hook/ld_library_path_lib.ps1'
[929.677s] INFO:colcon.colcon_core.shell:Creating environment descriptor '/home/allen/rm_ws/install/ros2_livox_simulation/share/ros2_livox_simulation/hook/ld_library_path_lib.dsv'
[929.678s] INFO:colcon.colcon_core.shell:Creating environment hook '/home/allen/rm_ws/install/ros2_livox_simulation/share/ros2_livox_simulation/hook/ld_library_path_lib.sh'
[929.682s] Level 1:colcon.colcon_core.environment:checking '/home/allen/rm_ws/install/ros2_livox_simulation/bin'
[929.683s] Level 1:colcon.colcon_core.environment:checking '/home/allen/rm_ws/install/ros2_livox_simulation/lib/pkgconfig/ros2_livox_simulation.pc'
[929.683s] Level 1:colcon.colcon_core.environment:checking '/home/allen/rm_ws/install/ros2_livox_simulation/lib/python3.10/site-packages'
[929.684s] Level 1:colcon.colcon_core.environment:checking '/home/allen/rm_ws/install/ros2_livox_simulation/bin'
[929.686s] INFO:colcon.colcon_core.shell:Creating package script '/home/allen/rm_ws/install/ros2_livox_simulation/share/ros2_livox_simulation/package.ps1'
[929.687s] INFO:colcon.colcon_core.shell:Creating package descriptor '/home/allen/rm_ws/install/ros2_livox_simulation/share/ros2_livox_simulation/package.dsv'
[929.692s] INFO:colcon.colcon_core.shell:Creating package script '/home/allen/rm_ws/install/ros2_livox_simulation/share/ros2_livox_simulation/package.sh'
[929.693s] INFO:colcon.colcon_core.shell:Creating package script '/home/allen/rm_ws/install/ros2_livox_simulation/share/ros2_livox_simulation/package.bash'
[929.696s] INFO:colcon.colcon_core.shell:Creating package script '/home/allen/rm_ws/install/ros2_livox_simulation/share/ros2_livox_simulation/package.zsh'
[929.698s] Level 1:colcon.colcon_core.environment:create_file_with_runtime_dependencies(/home/allen/rm_ws/install/ros2_livox_simulation/share/colcon-core/packages/ros2_livox_simulation)
[929.702s] INFO:colcon.colcon_ros.task.ament_cmake.build:Building ROS package in '/home/allen/rm_ws/src/rm_navigation/teb_local_planner/teb_local_planner' with build type 'ament_cmake'
[929.702s] INFO:colcon.colcon_cmake.task.cmake.build:Building CMake package in '/home/allen/rm_ws/src/rm_navigation/teb_local_planner/teb_local_planner'
[929.702s] INFO:colcon.colcon_core.shell:Skip shell extension 'powershell' for command environment: Not usable outside of PowerShell
[929.702s] DEBUG:colcon.colcon_core.shell:Skip shell extension 'dsv' for command environment
[929.808s] DEBUG:colcon.colcon_core.event_handler.log_command:Invoking command in '/home/allen/rm_ws/build/teb_local_planner': CMAKE_PREFIX_PATH=/home/allen/rm_ws/install/teb_msgs:/home/allen/rm_ws/install/costmap_converter:/home/allen/rm_ws/install/costmap_converter_msgs:/home/allen/rm_ws/install/teb_local_planner:/home/allen/rm_ws/install/ros2_livox_simulation:/home/allen/rm_ws/install/rmbot2:/home/allen/rm_ws/install/rm_navigation:/home/allen/rm_ws/install/rm_nav_bringup:/home/allen/rm_ws/install/pointcloud_to_laserscan:/home/allen/rm_ws/install/point_lio:/home/allen/rm_ws/install/icp_registration:/home/allen/rm_ws/install/fast_lio:/home/allen/rm_ws/install/livox_ros_driver2:/home/allen/rm_ws/install/linefit_ground_segmentation_ros:/home/allen/rm_ws/install/linefit_ground_segmentation:/home/allen/rm_ws/install/imu_complementary_filter:/home/allen/rm_ws/install/fake_vel_transform:/home/allen/Robomaster/rm_ws/install/teb_local_planner:/home/allen/Robomaster/rm_ws/install/teb_msgs:/home/allen/Robomaster/rm_ws/install/ros2_livox_simulation:/home/allen/Robomaster/rm_ws/install/rmbot2:/home/allen/Robomaster/rm_ws/install/rm_navigation:/home/allen/Robomaster/rm_ws/install/rm_nav_bringup:/home/allen/Robomaster/rm_ws/install/pointcloud_to_laserscan:/home/allen/Robomaster/rm_ws/install/point_lio:/home/allen/Robomaster/rm_ws/install/icp_registration:/home/allen/Robomaster/rm_ws/install/fast_lio:/home/allen/Robomaster/rm_ws/install/livox_ros_driver2:/home/allen/Robomaster/rm_ws/install/linefit_ground_segmentation_ros:/home/allen/Robomaster/rm_ws/install/linefit_ground_segmentation:/home/allen/Robomaster/rm_ws/install/imu_complementary_filter:/home/allen/Robomaster/rm_ws/install/fake_vel_transform:/home/allen/Robomaster/rm_ws/install/costmap_converter:/home/allen/Robomaster/rm_ws/install/costmap_converter_msgs:/home/allen/capstone/description_ws/install/ur_yt_sim:/home/allen/capstone/description_ws/install/ur10e_description:/home/allen/capstone/description_ws/install/kuka_agilus_support:/home/allen/capstone/description_ws/install/kuka_resources:/opt/ros/humble:/home/allen/capstone/description_ws/install/kuka_kr3_description LD_LIBRARY_PATH=/home/allen/rm_ws/install/teb_msgs/lib:/home/allen/rm_ws/install/costmap_converter/lib:/home/allen/rm_ws/install/costmap_converter_msgs/lib:/home/allen/rm_ws/install/teb_local_planner/lib:/home/allen/rm_ws/install/ros2_livox_simulation/lib:/home/allen/rm_ws/install/pointcloud_to_laserscan/lib:/home/allen/rm_ws/install/icp_registration/lib:/home/allen/rm_ws/install/fast_lio/lib:/home/allen/rm_ws/install/livox_ros_driver2/lib:/home/allen/rm_ws/install/linefit_ground_segmentation/lib:/home/allen/rm_ws/install/imu_complementary_filter/lib:/home/allen/rm_ws/install/fake_vel_transform/lib:/home/allen/Robomaster/rm_ws/install/teb_local_planner/lib:/home/allen/Robomaster/rm_ws/install/teb_msgs/lib:/home/allen/Robomaster/rm_ws/install/ros2_livox_simulation/lib:/home/allen/Robomaster/rm_ws/install/pointcloud_to_laserscan/lib:/home/allen/Robomaster/rm_ws/install/icp_registration/lib:/home/allen/Robomaster/rm_ws/install/fast_lio/lib:/home/allen/Robomaster/rm_ws/install/livox_ros_driver2/lib:/home/allen/Robomaster/rm_ws/install/linefit_ground_segmentation/lib:/home/allen/Robomaster/rm_ws/install/imu_complementary_filter/lib:/home/allen/Robomaster/rm_ws/install/fake_vel_transform/lib:/home/allen/Robomaster/rm_ws/install/costmap_converter/lib:/home/allen/Robomaster/rm_ws/install/costmap_converter_msgs/lib:/usr/lib/x86_64-linux-gnu/gazebo-11/plugins:/opt/ros/humble/opt/rviz_ogre_vendor/lib:/opt/ros/humble/lib/x86_64-linux-gnu:/opt/ros/humble/opt/openvdb_vendor/lib:/opt/ros/humble/lib:/usr/local/lib:/usr/local/lib:/usr/local/lib:/usr/local/lib /usr/bin/cmake /home/allen/rm_ws/src/rm_navigation/teb_local_planner/teb_local_planner -DAMENT_CMAKE_SYMLINK_INSTALL=1 -DCMAKE_INSTALL_PREFIX=/home/allen/rm_ws/install/teb_local_planner
[945.313s] DEBUG:colcon.colcon_core.event_handler.log_command:Invoked command in '/home/allen/rm_ws/build/teb_local_planner' returned '0': CMAKE_PREFIX_PATH=/home/allen/rm_ws/install/teb_msgs:/home/allen/rm_ws/install/costmap_converter:/home/allen/rm_ws/install/costmap_converter_msgs:/home/allen/rm_ws/install/teb_local_planner:/home/allen/rm_ws/install/ros2_livox_simulation:/home/allen/rm_ws/install/rmbot2:/home/allen/rm_ws/install/rm_navigation:/home/allen/rm_ws/install/rm_nav_bringup:/home/allen/rm_ws/install/pointcloud_to_laserscan:/home/allen/rm_ws/install/point_lio:/home/allen/rm_ws/install/icp_registration:/home/allen/rm_ws/install/fast_lio:/home/allen/rm_ws/install/livox_ros_driver2:/home/allen/rm_ws/install/linefit_ground_segmentation_ros:/home/allen/rm_ws/install/linefit_ground_segmentation:/home/allen/rm_ws/install/imu_complementary_filter:/home/allen/rm_ws/install/fake_vel_transform:/home/allen/Robomaster/rm_ws/install/teb_local_planner:/home/allen/Robomaster/rm_ws/install/teb_msgs:/home/allen/Robomaster/rm_ws/install/ros2_livox_simulation:/home/allen/Robomaster/rm_ws/install/rmbot2:/home/allen/Robomaster/rm_ws/install/rm_navigation:/home/allen/Robomaster/rm_ws/install/rm_nav_bringup:/home/allen/Robomaster/rm_ws/install/pointcloud_to_laserscan:/home/allen/Robomaster/rm_ws/install/point_lio:/home/allen/Robomaster/rm_ws/install/icp_registration:/home/allen/Robomaster/rm_ws/install/fast_lio:/home/allen/Robomaster/rm_ws/install/livox_ros_driver2:/home/allen/Robomaster/rm_ws/install/linefit_ground_segmentation_ros:/home/allen/Robomaster/rm_ws/install/linefit_ground_segmentation:/home/allen/Robomaster/rm_ws/install/imu_complementary_filter:/home/allen/Robomaster/rm_ws/install/fake_vel_transform:/home/allen/Robomaster/rm_ws/install/costmap_converter:/home/allen/Robomaster/rm_ws/install/costmap_converter_msgs:/home/allen/capstone/description_ws/install/ur_yt_sim:/home/allen/capstone/description_ws/install/ur10e_description:/home/allen/capstone/description_ws/install/kuka_agilus_support:/home/allen/capstone/description_ws/install/kuka_resources:/opt/ros/humble:/home/allen/capstone/description_ws/install/kuka_kr3_description LD_LIBRARY_PATH=/home/allen/rm_ws/install/teb_msgs/lib:/home/allen/rm_ws/install/costmap_converter/lib:/home/allen/rm_ws/install/costmap_converter_msgs/lib:/home/allen/rm_ws/install/teb_local_planner/lib:/home/allen/rm_ws/install/ros2_livox_simulation/lib:/home/allen/rm_ws/install/pointcloud_to_laserscan/lib:/home/allen/rm_ws/install/icp_registration/lib:/home/allen/rm_ws/install/fast_lio/lib:/home/allen/rm_ws/install/livox_ros_driver2/lib:/home/allen/rm_ws/install/linefit_ground_segmentation/lib:/home/allen/rm_ws/install/imu_complementary_filter/lib:/home/allen/rm_ws/install/fake_vel_transform/lib:/home/allen/Robomaster/rm_ws/install/teb_local_planner/lib:/home/allen/Robomaster/rm_ws/install/teb_msgs/lib:/home/allen/Robomaster/rm_ws/install/ros2_livox_simulation/lib:/home/allen/Robomaster/rm_ws/install/pointcloud_to_laserscan/lib:/home/allen/Robomaster/rm_ws/install/icp_registration/lib:/home/allen/Robomaster/rm_ws/install/fast_lio/lib:/home/allen/Robomaster/rm_ws/install/livox_ros_driver2/lib:/home/allen/Robomaster/rm_ws/install/linefit_ground_segmentation/lib:/home/allen/Robomaster/rm_ws/install/imu_complementary_filter/lib:/home/allen/Robomaster/rm_ws/install/fake_vel_transform/lib:/home/allen/Robomaster/rm_ws/install/costmap_converter/lib:/home/allen/Robomaster/rm_ws/install/costmap_converter_msgs/lib:/usr/lib/x86_64-linux-gnu/gazebo-11/plugins:/opt/ros/humble/opt/rviz_ogre_vendor/lib:/opt/ros/humble/lib/x86_64-linux-gnu:/opt/ros/humble/opt/openvdb_vendor/lib:/opt/ros/humble/lib:/usr/local/lib:/usr/local/lib:/usr/local/lib:/usr/local/lib /usr/bin/cmake /home/allen/rm_ws/src/rm_navigation/teb_local_planner/teb_local_planner -DAMENT_CMAKE_SYMLINK_INSTALL=1 -DCMAKE_INSTALL_PREFIX=/home/allen/rm_ws/install/teb_local_planner
[945.314s] DEBUG:colcon.colcon_core.event_handler.log_command:Invoking command in '/home/allen/rm_ws/build/teb_local_planner': CMAKE_PREFIX_PATH=/home/allen/rm_ws/install/teb_msgs:/home/allen/rm_ws/install/costmap_converter:/home/allen/rm_ws/install/costmap_converter_msgs:/home/allen/rm_ws/install/teb_local_planner:/home/allen/rm_ws/install/ros2_livox_simulation:/home/allen/rm_ws/install/rmbot2:/home/allen/rm_ws/install/rm_navigation:/home/allen/rm_ws/install/rm_nav_bringup:/home/allen/rm_ws/install/pointcloud_to_laserscan:/home/allen/rm_ws/install/point_lio:/home/allen/rm_ws/install/icp_registration:/home/allen/rm_ws/install/fast_lio:/home/allen/rm_ws/install/livox_ros_driver2:/home/allen/rm_ws/install/linefit_ground_segmentation_ros:/home/allen/rm_ws/install/linefit_ground_segmentation:/home/allen/rm_ws/install/imu_complementary_filter:/home/allen/rm_ws/install/fake_vel_transform:/home/allen/Robomaster/rm_ws/install/teb_local_planner:/home/allen/Robomaster/rm_ws/install/teb_msgs:/home/allen/Robomaster/rm_ws/install/ros2_livox_simulation:/home/allen/Robomaster/rm_ws/install/rmbot2:/home/allen/Robomaster/rm_ws/install/rm_navigation:/home/allen/Robomaster/rm_ws/install/rm_nav_bringup:/home/allen/Robomaster/rm_ws/install/pointcloud_to_laserscan:/home/allen/Robomaster/rm_ws/install/point_lio:/home/allen/Robomaster/rm_ws/install/icp_registration:/home/allen/Robomaster/rm_ws/install/fast_lio:/home/allen/Robomaster/rm_ws/install/livox_ros_driver2:/home/allen/Robomaster/rm_ws/install/linefit_ground_segmentation_ros:/home/allen/Robomaster/rm_ws/install/linefit_ground_segmentation:/home/allen/Robomaster/rm_ws/install/imu_complementary_filter:/home/allen/Robomaster/rm_ws/install/fake_vel_transform:/home/allen/Robomaster/rm_ws/install/costmap_converter:/home/allen/Robomaster/rm_ws/install/costmap_converter_msgs:/home/allen/capstone/description_ws/install/ur_yt_sim:/home/allen/capstone/description_ws/install/ur10e_description:/home/allen/capstone/description_ws/install/kuka_agilus_support:/home/allen/capstone/description_ws/install/kuka_resources:/opt/ros/humble:/home/allen/capstone/description_ws/install/kuka_kr3_description LD_LIBRARY_PATH=/home/allen/rm_ws/install/teb_msgs/lib:/home/allen/rm_ws/install/costmap_converter/lib:/home/allen/rm_ws/install/costmap_converter_msgs/lib:/home/allen/rm_ws/install/teb_local_planner/lib:/home/allen/rm_ws/install/ros2_livox_simulation/lib:/home/allen/rm_ws/install/pointcloud_to_laserscan/lib:/home/allen/rm_ws/install/icp_registration/lib:/home/allen/rm_ws/install/fast_lio/lib:/home/allen/rm_ws/install/livox_ros_driver2/lib:/home/allen/rm_ws/install/linefit_ground_segmentation/lib:/home/allen/rm_ws/install/imu_complementary_filter/lib:/home/allen/rm_ws/install/fake_vel_transform/lib:/home/allen/Robomaster/rm_ws/install/teb_local_planner/lib:/home/allen/Robomaster/rm_ws/install/teb_msgs/lib:/home/allen/Robomaster/rm_ws/install/ros2_livox_simulation/lib:/home/allen/Robomaster/rm_ws/install/pointcloud_to_laserscan/lib:/home/allen/Robomaster/rm_ws/install/icp_registration/lib:/home/allen/Robomaster/rm_ws/install/fast_lio/lib:/home/allen/Robomaster/rm_ws/install/livox_ros_driver2/lib:/home/allen/Robomaster/rm_ws/install/linefit_ground_segmentation/lib:/home/allen/Robomaster/rm_ws/install/imu_complementary_filter/lib:/home/allen/Robomaster/rm_ws/install/fake_vel_transform/lib:/home/allen/Robomaster/rm_ws/install/costmap_converter/lib:/home/allen/Robomaster/rm_ws/install/costmap_converter_msgs/lib:/usr/lib/x86_64-linux-gnu/gazebo-11/plugins:/opt/ros/humble/opt/rviz_ogre_vendor/lib:/opt/ros/humble/lib/x86_64-linux-gnu:/opt/ros/humble/opt/openvdb_vendor/lib:/opt/ros/humble/lib:/usr/local/lib:/usr/local/lib:/usr/local/lib:/usr/local/lib /usr/bin/cmake --build /home/allen/rm_ws/build/teb_local_planner -- -j2 -l2
[1172.725s] DEBUG:colcon.colcon_core.event_handler.log_command:Invoked command in '/home/allen/rm_ws/build/point_lio' returned '0': CMAKE_PREFIX_PATH=/home/allen/rm_ws/install/livox_ros_driver2:/home/allen/rm_ws/install/teb_local_planner:/home/allen/rm_ws/install/teb_msgs:/home/allen/rm_ws/install/ros2_livox_simulation:/home/allen/rm_ws/install/rmbot2:/home/allen/rm_ws/install/rm_navigation:/home/allen/rm_ws/install/rm_nav_bringup:/home/allen/rm_ws/install/pointcloud_to_laserscan:/home/allen/rm_ws/install/point_lio:/home/allen/rm_ws/install/icp_registration:/home/allen/rm_ws/install/fast_lio:/home/allen/rm_ws/install/linefit_ground_segmentation_ros:/home/allen/rm_ws/install/linefit_ground_segmentation:/home/allen/rm_ws/install/imu_complementary_filter:/home/allen/rm_ws/install/fake_vel_transform:/home/allen/rm_ws/install/costmap_converter:/home/allen/rm_ws/install/costmap_converter_msgs:/home/allen/Robomaster/rm_ws/install/teb_local_planner:/home/allen/Robomaster/rm_ws/install/teb_msgs:/home/allen/Robomaster/rm_ws/install/ros2_livox_simulation:/home/allen/Robomaster/rm_ws/install/rmbot2:/home/allen/Robomaster/rm_ws/install/rm_navigation:/home/allen/Robomaster/rm_ws/install/rm_nav_bringup:/home/allen/Robomaster/rm_ws/install/pointcloud_to_laserscan:/home/allen/Robomaster/rm_ws/install/point_lio:/home/allen/Robomaster/rm_ws/install/icp_registration:/home/allen/Robomaster/rm_ws/install/fast_lio:/home/allen/Robomaster/rm_ws/install/livox_ros_driver2:/home/allen/Robomaster/rm_ws/install/linefit_ground_segmentation_ros:/home/allen/Robomaster/rm_ws/install/linefit_ground_segmentation:/home/allen/Robomaster/rm_ws/install/imu_complementary_filter:/home/allen/Robomaster/rm_ws/install/fake_vel_transform:/home/allen/Robomaster/rm_ws/install/costmap_converter:/home/allen/Robomaster/rm_ws/install/costmap_converter_msgs:/home/allen/capstone/description_ws/install/ur_yt_sim:/home/allen/capstone/description_ws/install/ur10e_description:/home/allen/capstone/description_ws/install/kuka_agilus_support:/home/allen/capstone/description_ws/install/kuka_resources:/opt/ros/humble:/home/allen/capstone/description_ws/install/kuka_kr3_description LD_LIBRARY_PATH=/home/allen/rm_ws/install/livox_ros_driver2/lib:/home/allen/rm_ws/install/teb_local_planner/lib:/home/allen/rm_ws/install/teb_msgs/lib:/home/allen/rm_ws/install/ros2_livox_simulation/lib:/home/allen/rm_ws/install/pointcloud_to_laserscan/lib:/home/allen/rm_ws/install/icp_registration/lib:/home/allen/rm_ws/install/fast_lio/lib:/home/allen/rm_ws/install/linefit_ground_segmentation/lib:/home/allen/rm_ws/install/imu_complementary_filter/lib:/home/allen/rm_ws/install/fake_vel_transform/lib:/home/allen/rm_ws/install/costmap_converter/lib:/home/allen/rm_ws/install/costmap_converter_msgs/lib:/home/allen/Robomaster/rm_ws/install/teb_local_planner/lib:/home/allen/Robomaster/rm_ws/install/teb_msgs/lib:/home/allen/Robomaster/rm_ws/install/ros2_livox_simulation/lib:/home/allen/Robomaster/rm_ws/install/pointcloud_to_laserscan/lib:/home/allen/Robomaster/rm_ws/install/icp_registration/lib:/home/allen/Robomaster/rm_ws/install/fast_lio/lib:/home/allen/Robomaster/rm_ws/install/livox_ros_driver2/lib:/home/allen/Robomaster/rm_ws/install/linefit_ground_segmentation/lib:/home/allen/Robomaster/rm_ws/install/imu_complementary_filter/lib:/home/allen/Robomaster/rm_ws/install/fake_vel_transform/lib:/home/allen/Robomaster/rm_ws/install/costmap_converter/lib:/home/allen/Robomaster/rm_ws/install/costmap_converter_msgs/lib:/usr/lib/x86_64-linux-gnu/gazebo-11/plugins:/opt/ros/humble/opt/rviz_ogre_vendor/lib:/opt/ros/humble/lib/x86_64-linux-gnu:/opt/ros/humble/opt/openvdb_vendor/lib:/opt/ros/humble/lib:/usr/local/lib:/usr/local/lib:/usr/local/lib:/usr/local/lib /usr/bin/cmake --build /home/allen/rm_ws/build/point_lio -- -j2 -l2
[1172.733s] DEBUG:colcon.colcon_core.event_handler.log_command:Invoking command in '/home/allen/rm_ws/build/point_lio': CMAKE_PREFIX_PATH=/home/allen/rm_ws/install/livox_ros_driver2:/home/allen/rm_ws/install/teb_local_planner:/home/allen/rm_ws/install/teb_msgs:/home/allen/rm_ws/install/ros2_livox_simulation:/home/allen/rm_ws/install/rmbot2:/home/allen/rm_ws/install/rm_navigation:/home/allen/rm_ws/install/rm_nav_bringup:/home/allen/rm_ws/install/pointcloud_to_laserscan:/home/allen/rm_ws/install/point_lio:/home/allen/rm_ws/install/icp_registration:/home/allen/rm_ws/install/fast_lio:/home/allen/rm_ws/install/linefit_ground_segmentation_ros:/home/allen/rm_ws/install/linefit_ground_segmentation:/home/allen/rm_ws/install/imu_complementary_filter:/home/allen/rm_ws/install/fake_vel_transform:/home/allen/rm_ws/install/costmap_converter:/home/allen/rm_ws/install/costmap_converter_msgs:/home/allen/Robomaster/rm_ws/install/teb_local_planner:/home/allen/Robomaster/rm_ws/install/teb_msgs:/home/allen/Robomaster/rm_ws/install/ros2_livox_simulation:/home/allen/Robomaster/rm_ws/install/rmbot2:/home/allen/Robomaster/rm_ws/install/rm_navigation:/home/allen/Robomaster/rm_ws/install/rm_nav_bringup:/home/allen/Robomaster/rm_ws/install/pointcloud_to_laserscan:/home/allen/Robomaster/rm_ws/install/point_lio:/home/allen/Robomaster/rm_ws/install/icp_registration:/home/allen/Robomaster/rm_ws/install/fast_lio:/home/allen/Robomaster/rm_ws/install/livox_ros_driver2:/home/allen/Robomaster/rm_ws/install/linefit_ground_segmentation_ros:/home/allen/Robomaster/rm_ws/install/linefit_ground_segmentation:/home/allen/Robomaster/rm_ws/install/imu_complementary_filter:/home/allen/Robomaster/rm_ws/install/fake_vel_transform:/home/allen/Robomaster/rm_ws/install/costmap_converter:/home/allen/Robomaster/rm_ws/install/costmap_converter_msgs:/home/allen/capstone/description_ws/install/ur_yt_sim:/home/allen/capstone/description_ws/install/ur10e_description:/home/allen/capstone/description_ws/install/kuka_agilus_support:/home/allen/capstone/description_ws/install/kuka_resources:/opt/ros/humble:/home/allen/capstone/description_ws/install/kuka_kr3_description LD_LIBRARY_PATH=/home/allen/rm_ws/install/livox_ros_driver2/lib:/home/allen/rm_ws/install/teb_local_planner/lib:/home/allen/rm_ws/install/teb_msgs/lib:/home/allen/rm_ws/install/ros2_livox_simulation/lib:/home/allen/rm_ws/install/pointcloud_to_laserscan/lib:/home/allen/rm_ws/install/icp_registration/lib:/home/allen/rm_ws/install/fast_lio/lib:/home/allen/rm_ws/install/linefit_ground_segmentation/lib:/home/allen/rm_ws/install/imu_complementary_filter/lib:/home/allen/rm_ws/install/fake_vel_transform/lib:/home/allen/rm_ws/install/costmap_converter/lib:/home/allen/rm_ws/install/costmap_converter_msgs/lib:/home/allen/Robomaster/rm_ws/install/teb_local_planner/lib:/home/allen/Robomaster/rm_ws/install/teb_msgs/lib:/home/allen/Robomaster/rm_ws/install/ros2_livox_simulation/lib:/home/allen/Robomaster/rm_ws/install/pointcloud_to_laserscan/lib:/home/allen/Robomaster/rm_ws/install/icp_registration/lib:/home/allen/Robomaster/rm_ws/install/fast_lio/lib:/home/allen/Robomaster/rm_ws/install/livox_ros_driver2/lib:/home/allen/Robomaster/rm_ws/install/linefit_ground_segmentation/lib:/home/allen/Robomaster/rm_ws/install/imu_complementary_filter/lib:/home/allen/Robomaster/rm_ws/install/fake_vel_transform/lib:/home/allen/Robomaster/rm_ws/install/costmap_converter/lib:/home/allen/Robomaster/rm_ws/install/costmap_converter_msgs/lib:/usr/lib/x86_64-linux-gnu/gazebo-11/plugins:/opt/ros/humble/opt/rviz_ogre_vendor/lib:/opt/ros/humble/lib/x86_64-linux-gnu:/opt/ros/humble/opt/openvdb_vendor/lib:/opt/ros/humble/lib:/usr/local/lib:/usr/local/lib:/usr/local/lib:/usr/local/lib /usr/bin/cmake --install /home/allen/rm_ws/build/point_lio
[1173.822s] Level 1:colcon.colcon_core.environment:create_environment_scripts_only(point_lio)
[1173.824s] Level 1:colcon.colcon_core.environment:checking '/home/allen/rm_ws/install/point_lio' for CMake module files
[1173.824s] Level 1:colcon.colcon_core.environment:checking '/home/allen/rm_ws/install/point_lio' for CMake config files
[1173.823s] DEBUG:colcon.colcon_core.event_handler.log_command:Invoked command in '/home/allen/rm_ws/build/point_lio' returned '0': CMAKE_PREFIX_PATH=/home/allen/rm_ws/install/livox_ros_driver2:/home/allen/rm_ws/install/teb_local_planner:/home/allen/rm_ws/install/teb_msgs:/home/allen/rm_ws/install/ros2_livox_simulation:/home/allen/rm_ws/install/rmbot2:/home/allen/rm_ws/install/rm_navigation:/home/allen/rm_ws/install/rm_nav_bringup:/home/allen/rm_ws/install/pointcloud_to_laserscan:/home/allen/rm_ws/install/point_lio:/home/allen/rm_ws/install/icp_registration:/home/allen/rm_ws/install/fast_lio:/home/allen/rm_ws/install/linefit_ground_segmentation_ros:/home/allen/rm_ws/install/linefit_ground_segmentation:/home/allen/rm_ws/install/imu_complementary_filter:/home/allen/rm_ws/install/fake_vel_transform:/home/allen/rm_ws/install/costmap_converter:/home/allen/rm_ws/install/costmap_converter_msgs:/home/allen/Robomaster/rm_ws/install/teb_local_planner:/home/allen/Robomaster/rm_ws/install/teb_msgs:/home/allen/Robomaster/rm_ws/install/ros2_livox_simulation:/home/allen/Robomaster/rm_ws/install/rmbot2:/home/allen/Robomaster/rm_ws/install/rm_navigation:/home/allen/Robomaster/rm_ws/install/rm_nav_bringup:/home/allen/Robomaster/rm_ws/install/pointcloud_to_laserscan:/home/allen/Robomaster/rm_ws/install/point_lio:/home/allen/Robomaster/rm_ws/install/icp_registration:/home/allen/Robomaster/rm_ws/install/fast_lio:/home/allen/Robomaster/rm_ws/install/livox_ros_driver2:/home/allen/Robomaster/rm_ws/install/linefit_ground_segmentation_ros:/home/allen/Robomaster/rm_ws/install/linefit_ground_segmentation:/home/allen/Robomaster/rm_ws/install/imu_complementary_filter:/home/allen/Robomaster/rm_ws/install/fake_vel_transform:/home/allen/Robomaster/rm_ws/install/costmap_converter:/home/allen/Robomaster/rm_ws/install/costmap_converter_msgs:/home/allen/capstone/description_ws/install/ur_yt_sim:/home/allen/capstone/description_ws/install/ur10e_description:/home/allen/capstone/description_ws/install/kuka_agilus_support:/home/allen/capstone/description_ws/install/kuka_resources:/opt/ros/humble:/home/allen/capstone/description_ws/install/kuka_kr3_description LD_LIBRARY_PATH=/home/allen/rm_ws/install/livox_ros_driver2/lib:/home/allen/rm_ws/install/teb_local_planner/lib:/home/allen/rm_ws/install/teb_msgs/lib:/home/allen/rm_ws/install/ros2_livox_simulation/lib:/home/allen/rm_ws/install/pointcloud_to_laserscan/lib:/home/allen/rm_ws/install/icp_registration/lib:/home/allen/rm_ws/install/fast_lio/lib:/home/allen/rm_ws/install/linefit_ground_segmentation/lib:/home/allen/rm_ws/install/imu_complementary_filter/lib:/home/allen/rm_ws/install/fake_vel_transform/lib:/home/allen/rm_ws/install/costmap_converter/lib:/home/allen/rm_ws/install/costmap_converter_msgs/lib:/home/allen/Robomaster/rm_ws/install/teb_local_planner/lib:/home/allen/Robomaster/rm_ws/install/teb_msgs/lib:/home/allen/Robomaster/rm_ws/install/ros2_livox_simulation/lib:/home/allen/Robomaster/rm_ws/install/pointcloud_to_laserscan/lib:/home/allen/Robomaster/rm_ws/install/icp_registration/lib:/home/allen/Robomaster/rm_ws/install/fast_lio/lib:/home/allen/Robomaster/rm_ws/install/livox_ros_driver2/lib:/home/allen/Robomaster/rm_ws/install/linefit_ground_segmentation/lib:/home/allen/Robomaster/rm_ws/install/imu_complementary_filter/lib:/home/allen/Robomaster/rm_ws/install/fake_vel_transform/lib:/home/allen/Robomaster/rm_ws/install/costmap_converter/lib:/home/allen/Robomaster/rm_ws/install/costmap_converter_msgs/lib:/usr/lib/x86_64-linux-gnu/gazebo-11/plugins:/opt/ros/humble/opt/rviz_ogre_vendor/lib:/opt/ros/humble/lib/x86_64-linux-gnu:/opt/ros/humble/opt/openvdb_vendor/lib:/opt/ros/humble/lib:/usr/local/lib:/usr/local/lib:/usr/local/lib:/usr/local/lib /usr/bin/cmake --install /home/allen/rm_ws/build/point_lio
[1173.825s] Level 1:colcon.colcon_core.shell:create_environment_hook('point_lio', 'cmake_prefix_path')
[1173.826s] INFO:colcon.colcon_core.shell:Creating environment hook '/home/allen/rm_ws/install/point_lio/share/point_lio/hook/cmake_prefix_path.ps1'
[1173.827s] INFO:colcon.colcon_core.shell:Creating environment descriptor '/home/allen/rm_ws/install/point_lio/share/point_lio/hook/cmake_prefix_path.dsv'
[1173.827s] INFO:colcon.colcon_core.shell:Creating environment hook '/home/allen/rm_ws/install/point_lio/share/point_lio/hook/cmake_prefix_path.sh'
[1173.828s] Level 1:colcon.colcon_core.environment:checking '/home/allen/rm_ws/install/point_lio/lib'
[1173.828s] Level 1:colcon.colcon_core.environment:checking '/home/allen/rm_ws/install/point_lio/bin'
[1173.828s] Level 1:colcon.colcon_core.environment:checking '/home/allen/rm_ws/install/point_lio/lib/pkgconfig/point_lio.pc'
[1173.829s] Level 1:colcon.colcon_core.environment:checking '/home/allen/rm_ws/install/point_lio/lib/python3.10/site-packages'
[1173.830s] Level 1:colcon.colcon_core.environment:checking '/home/allen/rm_ws/install/point_lio/bin'
[1173.830s] INFO:colcon.colcon_core.shell:Creating package script '/home/allen/rm_ws/install/point_lio/share/point_lio/package.ps1'
[1173.831s] INFO:colcon.colcon_core.shell:Creating package descriptor '/home/allen/rm_ws/install/point_lio/share/point_lio/package.dsv'
[1173.832s] INFO:colcon.colcon_core.shell:Creating package script '/home/allen/rm_ws/install/point_lio/share/point_lio/package.sh'
[1173.833s] INFO:colcon.colcon_core.shell:Creating package script '/home/allen/rm_ws/install/point_lio/share/point_lio/package.bash'
[1173.834s] INFO:colcon.colcon_core.shell:Creating package script '/home/allen/rm_ws/install/point_lio/share/point_lio/package.zsh'
[1173.834s] Level 1:colcon.colcon_core.environment:create_file_with_runtime_dependencies(/home/allen/rm_ws/install/point_lio/share/colcon-core/packages/point_lio)
[1173.835s] Level 1:colcon.colcon_core.environment:create_environment_scripts_only(point_lio)
[1173.836s] Level 1:colcon.colcon_core.environment:checking '/home/allen/rm_ws/install/point_lio' for CMake module files
[1173.837s] Level 1:colcon.colcon_core.environment:checking '/home/allen/rm_ws/install/point_lio' for CMake config files
[1173.838s] Level 1:colcon.colcon_core.shell:create_environment_hook('point_lio', 'cmake_prefix_path')
[1173.838s] INFO:colcon.colcon_core.shell:Creating environment hook '/home/allen/rm_ws/install/point_lio/share/point_lio/hook/cmake_prefix_path.ps1'
[1173.839s] INFO:colcon.colcon_core.shell:Creating environment descriptor '/home/allen/rm_ws/install/point_lio/share/point_lio/hook/cmake_prefix_path.dsv'
[1173.840s] INFO:colcon.colcon_core.shell:Creating environment hook '/home/allen/rm_ws/install/point_lio/share/point_lio/hook/cmake_prefix_path.sh'
[1173.842s] Level 1:colcon.colcon_core.environment:checking '/home/allen/rm_ws/install/point_lio/lib'
[1173.843s] Level 1:colcon.colcon_core.environment:checking '/home/allen/rm_ws/install/point_lio/bin'
[1173.843s] Level 1:colcon.colcon_core.environment:checking '/home/allen/rm_ws/install/point_lio/lib/pkgconfig/point_lio.pc'
[1173.843s] Level 1:colcon.colcon_core.environment:checking '/home/allen/rm_ws/install/point_lio/lib/python3.10/site-packages'
[1173.844s] Level 1:colcon.colcon_core.environment:checking '/home/allen/rm_ws/install/point_lio/bin'
[1173.844s] INFO:colcon.colcon_core.shell:Creating package script '/home/allen/rm_ws/install/point_lio/share/point_lio/package.ps1'
[1173.846s] INFO:colcon.colcon_core.shell:Creating package descriptor '/home/allen/rm_ws/install/point_lio/share/point_lio/package.dsv'
[1173.847s] INFO:colcon.colcon_core.shell:Creating package script '/home/allen/rm_ws/install/point_lio/share/point_lio/package.sh'
[1173.848s] INFO:colcon.colcon_core.shell:Creating package script '/home/allen/rm_ws/install/point_lio/share/point_lio/package.bash'
[1173.849s] INFO:colcon.colcon_core.shell:Creating package script '/home/allen/rm_ws/install/point_lio/share/point_lio/package.zsh'
[1173.850s] Level 1:colcon.colcon_core.environment:create_file_with_runtime_dependencies(/home/allen/rm_ws/install/point_lio/share/colcon-core/packages/point_lio)
[1272.642s] DEBUG:colcon.colcon_core.event_handler.log_command:Invoked command in '/home/allen/rm_ws/build/teb_local_planner' returned '0': CMAKE_PREFIX_PATH=/home/allen/rm_ws/install/teb_msgs:/home/allen/rm_ws/install/costmap_converter:/home/allen/rm_ws/install/costmap_converter_msgs:/home/allen/rm_ws/install/teb_local_planner:/home/allen/rm_ws/install/ros2_livox_simulation:/home/allen/rm_ws/install/rmbot2:/home/allen/rm_ws/install/rm_navigation:/home/allen/rm_ws/install/rm_nav_bringup:/home/allen/rm_ws/install/pointcloud_to_laserscan:/home/allen/rm_ws/install/point_lio:/home/allen/rm_ws/install/icp_registration:/home/allen/rm_ws/install/fast_lio:/home/allen/rm_ws/install/livox_ros_driver2:/home/allen/rm_ws/install/linefit_ground_segmentation_ros:/home/allen/rm_ws/install/linefit_ground_segmentation:/home/allen/rm_ws/install/imu_complementary_filter:/home/allen/rm_ws/install/fake_vel_transform:/home/allen/Robomaster/rm_ws/install/teb_local_planner:/home/allen/Robomaster/rm_ws/install/teb_msgs:/home/allen/Robomaster/rm_ws/install/ros2_livox_simulation:/home/allen/Robomaster/rm_ws/install/rmbot2:/home/allen/Robomaster/rm_ws/install/rm_navigation:/home/allen/Robomaster/rm_ws/install/rm_nav_bringup:/home/allen/Robomaster/rm_ws/install/pointcloud_to_laserscan:/home/allen/Robomaster/rm_ws/install/point_lio:/home/allen/Robomaster/rm_ws/install/icp_registration:/home/allen/Robomaster/rm_ws/install/fast_lio:/home/allen/Robomaster/rm_ws/install/livox_ros_driver2:/home/allen/Robomaster/rm_ws/install/linefit_ground_segmentation_ros:/home/allen/Robomaster/rm_ws/install/linefit_ground_segmentation:/home/allen/Robomaster/rm_ws/install/imu_complementary_filter:/home/allen/Robomaster/rm_ws/install/fake_vel_transform:/home/allen/Robomaster/rm_ws/install/costmap_converter:/home/allen/Robomaster/rm_ws/install/costmap_converter_msgs:/home/allen/capstone/description_ws/install/ur_yt_sim:/home/allen/capstone/description_ws/install/ur10e_description:/home/allen/capstone/description_ws/install/kuka_agilus_support:/home/allen/capstone/description_ws/install/kuka_resources:/opt/ros/humble:/home/allen/capstone/description_ws/install/kuka_kr3_description LD_LIBRARY_PATH=/home/allen/rm_ws/install/teb_msgs/lib:/home/allen/rm_ws/install/costmap_converter/lib:/home/allen/rm_ws/install/costmap_converter_msgs/lib:/home/allen/rm_ws/install/teb_local_planner/lib:/home/allen/rm_ws/install/ros2_livox_simulation/lib:/home/allen/rm_ws/install/pointcloud_to_laserscan/lib:/home/allen/rm_ws/install/icp_registration/lib:/home/allen/rm_ws/install/fast_lio/lib:/home/allen/rm_ws/install/livox_ros_driver2/lib:/home/allen/rm_ws/install/linefit_ground_segmentation/lib:/home/allen/rm_ws/install/imu_complementary_filter/lib:/home/allen/rm_ws/install/fake_vel_transform/lib:/home/allen/Robomaster/rm_ws/install/teb_local_planner/lib:/home/allen/Robomaster/rm_ws/install/teb_msgs/lib:/home/allen/Robomaster/rm_ws/install/ros2_livox_simulation/lib:/home/allen/Robomaster/rm_ws/install/pointcloud_to_laserscan/lib:/home/allen/Robomaster/rm_ws/install/icp_registration/lib:/home/allen/Robomaster/rm_ws/install/fast_lio/lib:/home/allen/Robomaster/rm_ws/install/livox_ros_driver2/lib:/home/allen/Robomaster/rm_ws/install/linefit_ground_segmentation/lib:/home/allen/Robomaster/rm_ws/install/imu_complementary_filter/lib:/home/allen/Robomaster/rm_ws/install/fake_vel_transform/lib:/home/allen/Robomaster/rm_ws/install/costmap_converter/lib:/home/allen/Robomaster/rm_ws/install/costmap_converter_msgs/lib:/usr/lib/x86_64-linux-gnu/gazebo-11/plugins:/opt/ros/humble/opt/rviz_ogre_vendor/lib:/opt/ros/humble/lib/x86_64-linux-gnu:/opt/ros/humble/opt/openvdb_vendor/lib:/opt/ros/humble/lib:/usr/local/lib:/usr/local/lib:/usr/local/lib:/usr/local/lib /usr/bin/cmake --build /home/allen/rm_ws/build/teb_local_planner -- -j2 -l2
[1272.648s] DEBUG:colcon.colcon_core.event_handler.log_command:Invoking command in '/home/allen/rm_ws/build/teb_local_planner': CMAKE_PREFIX_PATH=/home/allen/rm_ws/install/teb_msgs:/home/allen/rm_ws/install/costmap_converter:/home/allen/rm_ws/install/costmap_converter_msgs:/home/allen/rm_ws/install/teb_local_planner:/home/allen/rm_ws/install/ros2_livox_simulation:/home/allen/rm_ws/install/rmbot2:/home/allen/rm_ws/install/rm_navigation:/home/allen/rm_ws/install/rm_nav_bringup:/home/allen/rm_ws/install/pointcloud_to_laserscan:/home/allen/rm_ws/install/point_lio:/home/allen/rm_ws/install/icp_registration:/home/allen/rm_ws/install/fast_lio:/home/allen/rm_ws/install/livox_ros_driver2:/home/allen/rm_ws/install/linefit_ground_segmentation_ros:/home/allen/rm_ws/install/linefit_ground_segmentation:/home/allen/rm_ws/install/imu_complementary_filter:/home/allen/rm_ws/install/fake_vel_transform:/home/allen/Robomaster/rm_ws/install/teb_local_planner:/home/allen/Robomaster/rm_ws/install/teb_msgs:/home/allen/Robomaster/rm_ws/install/ros2_livox_simulation:/home/allen/Robomaster/rm_ws/install/rmbot2:/home/allen/Robomaster/rm_ws/install/rm_navigation:/home/allen/Robomaster/rm_ws/install/rm_nav_bringup:/home/allen/Robomaster/rm_ws/install/pointcloud_to_laserscan:/home/allen/Robomaster/rm_ws/install/point_lio:/home/allen/Robomaster/rm_ws/install/icp_registration:/home/allen/Robomaster/rm_ws/install/fast_lio:/home/allen/Robomaster/rm_ws/install/livox_ros_driver2:/home/allen/Robomaster/rm_ws/install/linefit_ground_segmentation_ros:/home/allen/Robomaster/rm_ws/install/linefit_ground_segmentation:/home/allen/Robomaster/rm_ws/install/imu_complementary_filter:/home/allen/Robomaster/rm_ws/install/fake_vel_transform:/home/allen/Robomaster/rm_ws/install/costmap_converter:/home/allen/Robomaster/rm_ws/install/costmap_converter_msgs:/home/allen/capstone/description_ws/install/ur_yt_sim:/home/allen/capstone/description_ws/install/ur10e_description:/home/allen/capstone/description_ws/install/kuka_agilus_support:/home/allen/capstone/description_ws/install/kuka_resources:/opt/ros/humble:/home/allen/capstone/description_ws/install/kuka_kr3_description LD_LIBRARY_PATH=/home/allen/rm_ws/install/teb_msgs/lib:/home/allen/rm_ws/install/costmap_converter/lib:/home/allen/rm_ws/install/costmap_converter_msgs/lib:/home/allen/rm_ws/install/teb_local_planner/lib:/home/allen/rm_ws/install/ros2_livox_simulation/lib:/home/allen/rm_ws/install/pointcloud_to_laserscan/lib:/home/allen/rm_ws/install/icp_registration/lib:/home/allen/rm_ws/install/fast_lio/lib:/home/allen/rm_ws/install/livox_ros_driver2/lib:/home/allen/rm_ws/install/linefit_ground_segmentation/lib:/home/allen/rm_ws/install/imu_complementary_filter/lib:/home/allen/rm_ws/install/fake_vel_transform/lib:/home/allen/Robomaster/rm_ws/install/teb_local_planner/lib:/home/allen/Robomaster/rm_ws/install/teb_msgs/lib:/home/allen/Robomaster/rm_ws/install/ros2_livox_simulation/lib:/home/allen/Robomaster/rm_ws/install/pointcloud_to_laserscan/lib:/home/allen/Robomaster/rm_ws/install/icp_registration/lib:/home/allen/Robomaster/rm_ws/install/fast_lio/lib:/home/allen/Robomaster/rm_ws/install/livox_ros_driver2/lib:/home/allen/Robomaster/rm_ws/install/linefit_ground_segmentation/lib:/home/allen/Robomaster/rm_ws/install/imu_complementary_filter/lib:/home/allen/Robomaster/rm_ws/install/fake_vel_transform/lib:/home/allen/Robomaster/rm_ws/install/costmap_converter/lib:/home/allen/Robomaster/rm_ws/install/costmap_converter_msgs/lib:/usr/lib/x86_64-linux-gnu/gazebo-11/plugins:/opt/ros/humble/opt/rviz_ogre_vendor/lib:/opt/ros/humble/lib/x86_64-linux-gnu:/opt/ros/humble/opt/openvdb_vendor/lib:/opt/ros/humble/lib:/usr/local/lib:/usr/local/lib:/usr/local/lib:/usr/local/lib /usr/bin/cmake --install /home/allen/rm_ws/build/teb_local_planner
[1274.711s] Level 1:colcon.colcon_core.environment:create_environment_scripts_only(teb_local_planner)
[1274.712s] Level 1:colcon.colcon_core.environment:checking '/home/allen/rm_ws/install/teb_local_planner' for CMake module files
[1274.713s] DEBUG:colcon.colcon_core.event_handler.log_command:Invoked command in '/home/allen/rm_ws/build/teb_local_planner' returned '0': CMAKE_PREFIX_PATH=/home/allen/rm_ws/install/teb_msgs:/home/allen/rm_ws/install/costmap_converter:/home/allen/rm_ws/install/costmap_converter_msgs:/home/allen/rm_ws/install/teb_local_planner:/home/allen/rm_ws/install/ros2_livox_simulation:/home/allen/rm_ws/install/rmbot2:/home/allen/rm_ws/install/rm_navigation:/home/allen/rm_ws/install/rm_nav_bringup:/home/allen/rm_ws/install/pointcloud_to_laserscan:/home/allen/rm_ws/install/point_lio:/home/allen/rm_ws/install/icp_registration:/home/allen/rm_ws/install/fast_lio:/home/allen/rm_ws/install/livox_ros_driver2:/home/allen/rm_ws/install/linefit_ground_segmentation_ros:/home/allen/rm_ws/install/linefit_ground_segmentation:/home/allen/rm_ws/install/imu_complementary_filter:/home/allen/rm_ws/install/fake_vel_transform:/home/allen/Robomaster/rm_ws/install/teb_local_planner:/home/allen/Robomaster/rm_ws/install/teb_msgs:/home/allen/Robomaster/rm_ws/install/ros2_livox_simulation:/home/allen/Robomaster/rm_ws/install/rmbot2:/home/allen/Robomaster/rm_ws/install/rm_navigation:/home/allen/Robomaster/rm_ws/install/rm_nav_bringup:/home/allen/Robomaster/rm_ws/install/pointcloud_to_laserscan:/home/allen/Robomaster/rm_ws/install/point_lio:/home/allen/Robomaster/rm_ws/install/icp_registration:/home/allen/Robomaster/rm_ws/install/fast_lio:/home/allen/Robomaster/rm_ws/install/livox_ros_driver2:/home/allen/Robomaster/rm_ws/install/linefit_ground_segmentation_ros:/home/allen/Robomaster/rm_ws/install/linefit_ground_segmentation:/home/allen/Robomaster/rm_ws/install/imu_complementary_filter:/home/allen/Robomaster/rm_ws/install/fake_vel_transform:/home/allen/Robomaster/rm_ws/install/costmap_converter:/home/allen/Robomaster/rm_ws/install/costmap_converter_msgs:/home/allen/capstone/description_ws/install/ur_yt_sim:/home/allen/capstone/description_ws/install/ur10e_description:/home/allen/capstone/description_ws/install/kuka_agilus_support:/home/allen/capstone/description_ws/install/kuka_resources:/opt/ros/humble:/home/allen/capstone/description_ws/install/kuka_kr3_description LD_LIBRARY_PATH=/home/allen/rm_ws/install/teb_msgs/lib:/home/allen/rm_ws/install/costmap_converter/lib:/home/allen/rm_ws/install/costmap_converter_msgs/lib:/home/allen/rm_ws/install/teb_local_planner/lib:/home/allen/rm_ws/install/ros2_livox_simulation/lib:/home/allen/rm_ws/install/pointcloud_to_laserscan/lib:/home/allen/rm_ws/install/icp_registration/lib:/home/allen/rm_ws/install/fast_lio/lib:/home/allen/rm_ws/install/livox_ros_driver2/lib:/home/allen/rm_ws/install/linefit_ground_segmentation/lib:/home/allen/rm_ws/install/imu_complementary_filter/lib:/home/allen/rm_ws/install/fake_vel_transform/lib:/home/allen/Robomaster/rm_ws/install/teb_local_planner/lib:/home/allen/Robomaster/rm_ws/install/teb_msgs/lib:/home/allen/Robomaster/rm_ws/install/ros2_livox_simulation/lib:/home/allen/Robomaster/rm_ws/install/pointcloud_to_laserscan/lib:/home/allen/Robomaster/rm_ws/install/icp_registration/lib:/home/allen/Robomaster/rm_ws/install/fast_lio/lib:/home/allen/Robomaster/rm_ws/install/livox_ros_driver2/lib:/home/allen/Robomaster/rm_ws/install/linefit_ground_segmentation/lib:/home/allen/Robomaster/rm_ws/install/imu_complementary_filter/lib:/home/allen/Robomaster/rm_ws/install/fake_vel_transform/lib:/home/allen/Robomaster/rm_ws/install/costmap_converter/lib:/home/allen/Robomaster/rm_ws/install/costmap_converter_msgs/lib:/usr/lib/x86_64-linux-gnu/gazebo-11/plugins:/opt/ros/humble/opt/rviz_ogre_vendor/lib:/opt/ros/humble/lib/x86_64-linux-gnu:/opt/ros/humble/opt/openvdb_vendor/lib:/opt/ros/humble/lib:/usr/local/lib:/usr/local/lib:/usr/local/lib:/usr/local/lib /usr/bin/cmake --install /home/allen/rm_ws/build/teb_local_planner
[1274.715s] Level 1:colcon.colcon_core.environment:checking '/home/allen/rm_ws/install/teb_local_planner' for CMake config files
[1274.715s] Level 1:colcon.colcon_core.shell:create_environment_hook('teb_local_planner', 'cmake_prefix_path')
[1274.716s] INFO:colcon.colcon_core.shell:Creating environment hook '/home/allen/rm_ws/install/teb_local_planner/share/teb_local_planner/hook/cmake_prefix_path.ps1'
[1274.718s] INFO:colcon.colcon_core.shell:Creating environment descriptor '/home/allen/rm_ws/install/teb_local_planner/share/teb_local_planner/hook/cmake_prefix_path.dsv'
[1274.719s] INFO:colcon.colcon_core.shell:Creating environment hook '/home/allen/rm_ws/install/teb_local_planner/share/teb_local_planner/hook/cmake_prefix_path.sh'
[1274.721s] Level 1:colcon.colcon_core.environment:checking '/home/allen/rm_ws/install/teb_local_planner/lib'
[1274.721s] Level 1:colcon.colcon_core.shell:create_environment_hook('teb_local_planner', 'ld_library_path_lib')
[1274.722s] INFO:colcon.colcon_core.shell:Creating environment hook '/home/allen/rm_ws/install/teb_local_planner/share/teb_local_planner/hook/ld_library_path_lib.ps1'
[1274.722s] INFO:colcon.colcon_core.shell:Creating environment descriptor '/home/allen/rm_ws/install/teb_local_planner/share/teb_local_planner/hook/ld_library_path_lib.dsv'
[1274.725s] INFO:colcon.colcon_core.shell:Creating environment hook '/home/allen/rm_ws/install/teb_local_planner/share/teb_local_planner/hook/ld_library_path_lib.sh'
[1274.727s] Level 1:colcon.colcon_core.environment:checking '/home/allen/rm_ws/install/teb_local_planner/bin'
[1274.727s] Level 1:colcon.colcon_core.environment:checking '/home/allen/rm_ws/install/teb_local_planner/lib/pkgconfig/teb_local_planner.pc'
[1274.728s] Level 1:colcon.colcon_core.environment:checking '/home/allen/rm_ws/install/teb_local_planner/lib/python3.10/site-packages'
[1274.728s] Level 1:colcon.colcon_core.environment:checking '/home/allen/rm_ws/install/teb_local_planner/bin'
[1274.729s] INFO:colcon.colcon_core.shell:Creating package script '/home/allen/rm_ws/install/teb_local_planner/share/teb_local_planner/package.ps1'
[1274.731s] INFO:colcon.colcon_core.shell:Creating package descriptor '/home/allen/rm_ws/install/teb_local_planner/share/teb_local_planner/package.dsv'
[1274.733s] INFO:colcon.colcon_core.shell:Creating package script '/home/allen/rm_ws/install/teb_local_planner/share/teb_local_planner/package.sh'
[1274.734s] INFO:colcon.colcon_core.shell:Creating package script '/home/allen/rm_ws/install/teb_local_planner/share/teb_local_planner/package.bash'
[1274.736s] INFO:colcon.colcon_core.shell:Creating package script '/home/allen/rm_ws/install/teb_local_planner/share/teb_local_planner/package.zsh'
[1274.738s] Level 1:colcon.colcon_core.environment:create_file_with_runtime_dependencies(/home/allen/rm_ws/install/teb_local_planner/share/colcon-core/packages/teb_local_planner)
[1274.740s] Level 1:colcon.colcon_core.environment:create_environment_scripts_only(teb_local_planner)
[1274.741s] Level 1:colcon.colcon_core.environment:checking '/home/allen/rm_ws/install/teb_local_planner' for CMake module files
[1274.742s] Level 1:colcon.colcon_core.environment:checking '/home/allen/rm_ws/install/teb_local_planner' for CMake config files
[1274.743s] Level 1:colcon.colcon_core.shell:create_environment_hook('teb_local_planner', 'cmake_prefix_path')
[1274.743s] INFO:colcon.colcon_core.shell:Creating environment hook '/home/allen/rm_ws/install/teb_local_planner/share/teb_local_planner/hook/cmake_prefix_path.ps1'
[1274.745s] INFO:colcon.colcon_core.shell:Creating environment descriptor '/home/allen/rm_ws/install/teb_local_planner/share/teb_local_planner/hook/cmake_prefix_path.dsv'
[1274.747s] INFO:colcon.colcon_core.shell:Creating environment hook '/home/allen/rm_ws/install/teb_local_planner/share/teb_local_planner/hook/cmake_prefix_path.sh'
[1274.750s] Level 1:colcon.colcon_core.environment:checking '/home/allen/rm_ws/install/teb_local_planner/lib'
[1274.751s] Level 1:colcon.colcon_core.shell:create_environment_hook('teb_local_planner', 'ld_library_path_lib')
[1274.753s] INFO:colcon.colcon_core.shell:Creating environment hook '/home/allen/rm_ws/install/teb_local_planner/share/teb_local_planner/hook/ld_library_path_lib.ps1'
[1274.756s] INFO:colcon.colcon_core.shell:Creating environment descriptor '/home/allen/rm_ws/install/teb_local_planner/share/teb_local_planner/hook/ld_library_path_lib.dsv'
[1274.758s] INFO:colcon.colcon_core.shell:Creating environment hook '/home/allen/rm_ws/install/teb_local_planner/share/teb_local_planner/hook/ld_library_path_lib.sh'
[1274.761s] Level 1:colcon.colcon_core.environment:checking '/home/allen/rm_ws/install/teb_local_planner/bin'
[1274.761s] Level 1:colcon.colcon_core.environment:checking '/home/allen/rm_ws/install/teb_local_planner/lib/pkgconfig/teb_local_planner.pc'
[1274.762s] Level 1:colcon.colcon_core.environment:checking '/home/allen/rm_ws/install/teb_local_planner/lib/python3.10/site-packages'
[1274.763s] Level 1:colcon.colcon_core.environment:checking '/home/allen/rm_ws/install/teb_local_planner/bin'
[1274.764s] INFO:colcon.colcon_core.shell:Creating package script '/home/allen/rm_ws/install/teb_local_planner/share/teb_local_planner/package.ps1'
[1274.766s] INFO:colcon.colcon_core.shell:Creating package descriptor '/home/allen/rm_ws/install/teb_local_planner/share/teb_local_planner/package.dsv'
[1274.769s] INFO:colcon.colcon_core.shell:Creating package script '/home/allen/rm_ws/install/teb_local_planner/share/teb_local_planner/package.sh'
[1274.773s] INFO:colcon.colcon_core.shell:Creating package script '/home/allen/rm_ws/install/teb_local_planner/share/teb_local_planner/package.bash'
[1274.777s] INFO:colcon.colcon_core.shell:Creating package script '/home/allen/rm_ws/install/teb_local_planner/share/teb_local_planner/package.zsh'
[1274.780s] Level 1:colcon.colcon_core.environment:create_file_with_runtime_dependencies(/home/allen/rm_ws/install/teb_local_planner/share/colcon-core/packages/teb_local_planner)
[1274.784s] DEBUG:colcon.colcon_parallel_executor.executor.parallel:closing loop
[1274.785s] DEBUG:colcon.colcon_parallel_executor.executor.parallel:loop closed
[1274.785s] DEBUG:colcon.colcon_parallel_executor.executor.parallel:run_until_complete finished with '0'
[1274.785s] DEBUG:colcon.colcon_core.event_reactor:joining thread
[1274.824s] INFO:colcon.colcon_core.plugin_system:Skipping extension 'colcon_notification.desktop_notification.terminal_notifier': Not used on non-Darwin systems
[1274.829s] INFO:colcon.colcon_core.plugin_system:Skipping extension 'colcon_notification.desktop_notification.win32': Not used on non-Windows systems
[1274.829s] INFO:colcon.colcon_notification.desktop_notification:Sending desktop notification using 'notify2'
[1274.916s] DEBUG:colcon.colcon_core.event_reactor:joined thread
[1274.917s] INFO:colcon.colcon_core.shell:Creating prefix script '/home/allen/rm_ws/install/local_setup.ps1'
[1274.930s] INFO:colcon.colcon_core.shell:Creating prefix util module '/home/allen/rm_ws/install/_local_setup_util_ps1.py'
[1274.944s] INFO:colcon.colcon_core.shell:Creating prefix chain script '/home/allen/rm_ws/install/setup.ps1'
[1274.959s] INFO:colcon.colcon_core.shell:Creating prefix script '/home/allen/rm_ws/install/local_setup.sh'
[1274.961s] INFO:colcon.colcon_core.shell:Creating prefix util module '/home/allen/rm_ws/install/_local_setup_util_sh.py'
[1274.966s] INFO:colcon.colcon_core.shell:Creating prefix chain script '/home/allen/rm_ws/install/setup.sh'
[1274.973s] INFO:colcon.colcon_core.shell:Creating prefix script '/home/allen/rm_ws/install/local_setup.bash'
[1274.974s] INFO:colcon.colcon_core.shell:Creating prefix chain script '/home/allen/rm_ws/install/setup.bash'
[1274.986s] INFO:colcon.colcon_core.shell:Creating prefix script '/home/allen/rm_ws/install/local_setup.zsh'
[1274.988s] INFO:colcon.colcon_core.shell:Creating prefix chain script '/home/allen/rm_ws/install/setup.zsh'
