[0.420s] DEBUG:colcon:Command line arguments: ['/usr/bin/colcon', 'build', '--symlink-install']
[0.421s] DEBUG:colcon:Parsed command line arguments: Namespace(log_base=None, log_level=None, verb_name='build', build_base='build', install_base='install', merge_install=False, symlink_install=True, test_result_base=None, continue_on_error=False, executor='parallel', parallel_workers=2, event_handlers=None, ignore_user_meta=False, metas=['./colcon.meta'], base_paths=['.'], packages_ignore=None, packages_ignore_regex=None, paths=None, packages_up_to=None, packages_up_to_regex=None, packages_above=None, packages_above_and_dependencies=None, packages_above_depth=None, packages_select_by_dep=None, packages_skip_by_dep=None, packages_skip_up_to=None, packages_select_build_failed=False, packages_skip_build_finished=False, packages_select_test_failures=False, packages_skip_test_passed=False, packages_select=None, packages_skip=None, packages_select_regex=None, packages_skip_regex=None, packages_start=None, packages_end=None, allow_overriding=[], cmake_args=None, cmake_target=None, cmake_target_skip_unavailable=False, cmake_clean_cache=False, cmake_clean_first=False, cmake_force_configure=False, ament_cmake_args=None, catkin_cmake_args=None, catkin_skip_building_tests=False, mixin_files=None, mixin=None, verb_parser=<colcon_mixin.mixin.mixin_argument.MixinArgumentDecorator object at 0x740b0f35b2b0>, verb_extension=<colcon_core.verb.build.BuildVerb object at 0x740b0f35acb0>, main=<bound method BuildVerb.main of <colcon_core.verb.build.BuildVerb object at 0x740b0f35acb0>>, mixin_verb=('build',))
[1.107s] Level 1:colcon.colcon_core.package_discovery:discover_packages(colcon_meta) check parameters
[1.108s] Level 1:colcon.colcon_core.package_discovery:discover_packages(recursive) check parameters
[1.108s] Level 1:colcon.colcon_core.package_discovery:discover_packages(ignore) check parameters
[1.108s] Level 1:colcon.colcon_core.package_discovery:discover_packages(path) check parameters
[1.108s] Level 1:colcon.colcon_core.package_discovery:discover_packages(colcon_meta) discover
[1.108s] Level 1:colcon.colcon_core.package_discovery:discover_packages(recursive) discover
[1.109s] INFO:colcon.colcon_core.package_discovery:Crawling recursively for packages in '/home/allen/rm_ws'
[1.109s] Level 1:colcon.colcon_core.package_identification:_identify(.) by extensions ['ignore', 'ignore_ament_install']
[1.109s] Level 1:colcon.colcon_core.package_identification:_identify(.) by extension 'ignore'
[1.109s] Level 1:colcon.colcon_core.package_identification:_identify(.) by extension 'ignore_ament_install'
[1.109s] Level 1:colcon.colcon_core.package_identification:_identify(.) by extensions ['colcon_pkg']
[1.109s] Level 1:colcon.colcon_core.package_identification:_identify(.) by extension 'colcon_pkg'
[1.109s] Level 1:colcon.colcon_core.package_identification:_identify(.) by extensions ['colcon_meta']
[1.109s] Level 1:colcon.colcon_core.package_identification:_identify(.) by extension 'colcon_meta'
[1.110s] Level 1:colcon.colcon_core.package_identification:_identify(.) by extensions ['ros']
[1.110s] Level 1:colcon.colcon_core.package_identification:_identify(.) by extension 'ros'
[1.144s] Level 1:colcon.colcon_core.package_identification:_identify(.) by extensions ['cmake', 'python']
[1.144s] Level 1:colcon.colcon_core.package_identification:_identify(.) by extension 'cmake'
[1.144s] Level 1:colcon.colcon_core.package_identification:_identify(.) by extension 'python'
[1.145s] Level 1:colcon.colcon_core.package_identification:_identify(.) by extensions ['python_setup_py']
[1.145s] Level 1:colcon.colcon_core.package_identification:_identify(.) by extension 'python_setup_py'
[1.145s] Level 1:colcon.colcon_core.package_identification:_identify(build) by extensions ['ignore', 'ignore_ament_install']
[1.145s] Level 1:colcon.colcon_core.package_identification:_identify(build) by extension 'ignore'
[1.145s] Level 1:colcon.colcon_core.package_identification:_identify(build) ignored
[1.146s] Level 1:colcon.colcon_core.package_identification:_identify(install) by extensions ['ignore', 'ignore_ament_install']
[1.146s] Level 1:colcon.colcon_core.package_identification:_identify(install) by extension 'ignore'
[1.146s] Level 1:colcon.colcon_core.package_identification:_identify(install) ignored
[1.147s] Level 1:colcon.colcon_core.package_identification:_identify(log) by extensions ['ignore', 'ignore_ament_install']
[1.147s] Level 1:colcon.colcon_core.package_identification:_identify(log) by extension 'ignore'
[1.147s] Level 1:colcon.colcon_core.package_identification:_identify(log) ignored
[1.148s] Level 1:colcon.colcon_core.package_identification:_identify(src) by extensions ['ignore', 'ignore_ament_install']
[1.148s] Level 1:colcon.colcon_core.package_identification:_identify(src) by extension 'ignore'
[1.149s] Level 1:colcon.colcon_core.package_identification:_identify(src) by extension 'ignore_ament_install'
[1.149s] Level 1:colcon.colcon_core.package_identification:_identify(src) by extensions ['colcon_pkg']
[1.149s] Level 1:colcon.colcon_core.package_identification:_identify(src) by extension 'colcon_pkg'
[1.149s] Level 1:colcon.colcon_core.package_identification:_identify(src) by extensions ['colcon_meta']
[1.150s] Level 1:colcon.colcon_core.package_identification:_identify(src) by extension 'colcon_meta'
[1.150s] Level 1:colcon.colcon_core.package_identification:_identify(src) by extensions ['ros']
[1.150s] Level 1:colcon.colcon_core.package_identification:_identify(src) by extension 'ros'
[1.150s] Level 1:colcon.colcon_core.package_identification:_identify(src) by extensions ['cmake', 'python']
[1.150s] Level 1:colcon.colcon_core.package_identification:_identify(src) by extension 'cmake'
[1.150s] Level 1:colcon.colcon_core.package_identification:_identify(src) by extension 'python'
[1.151s] Level 1:colcon.colcon_core.package_identification:_identify(src) by extensions ['python_setup_py']
[1.151s] Level 1:colcon.colcon_core.package_identification:_identify(src) by extension 'python_setup_py'
[1.151s] Level 1:colcon.colcon_core.package_identification:_identify(src/livox_laser_simulation_RO2) by extensions ['ignore', 'ignore_ament_install']
[1.151s] Level 1:colcon.colcon_core.package_identification:_identify(src/livox_laser_simulation_RO2) by extension 'ignore'
[1.151s] Level 1:colcon.colcon_core.package_identification:_identify(src/livox_laser_simulation_RO2) by extension 'ignore_ament_install'
[1.151s] Level 1:colcon.colcon_core.package_identification:_identify(src/livox_laser_simulation_RO2) by extensions ['colcon_pkg']
[1.152s] Level 1:colcon.colcon_core.package_identification:_identify(src/livox_laser_simulation_RO2) by extension 'colcon_pkg'
[1.152s] Level 1:colcon.colcon_core.package_identification:_identify(src/livox_laser_simulation_RO2) by extensions ['colcon_meta']
[1.152s] Level 1:colcon.colcon_core.package_identification:_identify(src/livox_laser_simulation_RO2) by extension 'colcon_meta'
[1.152s] Level 1:colcon.colcon_core.package_identification:_identify(src/livox_laser_simulation_RO2) by extensions ['ros']
[1.152s] Level 1:colcon.colcon_core.package_identification:_identify(src/livox_laser_simulation_RO2) by extension 'ros'
[1.158s] DEBUG:colcon.colcon_core.package_identification:Package 'src/livox_laser_simulation_RO2' with type 'ros.ament_cmake' and name 'ros2_livox_simulation'
[1.158s] Level 1:colcon.colcon_core.package_identification:_identify(src/livox_ros_driver2) by extensions ['ignore', 'ignore_ament_install']
[1.158s] Level 1:colcon.colcon_core.package_identification:_identify(src/livox_ros_driver2) by extension 'ignore'
[1.159s] Level 1:colcon.colcon_core.package_identification:_identify(src/livox_ros_driver2) by extension 'ignore_ament_install'
[1.159s] Level 1:colcon.colcon_core.package_identification:_identify(src/livox_ros_driver2) by extensions ['colcon_pkg']
[1.159s] Level 1:colcon.colcon_core.package_identification:_identify(src/livox_ros_driver2) by extension 'colcon_pkg'
[1.159s] Level 1:colcon.colcon_core.package_identification:_identify(src/livox_ros_driver2) by extensions ['colcon_meta']
[1.159s] Level 1:colcon.colcon_core.package_identification:_identify(src/livox_ros_driver2) by extension 'colcon_meta'
[1.160s] Level 1:colcon.colcon_core.package_identification:_identify(src/livox_ros_driver2) by extensions ['ros']
[1.160s] Level 1:colcon.colcon_core.package_identification:_identify(src/livox_ros_driver2) by extension 'ros'
[1.160s] Level 1:colcon.colcon_core.package_identification:_identify(src/livox_ros_driver2) by extensions ['cmake', 'python']
[1.161s] Level 1:colcon.colcon_core.package_identification:_identify(src/livox_ros_driver2) by extension 'cmake'
[1.161s] Level 1:colcon.colcon_core.package_identification:_identify(src/livox_ros_driver2) by extension 'python'
[1.161s] Level 1:colcon.colcon_core.package_identification:_identify(src/livox_ros_driver2) by extensions ['python_setup_py']
[1.161s] Level 1:colcon.colcon_core.package_identification:_identify(src/livox_ros_driver2) by extension 'python_setup_py'
[1.162s] Level 1:colcon.colcon_core.package_identification:_identify(src/livox_ros_driver2/src) by extensions ['ignore', 'ignore_ament_install']
[1.162s] Level 1:colcon.colcon_core.package_identification:_identify(src/livox_ros_driver2/src) by extension 'ignore'
[1.163s] Level 1:colcon.colcon_core.package_identification:_identify(src/livox_ros_driver2/src) by extension 'ignore_ament_install'
[1.163s] Level 1:colcon.colcon_core.package_identification:_identify(src/livox_ros_driver2/src) by extensions ['colcon_pkg']
[1.163s] Level 1:colcon.colcon_core.package_identification:_identify(src/livox_ros_driver2/src) by extension 'colcon_pkg'
[1.163s] Level 1:colcon.colcon_core.package_identification:_identify(src/livox_ros_driver2/src) by extensions ['colcon_meta']
[1.164s] Level 1:colcon.colcon_core.package_identification:_identify(src/livox_ros_driver2/src) by extension 'colcon_meta'
[1.164s] Level 1:colcon.colcon_core.package_identification:_identify(src/livox_ros_driver2/src) by extensions ['ros']
[1.164s] Level 1:colcon.colcon_core.package_identification:_identify(src/livox_ros_driver2/src) by extension 'ros'
[1.167s] DEBUG:colcon.colcon_core.package_identification:Package 'src/livox_ros_driver2/src' with type 'ros.ament_cmake' and name 'livox_ros_driver2'
[1.167s] Level 1:colcon.colcon_core.package_identification:_identify(src/rm_localization) by extensions ['ignore', 'ignore_ament_install']
[1.167s] Level 1:colcon.colcon_core.package_identification:_identify(src/rm_localization) by extension 'ignore'
[1.168s] Level 1:colcon.colcon_core.package_identification:_identify(src/rm_localization) by extension 'ignore_ament_install'
[1.168s] Level 1:colcon.colcon_core.package_identification:_identify(src/rm_localization) by extensions ['colcon_pkg']
[1.168s] Level 1:colcon.colcon_core.package_identification:_identify(src/rm_localization) by extension 'colcon_pkg'
[1.168s] Level 1:colcon.colcon_core.package_identification:_identify(src/rm_localization) by extensions ['colcon_meta']
[1.168s] Level 1:colcon.colcon_core.package_identification:_identify(src/rm_localization) by extension 'colcon_meta'
[1.169s] Level 1:colcon.colcon_core.package_identification:_identify(src/rm_localization) by extensions ['ros']
[1.169s] Level 1:colcon.colcon_core.package_identification:_identify(src/rm_localization) by extension 'ros'
[1.169s] Level 1:colcon.colcon_core.package_identification:_identify(src/rm_localization) by extensions ['cmake', 'python']
[1.169s] Level 1:colcon.colcon_core.package_identification:_identify(src/rm_localization) by extension 'cmake'
[1.169s] Level 1:colcon.colcon_core.package_identification:_identify(src/rm_localization) by extension 'python'
[1.169s] Level 1:colcon.colcon_core.package_identification:_identify(src/rm_localization) by extensions ['python_setup_py']
[1.169s] Level 1:colcon.colcon_core.package_identification:_identify(src/rm_localization) by extension 'python_setup_py'
[1.169s] Level 1:colcon.colcon_core.package_identification:_identify(src/rm_localization/FAST_LIO) by extensions ['ignore', 'ignore_ament_install']
[1.170s] Level 1:colcon.colcon_core.package_identification:_identify(src/rm_localization/FAST_LIO) by extension 'ignore'
[1.170s] Level 1:colcon.colcon_core.package_identification:_identify(src/rm_localization/FAST_LIO) by extension 'ignore_ament_install'
[1.170s] Level 1:colcon.colcon_core.package_identification:_identify(src/rm_localization/FAST_LIO) by extensions ['colcon_pkg']
[1.170s] Level 1:colcon.colcon_core.package_identification:_identify(src/rm_localization/FAST_LIO) by extension 'colcon_pkg'
[1.170s] Level 1:colcon.colcon_core.package_identification:_identify(src/rm_localization/FAST_LIO) by extensions ['colcon_meta']
[1.170s] Level 1:colcon.colcon_core.package_identification:_identify(src/rm_localization/FAST_LIO) by extension 'colcon_meta'
[1.170s] Level 1:colcon.colcon_core.package_identification:_identify(src/rm_localization/FAST_LIO) by extensions ['ros']
[1.170s] Level 1:colcon.colcon_core.package_identification:_identify(src/rm_localization/FAST_LIO) by extension 'ros'
[1.174s] DEBUG:colcon.colcon_core.package_identification:Package 'src/rm_localization/FAST_LIO' with type 'ros.ament_cmake' and name 'fast_lio'
[1.174s] Level 1:colcon.colcon_core.package_identification:_identify(src/rm_localization/icp_registration) by extensions ['ignore', 'ignore_ament_install']
[1.175s] Level 1:colcon.colcon_core.package_identification:_identify(src/rm_localization/icp_registration) by extension 'ignore'
[1.175s] Level 1:colcon.colcon_core.package_identification:_identify(src/rm_localization/icp_registration) by extension 'ignore_ament_install'
[1.175s] Level 1:colcon.colcon_core.package_identification:_identify(src/rm_localization/icp_registration) by extensions ['colcon_pkg']
[1.175s] Level 1:colcon.colcon_core.package_identification:_identify(src/rm_localization/icp_registration) by extension 'colcon_pkg'
[1.175s] Level 1:colcon.colcon_core.package_identification:_identify(src/rm_localization/icp_registration) by extensions ['colcon_meta']
[1.175s] Level 1:colcon.colcon_core.package_identification:_identify(src/rm_localization/icp_registration) by extension 'colcon_meta'
[1.175s] Level 1:colcon.colcon_core.package_identification:_identify(src/rm_localization/icp_registration) by extensions ['ros']
[1.175s] Level 1:colcon.colcon_core.package_identification:_identify(src/rm_localization/icp_registration) by extension 'ros'
[1.177s] DEBUG:colcon.colcon_core.package_identification:Package 'src/rm_localization/icp_registration' with type 'ros.ament_cmake' and name 'icp_registration'
[1.178s] Level 1:colcon.colcon_core.package_identification:_identify(src/rm_localization/point_lio) by extensions ['ignore', 'ignore_ament_install']
[1.178s] Level 1:colcon.colcon_core.package_identification:_identify(src/rm_localization/point_lio) by extension 'ignore'
[1.178s] Level 1:colcon.colcon_core.package_identification:_identify(src/rm_localization/point_lio) by extension 'ignore_ament_install'
[1.179s] Level 1:colcon.colcon_core.package_identification:_identify(src/rm_localization/point_lio) by extensions ['colcon_pkg']
[1.179s] Level 1:colcon.colcon_core.package_identification:_identify(src/rm_localization/point_lio) by extension 'colcon_pkg'
[1.179s] Level 1:colcon.colcon_core.package_identification:_identify(src/rm_localization/point_lio) by extensions ['colcon_meta']
[1.179s] Level 1:colcon.colcon_core.package_identification:_identify(src/rm_localization/point_lio) by extension 'colcon_meta'
[1.179s] Level 1:colcon.colcon_core.package_identification:_identify(src/rm_localization/point_lio) by extensions ['ros']
[1.179s] Level 1:colcon.colcon_core.package_identification:_identify(src/rm_localization/point_lio) by extension 'ros'
[1.182s] DEBUG:colcon.colcon_core.package_identification:Package 'src/rm_localization/point_lio' with type 'ros.ament_cmake' and name 'point_lio'
[1.182s] Level 1:colcon.colcon_core.package_identification:_identify(src/rm_nav_bringup) by extensions ['ignore', 'ignore_ament_install']
[1.182s] Level 1:colcon.colcon_core.package_identification:_identify(src/rm_nav_bringup) by extension 'ignore'
[1.182s] Level 1:colcon.colcon_core.package_identification:_identify(src/rm_nav_bringup) by extension 'ignore_ament_install'
[1.182s] Level 1:colcon.colcon_core.package_identification:_identify(src/rm_nav_bringup) by extensions ['colcon_pkg']
[1.182s] Level 1:colcon.colcon_core.package_identification:_identify(src/rm_nav_bringup) by extension 'colcon_pkg'
[1.183s] Level 1:colcon.colcon_core.package_identification:_identify(src/rm_nav_bringup) by extensions ['colcon_meta']
[1.183s] Level 1:colcon.colcon_core.package_identification:_identify(src/rm_nav_bringup) by extension 'colcon_meta'
[1.183s] Level 1:colcon.colcon_core.package_identification:_identify(src/rm_nav_bringup) by extensions ['ros']
[1.183s] Level 1:colcon.colcon_core.package_identification:_identify(src/rm_nav_bringup) by extension 'ros'
[1.184s] DEBUG:colcon.colcon_core.package_identification:Package 'src/rm_nav_bringup' with type 'ros.ament_cmake' and name 'rm_nav_bringup'
[1.184s] Level 1:colcon.colcon_core.package_identification:_identify(src/rm_navigation) by extensions ['ignore', 'ignore_ament_install']
[1.184s] Level 1:colcon.colcon_core.package_identification:_identify(src/rm_navigation) by extension 'ignore'
[1.184s] Level 1:colcon.colcon_core.package_identification:_identify(src/rm_navigation) by extension 'ignore_ament_install'
[1.185s] Level 1:colcon.colcon_core.package_identification:_identify(src/rm_navigation) by extensions ['colcon_pkg']
[1.185s] Level 1:colcon.colcon_core.package_identification:_identify(src/rm_navigation) by extension 'colcon_pkg'
[1.185s] Level 1:colcon.colcon_core.package_identification:_identify(src/rm_navigation) by extensions ['colcon_meta']
[1.185s] Level 1:colcon.colcon_core.package_identification:_identify(src/rm_navigation) by extension 'colcon_meta'
[1.185s] Level 1:colcon.colcon_core.package_identification:_identify(src/rm_navigation) by extensions ['ros']
[1.185s] Level 1:colcon.colcon_core.package_identification:_identify(src/rm_navigation) by extension 'ros'
[1.185s] Level 1:colcon.colcon_core.package_identification:_identify(src/rm_navigation) by extensions ['cmake', 'python']
[1.185s] Level 1:colcon.colcon_core.package_identification:_identify(src/rm_navigation) by extension 'cmake'
[1.185s] Level 1:colcon.colcon_core.package_identification:_identify(src/rm_navigation) by extension 'python'
[1.186s] Level 1:colcon.colcon_core.package_identification:_identify(src/rm_navigation) by extensions ['python_setup_py']
[1.186s] Level 1:colcon.colcon_core.package_identification:_identify(src/rm_navigation) by extension 'python_setup_py'
[1.186s] Level 1:colcon.colcon_core.package_identification:_identify(src/rm_navigation/costmap_converter) by extensions ['ignore', 'ignore_ament_install']
[1.186s] Level 1:colcon.colcon_core.package_identification:_identify(src/rm_navigation/costmap_converter) by extension 'ignore'
[1.186s] Level 1:colcon.colcon_core.package_identification:_identify(src/rm_navigation/costmap_converter) by extension 'ignore_ament_install'
[1.186s] Level 1:colcon.colcon_core.package_identification:_identify(src/rm_navigation/costmap_converter) by extensions ['colcon_pkg']
[1.186s] Level 1:colcon.colcon_core.package_identification:_identify(src/rm_navigation/costmap_converter) by extension 'colcon_pkg'
[1.187s] Level 1:colcon.colcon_core.package_identification:_identify(src/rm_navigation/costmap_converter) by extensions ['colcon_meta']
[1.187s] Level 1:colcon.colcon_core.package_identification:_identify(src/rm_navigation/costmap_converter) by extension 'colcon_meta'
[1.187s] Level 1:colcon.colcon_core.package_identification:_identify(src/rm_navigation/costmap_converter) by extensions ['ros']
[1.187s] Level 1:colcon.colcon_core.package_identification:_identify(src/rm_navigation/costmap_converter) by extension 'ros'
[1.187s] Level 1:colcon.colcon_core.package_identification:_identify(src/rm_navigation/costmap_converter) by extensions ['cmake', 'python']
[1.187s] Level 1:colcon.colcon_core.package_identification:_identify(src/rm_navigation/costmap_converter) by extension 'cmake'
[1.187s] Level 1:colcon.colcon_core.package_identification:_identify(src/rm_navigation/costmap_converter) by extension 'python'
[1.187s] Level 1:colcon.colcon_core.package_identification:_identify(src/rm_navigation/costmap_converter) by extensions ['python_setup_py']
[1.188s] Level 1:colcon.colcon_core.package_identification:_identify(src/rm_navigation/costmap_converter) by extension 'python_setup_py'
[1.188s] Level 1:colcon.colcon_core.package_identification:_identify(src/rm_navigation/costmap_converter/costmap_converter) by extensions ['ignore', 'ignore_ament_install']
[1.188s] Level 1:colcon.colcon_core.package_identification:_identify(src/rm_navigation/costmap_converter/costmap_converter) by extension 'ignore'
[1.188s] Level 1:colcon.colcon_core.package_identification:_identify(src/rm_navigation/costmap_converter/costmap_converter) by extension 'ignore_ament_install'
[1.188s] Level 1:colcon.colcon_core.package_identification:_identify(src/rm_navigation/costmap_converter/costmap_converter) by extensions ['colcon_pkg']
[1.188s] Level 1:colcon.colcon_core.package_identification:_identify(src/rm_navigation/costmap_converter/costmap_converter) by extension 'colcon_pkg'
[1.188s] Level 1:colcon.colcon_core.package_identification:_identify(src/rm_navigation/costmap_converter/costmap_converter) by extensions ['colcon_meta']
[1.189s] Level 1:colcon.colcon_core.package_identification:_identify(src/rm_navigation/costmap_converter/costmap_converter) by extension 'colcon_meta'
[1.189s] Level 1:colcon.colcon_core.package_identification:_identify(src/rm_navigation/costmap_converter/costmap_converter) by extensions ['ros']
[1.189s] Level 1:colcon.colcon_core.package_identification:_identify(src/rm_navigation/costmap_converter/costmap_converter) by extension 'ros'
[1.206s] DEBUG:colcon.colcon_core.package_identification:Package 'src/rm_navigation/costmap_converter/costmap_converter' with type 'ros.ament_cmake' and name 'costmap_converter'
[1.207s] Level 1:colcon.colcon_core.package_identification:_identify(src/rm_navigation/costmap_converter/costmap_converter_msgs) by extensions ['ignore', 'ignore_ament_install']
[1.207s] Level 1:colcon.colcon_core.package_identification:_identify(src/rm_navigation/costmap_converter/costmap_converter_msgs) by extension 'ignore'
[1.207s] Level 1:colcon.colcon_core.package_identification:_identify(src/rm_navigation/costmap_converter/costmap_converter_msgs) by extension 'ignore_ament_install'
[1.208s] Level 1:colcon.colcon_core.package_identification:_identify(src/rm_navigation/costmap_converter/costmap_converter_msgs) by extensions ['colcon_pkg']
[1.208s] Level 1:colcon.colcon_core.package_identification:_identify(src/rm_navigation/costmap_converter/costmap_converter_msgs) by extension 'colcon_pkg'
[1.208s] Level 1:colcon.colcon_core.package_identification:_identify(src/rm_navigation/costmap_converter/costmap_converter_msgs) by extensions ['colcon_meta']
[1.208s] Level 1:colcon.colcon_core.package_identification:_identify(src/rm_navigation/costmap_converter/costmap_converter_msgs) by extension 'colcon_meta'
[1.208s] Level 1:colcon.colcon_core.package_identification:_identify(src/rm_navigation/costmap_converter/costmap_converter_msgs) by extensions ['ros']
[1.208s] Level 1:colcon.colcon_core.package_identification:_identify(src/rm_navigation/costmap_converter/costmap_converter_msgs) by extension 'ros'
[1.210s] DEBUG:colcon.colcon_core.package_identification:Package 'src/rm_navigation/costmap_converter/costmap_converter_msgs' with type 'ros.ament_cmake' and name 'costmap_converter_msgs'
[1.210s] Level 1:colcon.colcon_core.package_identification:_identify(src/rm_navigation/fake_vel_transform) by extensions ['ignore', 'ignore_ament_install']
[1.210s] Level 1:colcon.colcon_core.package_identification:_identify(src/rm_navigation/fake_vel_transform) by extension 'ignore'
[1.211s] Level 1:colcon.colcon_core.package_identification:_identify(src/rm_navigation/fake_vel_transform) by extension 'ignore_ament_install'
[1.211s] Level 1:colcon.colcon_core.package_identification:_identify(src/rm_navigation/fake_vel_transform) by extensions ['colcon_pkg']
[1.211s] Level 1:colcon.colcon_core.package_identification:_identify(src/rm_navigation/fake_vel_transform) by extension 'colcon_pkg'
[1.211s] Level 1:colcon.colcon_core.package_identification:_identify(src/rm_navigation/fake_vel_transform) by extensions ['colcon_meta']
[1.211s] Level 1:colcon.colcon_core.package_identification:_identify(src/rm_navigation/fake_vel_transform) by extension 'colcon_meta'
[1.211s] Level 1:colcon.colcon_core.package_identification:_identify(src/rm_navigation/fake_vel_transform) by extensions ['ros']
[1.211s] Level 1:colcon.colcon_core.package_identification:_identify(src/rm_navigation/fake_vel_transform) by extension 'ros'
[1.213s] DEBUG:colcon.colcon_core.package_identification:Package 'src/rm_navigation/fake_vel_transform' with type 'ros.ament_cmake' and name 'fake_vel_transform'
[1.213s] Level 1:colcon.colcon_core.package_identification:_identify(src/rm_navigation/rm_navigation) by extensions ['ignore', 'ignore_ament_install']
[1.213s] Level 1:colcon.colcon_core.package_identification:_identify(src/rm_navigation/rm_navigation) by extension 'ignore'
[1.213s] Level 1:colcon.colcon_core.package_identification:_identify(src/rm_navigation/rm_navigation) by extension 'ignore_ament_install'
[1.214s] Level 1:colcon.colcon_core.package_identification:_identify(src/rm_navigation/rm_navigation) by extensions ['colcon_pkg']
[1.214s] Level 1:colcon.colcon_core.package_identification:_identify(src/rm_navigation/rm_navigation) by extension 'colcon_pkg'
[1.214s] Level 1:colcon.colcon_core.package_identification:_identify(src/rm_navigation/rm_navigation) by extensions ['colcon_meta']
[1.214s] Level 1:colcon.colcon_core.package_identification:_identify(src/rm_navigation/rm_navigation) by extension 'colcon_meta'
[1.214s] Level 1:colcon.colcon_core.package_identification:_identify(src/rm_navigation/rm_navigation) by extensions ['ros']
[1.214s] Level 1:colcon.colcon_core.package_identification:_identify(src/rm_navigation/rm_navigation) by extension 'ros'
[1.216s] DEBUG:colcon.colcon_core.package_identification:Package 'src/rm_navigation/rm_navigation' with type 'ros.ament_cmake' and name 'rm_navigation'
[1.216s] Level 1:colcon.colcon_core.package_identification:_identify(src/rm_navigation/teb_local_planner) by extensions ['ignore', 'ignore_ament_install']
[1.216s] Level 1:colcon.colcon_core.package_identification:_identify(src/rm_navigation/teb_local_planner) by extension 'ignore'
[1.217s] Level 1:colcon.colcon_core.package_identification:_identify(src/rm_navigation/teb_local_planner) by extension 'ignore_ament_install'
[1.217s] Level 1:colcon.colcon_core.package_identification:_identify(src/rm_navigation/teb_local_planner) by extensions ['colcon_pkg']
[1.217s] Level 1:colcon.colcon_core.package_identification:_identify(src/rm_navigation/teb_local_planner) by extension 'colcon_pkg'
[1.217s] Level 1:colcon.colcon_core.package_identification:_identify(src/rm_navigation/teb_local_planner) by extensions ['colcon_meta']
[1.217s] Level 1:colcon.colcon_core.package_identification:_identify(src/rm_navigation/teb_local_planner) by extension 'colcon_meta'
[1.217s] Level 1:colcon.colcon_core.package_identification:_identify(src/rm_navigation/teb_local_planner) by extensions ['ros']
[1.217s] Level 1:colcon.colcon_core.package_identification:_identify(src/rm_navigation/teb_local_planner) by extension 'ros'
[1.218s] Level 1:colcon.colcon_core.package_identification:_identify(src/rm_navigation/teb_local_planner) by extensions ['cmake', 'python']
[1.218s] Level 1:colcon.colcon_core.package_identification:_identify(src/rm_navigation/teb_local_planner) by extension 'cmake'
[1.218s] Level 1:colcon.colcon_core.package_identification:_identify(src/rm_navigation/teb_local_planner) by extension 'python'
[1.218s] Level 1:colcon.colcon_core.package_identification:_identify(src/rm_navigation/teb_local_planner) by extensions ['python_setup_py']
[1.218s] Level 1:colcon.colcon_core.package_identification:_identify(src/rm_navigation/teb_local_planner) by extension 'python_setup_py'
[1.219s] Level 1:colcon.colcon_core.package_identification:_identify(src/rm_navigation/teb_local_planner/teb_local_planner) by extensions ['ignore', 'ignore_ament_install']
[1.219s] Level 1:colcon.colcon_core.package_identification:_identify(src/rm_navigation/teb_local_planner/teb_local_planner) by extension 'ignore'
[1.219s] Level 1:colcon.colcon_core.package_identification:_identify(src/rm_navigation/teb_local_planner/teb_local_planner) by extension 'ignore_ament_install'
[1.219s] Level 1:colcon.colcon_core.package_identification:_identify(src/rm_navigation/teb_local_planner/teb_local_planner) by extensions ['colcon_pkg']
[1.220s] Level 1:colcon.colcon_core.package_identification:_identify(src/rm_navigation/teb_local_planner/teb_local_planner) by extension 'colcon_pkg'
[1.220s] Level 1:colcon.colcon_core.package_identification:_identify(src/rm_navigation/teb_local_planner/teb_local_planner) by extensions ['colcon_meta']
[1.220s] Level 1:colcon.colcon_core.package_identification:_identify(src/rm_navigation/teb_local_planner/teb_local_planner) by extension 'colcon_meta'
[1.220s] Level 1:colcon.colcon_core.package_identification:_identify(src/rm_navigation/teb_local_planner/teb_local_planner) by extensions ['ros']
[1.220s] Level 1:colcon.colcon_core.package_identification:_identify(src/rm_navigation/teb_local_planner/teb_local_planner) by extension 'ros'
[1.224s] DEBUG:colcon.colcon_core.package_identification:Package 'src/rm_navigation/teb_local_planner/teb_local_planner' with type 'ros.ament_cmake' and name 'teb_local_planner'
[1.224s] Level 1:colcon.colcon_core.package_identification:_identify(src/rm_navigation/teb_local_planner/teb_msgs) by extensions ['ignore', 'ignore_ament_install']
[1.225s] Level 1:colcon.colcon_core.package_identification:_identify(src/rm_navigation/teb_local_planner/teb_msgs) by extension 'ignore'
[1.225s] Level 1:colcon.colcon_core.package_identification:_identify(src/rm_navigation/teb_local_planner/teb_msgs) by extension 'ignore_ament_install'
[1.225s] Level 1:colcon.colcon_core.package_identification:_identify(src/rm_navigation/teb_local_planner/teb_msgs) by extensions ['colcon_pkg']
[1.225s] Level 1:colcon.colcon_core.package_identification:_identify(src/rm_navigation/teb_local_planner/teb_msgs) by extension 'colcon_pkg'
[1.226s] Level 1:colcon.colcon_core.package_identification:_identify(src/rm_navigation/teb_local_planner/teb_msgs) by extensions ['colcon_meta']
[1.226s] Level 1:colcon.colcon_core.package_identification:_identify(src/rm_navigation/teb_local_planner/teb_msgs) by extension 'colcon_meta'
[1.226s] Level 1:colcon.colcon_core.package_identification:_identify(src/rm_navigation/teb_local_planner/teb_msgs) by extensions ['ros']
[1.226s] Level 1:colcon.colcon_core.package_identification:_identify(src/rm_navigation/teb_local_planner/teb_msgs) by extension 'ros'
[1.228s] DEBUG:colcon.colcon_core.package_identification:Package 'src/rm_navigation/teb_local_planner/teb_msgs' with type 'ros.ament_cmake' and name 'teb_msgs'
[1.228s] Level 1:colcon.colcon_core.package_identification:_identify(src/rm_perception) by extensions ['ignore', 'ignore_ament_install']
[1.228s] Level 1:colcon.colcon_core.package_identification:_identify(src/rm_perception) by extension 'ignore'
[1.228s] Level 1:colcon.colcon_core.package_identification:_identify(src/rm_perception) by extension 'ignore_ament_install'
[1.228s] Level 1:colcon.colcon_core.package_identification:_identify(src/rm_perception) by extensions ['colcon_pkg']
[1.228s] Level 1:colcon.colcon_core.package_identification:_identify(src/rm_perception) by extension 'colcon_pkg'
[1.228s] Level 1:colcon.colcon_core.package_identification:_identify(src/rm_perception) by extensions ['colcon_meta']
[1.229s] Level 1:colcon.colcon_core.package_identification:_identify(src/rm_perception) by extension 'colcon_meta'
[1.229s] Level 1:colcon.colcon_core.package_identification:_identify(src/rm_perception) by extensions ['ros']
[1.229s] Level 1:colcon.colcon_core.package_identification:_identify(src/rm_perception) by extension 'ros'
[1.229s] Level 1:colcon.colcon_core.package_identification:_identify(src/rm_perception) by extensions ['cmake', 'python']
[1.229s] Level 1:colcon.colcon_core.package_identification:_identify(src/rm_perception) by extension 'cmake'
[1.229s] Level 1:colcon.colcon_core.package_identification:_identify(src/rm_perception) by extension 'python'
[1.229s] Level 1:colcon.colcon_core.package_identification:_identify(src/rm_perception) by extensions ['python_setup_py']
[1.229s] Level 1:colcon.colcon_core.package_identification:_identify(src/rm_perception) by extension 'python_setup_py'
[1.230s] Level 1:colcon.colcon_core.package_identification:_identify(src/rm_perception/imu_complementary_filter) by extensions ['ignore', 'ignore_ament_install']
[1.230s] Level 1:colcon.colcon_core.package_identification:_identify(src/rm_perception/imu_complementary_filter) by extension 'ignore'
[1.230s] Level 1:colcon.colcon_core.package_identification:_identify(src/rm_perception/imu_complementary_filter) by extension 'ignore_ament_install'
[1.230s] Level 1:colcon.colcon_core.package_identification:_identify(src/rm_perception/imu_complementary_filter) by extensions ['colcon_pkg']
[1.230s] Level 1:colcon.colcon_core.package_identification:_identify(src/rm_perception/imu_complementary_filter) by extension 'colcon_pkg'
[1.230s] Level 1:colcon.colcon_core.package_identification:_identify(src/rm_perception/imu_complementary_filter) by extensions ['colcon_meta']
[1.230s] Level 1:colcon.colcon_core.package_identification:_identify(src/rm_perception/imu_complementary_filter) by extension 'colcon_meta'
[1.231s] Level 1:colcon.colcon_core.package_identification:_identify(src/rm_perception/imu_complementary_filter) by extensions ['ros']
[1.231s] Level 1:colcon.colcon_core.package_identification:_identify(src/rm_perception/imu_complementary_filter) by extension 'ros'
[1.232s] DEBUG:colcon.colcon_core.package_identification:Package 'src/rm_perception/imu_complementary_filter' with type 'ros.ament_cmake' and name 'imu_complementary_filter'
[1.232s] Level 1:colcon.colcon_core.package_identification:_identify(src/rm_perception/linefit_ground_segementation_ros2) by extensions ['ignore', 'ignore_ament_install']
[1.232s] Level 1:colcon.colcon_core.package_identification:_identify(src/rm_perception/linefit_ground_segementation_ros2) by extension 'ignore'
[1.232s] Level 1:colcon.colcon_core.package_identification:_identify(src/rm_perception/linefit_ground_segementation_ros2) by extension 'ignore_ament_install'
[1.232s] Level 1:colcon.colcon_core.package_identification:_identify(src/rm_perception/linefit_ground_segementation_ros2) by extensions ['colcon_pkg']
[1.232s] Level 1:colcon.colcon_core.package_identification:_identify(src/rm_perception/linefit_ground_segementation_ros2) by extension 'colcon_pkg'
[1.233s] Level 1:colcon.colcon_core.package_identification:_identify(src/rm_perception/linefit_ground_segementation_ros2) by extensions ['colcon_meta']
[1.233s] Level 1:colcon.colcon_core.package_identification:_identify(src/rm_perception/linefit_ground_segementation_ros2) by extension 'colcon_meta'
[1.233s] Level 1:colcon.colcon_core.package_identification:_identify(src/rm_perception/linefit_ground_segementation_ros2) by extensions ['ros']
[1.233s] Level 1:colcon.colcon_core.package_identification:_identify(src/rm_perception/linefit_ground_segementation_ros2) by extension 'ros'
[1.233s] Level 1:colcon.colcon_core.package_identification:_identify(src/rm_perception/linefit_ground_segementation_ros2) by extensions ['cmake', 'python']
[1.233s] Level 1:colcon.colcon_core.package_identification:_identify(src/rm_perception/linefit_ground_segementation_ros2) by extension 'cmake'
[1.233s] Level 1:colcon.colcon_core.package_identification:_identify(src/rm_perception/linefit_ground_segementation_ros2) by extension 'python'
[1.233s] Level 1:colcon.colcon_core.package_identification:_identify(src/rm_perception/linefit_ground_segementation_ros2) by extensions ['python_setup_py']
[1.233s] Level 1:colcon.colcon_core.package_identification:_identify(src/rm_perception/linefit_ground_segementation_ros2) by extension 'python_setup_py'
[1.234s] Level 1:colcon.colcon_core.package_identification:_identify(src/rm_perception/linefit_ground_segementation_ros2/doc) by extensions ['ignore', 'ignore_ament_install']
[1.234s] Level 1:colcon.colcon_core.package_identification:_identify(src/rm_perception/linefit_ground_segementation_ros2/doc) by extension 'ignore'
[1.234s] Level 1:colcon.colcon_core.package_identification:_identify(src/rm_perception/linefit_ground_segementation_ros2/doc) by extension 'ignore_ament_install'
[1.234s] Level 1:colcon.colcon_core.package_identification:_identify(src/rm_perception/linefit_ground_segementation_ros2/doc) by extensions ['colcon_pkg']
[1.234s] Level 1:colcon.colcon_core.package_identification:_identify(src/rm_perception/linefit_ground_segementation_ros2/doc) by extension 'colcon_pkg'
[1.234s] Level 1:colcon.colcon_core.package_identification:_identify(src/rm_perception/linefit_ground_segementation_ros2/doc) by extensions ['colcon_meta']
[1.234s] Level 1:colcon.colcon_core.package_identification:_identify(src/rm_perception/linefit_ground_segementation_ros2/doc) by extension 'colcon_meta'
[1.235s] Level 1:colcon.colcon_core.package_identification:_identify(src/rm_perception/linefit_ground_segementation_ros2/doc) by extensions ['ros']
[1.235s] Level 1:colcon.colcon_core.package_identification:_identify(src/rm_perception/linefit_ground_segementation_ros2/doc) by extension 'ros'
[1.235s] Level 1:colcon.colcon_core.package_identification:_identify(src/rm_perception/linefit_ground_segementation_ros2/doc) by extensions ['cmake', 'python']
[1.235s] Level 1:colcon.colcon_core.package_identification:_identify(src/rm_perception/linefit_ground_segementation_ros2/doc) by extension 'cmake'
[1.235s] Level 1:colcon.colcon_core.package_identification:_identify(src/rm_perception/linefit_ground_segementation_ros2/doc) by extension 'python'
[1.235s] Level 1:colcon.colcon_core.package_identification:_identify(src/rm_perception/linefit_ground_segementation_ros2/doc) by extensions ['python_setup_py']
[1.235s] Level 1:colcon.colcon_core.package_identification:_identify(src/rm_perception/linefit_ground_segementation_ros2/doc) by extension 'python_setup_py'
[1.236s] Level 1:colcon.colcon_core.package_identification:_identify(src/rm_perception/linefit_ground_segementation_ros2/linefit_ground_segmentation) by extensions ['ignore', 'ignore_ament_install']
[1.236s] Level 1:colcon.colcon_core.package_identification:_identify(src/rm_perception/linefit_ground_segementation_ros2/linefit_ground_segmentation) by extension 'ignore'
[1.236s] Level 1:colcon.colcon_core.package_identification:_identify(src/rm_perception/linefit_ground_segementation_ros2/linefit_ground_segmentation) by extension 'ignore_ament_install'
[1.236s] Level 1:colcon.colcon_core.package_identification:_identify(src/rm_perception/linefit_ground_segementation_ros2/linefit_ground_segmentation) by extensions ['colcon_pkg']
[1.236s] Level 1:colcon.colcon_core.package_identification:_identify(src/rm_perception/linefit_ground_segementation_ros2/linefit_ground_segmentation) by extension 'colcon_pkg'
[1.236s] Level 1:colcon.colcon_core.package_identification:_identify(src/rm_perception/linefit_ground_segementation_ros2/linefit_ground_segmentation) by extensions ['colcon_meta']
[1.236s] Level 1:colcon.colcon_core.package_identification:_identify(src/rm_perception/linefit_ground_segementation_ros2/linefit_ground_segmentation) by extension 'colcon_meta'
[1.236s] Level 1:colcon.colcon_core.package_identification:_identify(src/rm_perception/linefit_ground_segementation_ros2/linefit_ground_segmentation) by extensions ['ros']
[1.237s] Level 1:colcon.colcon_core.package_identification:_identify(src/rm_perception/linefit_ground_segementation_ros2/linefit_ground_segmentation) by extension 'ros'
[1.238s] DEBUG:colcon.colcon_core.package_identification:Package 'src/rm_perception/linefit_ground_segementation_ros2/linefit_ground_segmentation' with type 'ros.ament_cmake' and name 'linefit_ground_segmentation'
[1.238s] Level 1:colcon.colcon_core.package_identification:_identify(src/rm_perception/linefit_ground_segementation_ros2/linefit_ground_segmentation_ros) by extensions ['ignore', 'ignore_ament_install']
[1.238s] Level 1:colcon.colcon_core.package_identification:_identify(src/rm_perception/linefit_ground_segementation_ros2/linefit_ground_segmentation_ros) by extension 'ignore'
[1.238s] Level 1:colcon.colcon_core.package_identification:_identify(src/rm_perception/linefit_ground_segementation_ros2/linefit_ground_segmentation_ros) by extension 'ignore_ament_install'
[1.238s] Level 1:colcon.colcon_core.package_identification:_identify(src/rm_perception/linefit_ground_segementation_ros2/linefit_ground_segmentation_ros) by extensions ['colcon_pkg']
[1.238s] Level 1:colcon.colcon_core.package_identification:_identify(src/rm_perception/linefit_ground_segementation_ros2/linefit_ground_segmentation_ros) by extension 'colcon_pkg'
[1.239s] Level 1:colcon.colcon_core.package_identification:_identify(src/rm_perception/linefit_ground_segementation_ros2/linefit_ground_segmentation_ros) by extensions ['colcon_meta']
[1.239s] Level 1:colcon.colcon_core.package_identification:_identify(src/rm_perception/linefit_ground_segementation_ros2/linefit_ground_segmentation_ros) by extension 'colcon_meta'
[1.239s] Level 1:colcon.colcon_core.package_identification:_identify(src/rm_perception/linefit_ground_segementation_ros2/linefit_ground_segmentation_ros) by extensions ['ros']
[1.239s] Level 1:colcon.colcon_core.package_identification:_identify(src/rm_perception/linefit_ground_segementation_ros2/linefit_ground_segmentation_ros) by extension 'ros'
[1.240s] DEBUG:colcon.colcon_core.package_identification:Package 'src/rm_perception/linefit_ground_segementation_ros2/linefit_ground_segmentation_ros' with type 'ros.ament_cmake' and name 'linefit_ground_segmentation_ros'
[1.241s] Level 1:colcon.colcon_core.package_identification:_identify(src/rm_perception/pointcloud_to_laserscan) by extensions ['ignore', 'ignore_ament_install']
[1.241s] Level 1:colcon.colcon_core.package_identification:_identify(src/rm_perception/pointcloud_to_laserscan) by extension 'ignore'
[1.241s] Level 1:colcon.colcon_core.package_identification:_identify(src/rm_perception/pointcloud_to_laserscan) by extension 'ignore_ament_install'
[1.241s] Level 1:colcon.colcon_core.package_identification:_identify(src/rm_perception/pointcloud_to_laserscan) by extensions ['colcon_pkg']
[1.241s] Level 1:colcon.colcon_core.package_identification:_identify(src/rm_perception/pointcloud_to_laserscan) by extension 'colcon_pkg'
[1.241s] Level 1:colcon.colcon_core.package_identification:_identify(src/rm_perception/pointcloud_to_laserscan) by extensions ['colcon_meta']
[1.241s] Level 1:colcon.colcon_core.package_identification:_identify(src/rm_perception/pointcloud_to_laserscan) by extension 'colcon_meta'
[1.242s] Level 1:colcon.colcon_core.package_identification:_identify(src/rm_perception/pointcloud_to_laserscan) by extensions ['ros']
[1.242s] Level 1:colcon.colcon_core.package_identification:_identify(src/rm_perception/pointcloud_to_laserscan) by extension 'ros'
[1.244s] DEBUG:colcon.colcon_core.package_identification:Package 'src/rm_perception/pointcloud_to_laserscan' with type 'ros.ament_cmake' and name 'pointcloud_to_laserscan'
[1.245s] Level 1:colcon.colcon_core.package_identification:_identify(src/rmbot2) by extensions ['ignore', 'ignore_ament_install']
[1.245s] Level 1:colcon.colcon_core.package_identification:_identify(src/rmbot2) by extension 'ignore'
[1.245s] Level 1:colcon.colcon_core.package_identification:_identify(src/rmbot2) by extension 'ignore_ament_install'
[1.245s] Level 1:colcon.colcon_core.package_identification:_identify(src/rmbot2) by extensions ['colcon_pkg']
[1.245s] Level 1:colcon.colcon_core.package_identification:_identify(src/rmbot2) by extension 'colcon_pkg'
[1.245s] Level 1:colcon.colcon_core.package_identification:_identify(src/rmbot2) by extensions ['colcon_meta']
[1.246s] Level 1:colcon.colcon_core.package_identification:_identify(src/rmbot2) by extension 'colcon_meta'
[1.246s] Level 1:colcon.colcon_core.package_identification:_identify(src/rmbot2) by extensions ['ros']
[1.246s] Level 1:colcon.colcon_core.package_identification:_identify(src/rmbot2) by extension 'ros'
[1.249s] DEBUG:colcon.colcon_core.package_identification:Package 'src/rmbot2' with type 'ros.ament_cmake' and name 'rmbot2'
[1.249s] Level 1:colcon.colcon_core.package_discovery:discover_packages(recursive) using defaults
[1.249s] Level 1:colcon.colcon_core.package_discovery:discover_packages(ignore) discover
[1.249s] Level 1:colcon.colcon_core.package_discovery:discover_packages(ignore) using defaults
[1.249s] Level 1:colcon.colcon_core.package_discovery:discover_packages(path) discover
[1.249s] Level 1:colcon.colcon_core.package_discovery:discover_packages(path) using defaults
[1.300s] Level 1:colcon.colcon_core.package_discovery:discover_packages(prefix_path) check parameters
[1.300s] Level 1:colcon.colcon_core.package_discovery:discover_packages(prefix_path) discover
[1.313s] DEBUG:colcon.colcon_installed_package_information.package_discovery:Found 17 installed packages in /home/allen/Robomaster/rm_ws/install
[1.316s] DEBUG:colcon.colcon_installed_package_information.package_discovery:Found 6 installed packages in /home/allen/capstone/description_ws/install
[1.326s] DEBUG:colcon.colcon_installed_package_information.package_discovery:Found 454 installed packages in /opt/ros/humble
[1.330s] Level 1:colcon.colcon_core.package_discovery:discover_packages(prefix_path) using defaults
[1.474s] Level 5:colcon.colcon_core.verb:set package 'costmap_converter_msgs' build argument 'cmake_args' from command line to 'None'
[1.474s] Level 5:colcon.colcon_core.verb:set package 'costmap_converter_msgs' build argument 'cmake_target' from command line to 'None'
[1.474s] Level 5:colcon.colcon_core.verb:set package 'costmap_converter_msgs' build argument 'cmake_target_skip_unavailable' from command line to 'False'
[1.474s] Level 5:colcon.colcon_core.verb:set package 'costmap_converter_msgs' build argument 'cmake_clean_cache' from command line to 'False'
[1.474s] Level 5:colcon.colcon_core.verb:set package 'costmap_converter_msgs' build argument 'cmake_clean_first' from command line to 'False'
[1.474s] Level 5:colcon.colcon_core.verb:set package 'costmap_converter_msgs' build argument 'cmake_force_configure' from command line to 'False'
[1.474s] Level 5:colcon.colcon_core.verb:set package 'costmap_converter_msgs' build argument 'ament_cmake_args' from command line to 'None'
[1.474s] Level 5:colcon.colcon_core.verb:set package 'costmap_converter_msgs' build argument 'catkin_cmake_args' from command line to 'None'
[1.474s] Level 5:colcon.colcon_core.verb:set package 'costmap_converter_msgs' build argument 'catkin_skip_building_tests' from command line to 'False'
[1.474s] DEBUG:colcon.colcon_core.verb:Building package 'costmap_converter_msgs' with the following arguments: {'ament_cmake_args': None, 'build_base': '/home/allen/rm_ws/build/costmap_converter_msgs', 'catkin_cmake_args': None, 'catkin_skip_building_tests': False, 'cmake_args': None, 'cmake_clean_cache': False, 'cmake_clean_first': False, 'cmake_force_configure': False, 'cmake_target': None, 'cmake_target_skip_unavailable': False, 'install_base': '/home/allen/rm_ws/install/costmap_converter_msgs', 'merge_install': False, 'path': '/home/allen/rm_ws/src/rm_navigation/costmap_converter/costmap_converter_msgs', 'symlink_install': True, 'test_result_base': None}
[1.475s] Level 5:colcon.colcon_core.verb:set package 'fake_vel_transform' build argument 'cmake_args' from command line to 'None'
[1.475s] Level 5:colcon.colcon_core.verb:set package 'fake_vel_transform' build argument 'cmake_target' from command line to 'None'
[1.475s] Level 5:colcon.colcon_core.verb:set package 'fake_vel_transform' build argument 'cmake_target_skip_unavailable' from command line to 'False'
[1.475s] Level 5:colcon.colcon_core.verb:set package 'fake_vel_transform' build argument 'cmake_clean_cache' from command line to 'False'
[1.475s] Level 5:colcon.colcon_core.verb:set package 'fake_vel_transform' build argument 'cmake_clean_first' from command line to 'False'
[1.475s] Level 5:colcon.colcon_core.verb:set package 'fake_vel_transform' build argument 'cmake_force_configure' from command line to 'False'
[1.475s] Level 5:colcon.colcon_core.verb:set package 'fake_vel_transform' build argument 'ament_cmake_args' from command line to 'None'
[1.475s] Level 5:colcon.colcon_core.verb:set package 'fake_vel_transform' build argument 'catkin_cmake_args' from command line to 'None'
[1.476s] Level 5:colcon.colcon_core.verb:set package 'fake_vel_transform' build argument 'catkin_skip_building_tests' from command line to 'False'
[1.476s] DEBUG:colcon.colcon_core.verb:Building package 'fake_vel_transform' with the following arguments: {'ament_cmake_args': None, 'build_base': '/home/allen/rm_ws/build/fake_vel_transform', 'catkin_cmake_args': None, 'catkin_skip_building_tests': False, 'cmake_args': None, 'cmake_clean_cache': False, 'cmake_clean_first': False, 'cmake_force_configure': False, 'cmake_target': None, 'cmake_target_skip_unavailable': False, 'install_base': '/home/allen/rm_ws/install/fake_vel_transform', 'merge_install': False, 'path': '/home/allen/rm_ws/src/rm_navigation/fake_vel_transform', 'symlink_install': True, 'test_result_base': None}
[1.476s] Level 5:colcon.colcon_core.verb:set package 'imu_complementary_filter' build argument 'cmake_args' from command line to 'None'
[1.476s] Level 5:colcon.colcon_core.verb:set package 'imu_complementary_filter' build argument 'cmake_target' from command line to 'None'
[1.476s] Level 5:colcon.colcon_core.verb:set package 'imu_complementary_filter' build argument 'cmake_target_skip_unavailable' from command line to 'False'
[1.476s] Level 5:colcon.colcon_core.verb:set package 'imu_complementary_filter' build argument 'cmake_clean_cache' from command line to 'False'
[1.476s] Level 5:colcon.colcon_core.verb:set package 'imu_complementary_filter' build argument 'cmake_clean_first' from command line to 'False'
[1.476s] Level 5:colcon.colcon_core.verb:set package 'imu_complementary_filter' build argument 'cmake_force_configure' from command line to 'False'
[1.477s] Level 5:colcon.colcon_core.verb:set package 'imu_complementary_filter' build argument 'ament_cmake_args' from command line to 'None'
[1.477s] Level 5:colcon.colcon_core.verb:set package 'imu_complementary_filter' build argument 'catkin_cmake_args' from command line to 'None'
[1.477s] Level 5:colcon.colcon_core.verb:set package 'imu_complementary_filter' build argument 'catkin_skip_building_tests' from command line to 'False'
[1.477s] DEBUG:colcon.colcon_core.verb:Building package 'imu_complementary_filter' with the following arguments: {'ament_cmake_args': None, 'build_base': '/home/allen/rm_ws/build/imu_complementary_filter', 'catkin_cmake_args': None, 'catkin_skip_building_tests': False, 'cmake_args': None, 'cmake_clean_cache': False, 'cmake_clean_first': False, 'cmake_force_configure': False, 'cmake_target': None, 'cmake_target_skip_unavailable': False, 'install_base': '/home/allen/rm_ws/install/imu_complementary_filter', 'merge_install': False, 'path': '/home/allen/rm_ws/src/rm_perception/imu_complementary_filter', 'symlink_install': True, 'test_result_base': None}
[1.477s] Level 5:colcon.colcon_core.verb:set package 'linefit_ground_segmentation' build argument 'cmake_args' from command line to 'None'
[1.477s] Level 5:colcon.colcon_core.verb:set package 'linefit_ground_segmentation' build argument 'cmake_target' from command line to 'None'
[1.477s] Level 5:colcon.colcon_core.verb:set package 'linefit_ground_segmentation' build argument 'cmake_target_skip_unavailable' from command line to 'False'
[1.478s] Level 5:colcon.colcon_core.verb:set package 'linefit_ground_segmentation' build argument 'cmake_clean_cache' from command line to 'False'
[1.478s] Level 5:colcon.colcon_core.verb:set package 'linefit_ground_segmentation' build argument 'cmake_clean_first' from command line to 'False'
[1.478s] Level 5:colcon.colcon_core.verb:set package 'linefit_ground_segmentation' build argument 'cmake_force_configure' from command line to 'False'
[1.478s] Level 5:colcon.colcon_core.verb:set package 'linefit_ground_segmentation' build argument 'ament_cmake_args' from command line to 'None'
[1.478s] Level 5:colcon.colcon_core.verb:set package 'linefit_ground_segmentation' build argument 'catkin_cmake_args' from command line to 'None'
[1.478s] Level 5:colcon.colcon_core.verb:set package 'linefit_ground_segmentation' build argument 'catkin_skip_building_tests' from command line to 'False'
[1.478s] DEBUG:colcon.colcon_core.verb:Building package 'linefit_ground_segmentation' with the following arguments: {'ament_cmake_args': None, 'build_base': '/home/allen/rm_ws/build/linefit_ground_segmentation', 'catkin_cmake_args': None, 'catkin_skip_building_tests': False, 'cmake_args': None, 'cmake_clean_cache': False, 'cmake_clean_first': False, 'cmake_force_configure': False, 'cmake_target': None, 'cmake_target_skip_unavailable': False, 'install_base': '/home/allen/rm_ws/install/linefit_ground_segmentation', 'merge_install': False, 'path': '/home/allen/rm_ws/src/rm_perception/linefit_ground_segementation_ros2/linefit_ground_segmentation', 'symlink_install': True, 'test_result_base': None}
[1.478s] Level 5:colcon.colcon_core.verb:set package 'livox_ros_driver2' build argument 'cmake_args' from command line to 'None'
[1.479s] Level 5:colcon.colcon_core.verb:set package 'livox_ros_driver2' build argument 'cmake_target' from command line to 'None'
[1.479s] Level 5:colcon.colcon_core.verb:set package 'livox_ros_driver2' build argument 'cmake_target_skip_unavailable' from command line to 'False'
[1.479s] Level 5:colcon.colcon_core.verb:set package 'livox_ros_driver2' build argument 'cmake_clean_cache' from command line to 'False'
[1.479s] Level 5:colcon.colcon_core.verb:set package 'livox_ros_driver2' build argument 'cmake_clean_first' from command line to 'False'
[1.479s] Level 5:colcon.colcon_core.verb:set package 'livox_ros_driver2' build argument 'cmake_force_configure' from command line to 'False'
[1.479s] Level 5:colcon.colcon_core.verb:set package 'livox_ros_driver2' build argument 'ament_cmake_args' from command line to 'None'
[1.479s] Level 5:colcon.colcon_core.verb:set package 'livox_ros_driver2' build argument 'catkin_cmake_args' from command line to 'None'
[1.479s] Level 5:colcon.colcon_core.verb:set package 'livox_ros_driver2' build argument 'catkin_skip_building_tests' from command line to 'False'
[1.479s] DEBUG:colcon.colcon_core.verb:Building package 'livox_ros_driver2' with the following arguments: {'ament_cmake_args': None, 'build_base': '/home/allen/rm_ws/build/livox_ros_driver2', 'catkin_cmake_args': None, 'catkin_skip_building_tests': False, 'cmake_args': None, 'cmake_clean_cache': False, 'cmake_clean_first': False, 'cmake_force_configure': False, 'cmake_target': None, 'cmake_target_skip_unavailable': False, 'install_base': '/home/allen/rm_ws/install/livox_ros_driver2', 'merge_install': False, 'path': '/home/allen/rm_ws/src/livox_ros_driver2/src', 'symlink_install': True, 'test_result_base': None}
[1.480s] Level 5:colcon.colcon_core.verb:set package 'pointcloud_to_laserscan' build argument 'cmake_args' from command line to 'None'
[1.480s] Level 5:colcon.colcon_core.verb:set package 'pointcloud_to_laserscan' build argument 'cmake_target' from command line to 'None'
[1.480s] Level 5:colcon.colcon_core.verb:set package 'pointcloud_to_laserscan' build argument 'cmake_target_skip_unavailable' from command line to 'False'
[1.480s] Level 5:colcon.colcon_core.verb:set package 'pointcloud_to_laserscan' build argument 'cmake_clean_cache' from command line to 'False'
[1.480s] Level 5:colcon.colcon_core.verb:set package 'pointcloud_to_laserscan' build argument 'cmake_clean_first' from command line to 'False'
[1.480s] Level 5:colcon.colcon_core.verb:set package 'pointcloud_to_laserscan' build argument 'cmake_force_configure' from command line to 'False'
[1.480s] Level 5:colcon.colcon_core.verb:set package 'pointcloud_to_laserscan' build argument 'ament_cmake_args' from command line to 'None'
[1.480s] Level 5:colcon.colcon_core.verb:set package 'pointcloud_to_laserscan' build argument 'catkin_cmake_args' from command line to 'None'
[1.480s] Level 5:colcon.colcon_core.verb:set package 'pointcloud_to_laserscan' build argument 'catkin_skip_building_tests' from command line to 'False'
[1.480s] DEBUG:colcon.colcon_core.verb:Building package 'pointcloud_to_laserscan' with the following arguments: {'ament_cmake_args': None, 'build_base': '/home/allen/rm_ws/build/pointcloud_to_laserscan', 'catkin_cmake_args': None, 'catkin_skip_building_tests': False, 'cmake_args': None, 'cmake_clean_cache': False, 'cmake_clean_first': False, 'cmake_force_configure': False, 'cmake_target': None, 'cmake_target_skip_unavailable': False, 'install_base': '/home/allen/rm_ws/install/pointcloud_to_laserscan', 'merge_install': False, 'path': '/home/allen/rm_ws/src/rm_perception/pointcloud_to_laserscan', 'symlink_install': True, 'test_result_base': None}
[1.482s] Level 5:colcon.colcon_core.verb:set package 'rm_nav_bringup' build argument 'cmake_args' from command line to 'None'
[1.482s] Level 5:colcon.colcon_core.verb:set package 'rm_nav_bringup' build argument 'cmake_target' from command line to 'None'
[1.482s] Level 5:colcon.colcon_core.verb:set package 'rm_nav_bringup' build argument 'cmake_target_skip_unavailable' from command line to 'False'
[1.482s] Level 5:colcon.colcon_core.verb:set package 'rm_nav_bringup' build argument 'cmake_clean_cache' from command line to 'False'
[1.482s] Level 5:colcon.colcon_core.verb:set package 'rm_nav_bringup' build argument 'cmake_clean_first' from command line to 'False'
[1.482s] Level 5:colcon.colcon_core.verb:set package 'rm_nav_bringup' build argument 'cmake_force_configure' from command line to 'False'
[1.482s] Level 5:colcon.colcon_core.verb:set package 'rm_nav_bringup' build argument 'ament_cmake_args' from command line to 'None'
[1.482s] Level 5:colcon.colcon_core.verb:set package 'rm_nav_bringup' build argument 'catkin_cmake_args' from command line to 'None'
[1.482s] Level 5:colcon.colcon_core.verb:set package 'rm_nav_bringup' build argument 'catkin_skip_building_tests' from command line to 'False'
[1.482s] DEBUG:colcon.colcon_core.verb:Building package 'rm_nav_bringup' with the following arguments: {'ament_cmake_args': None, 'build_base': '/home/allen/rm_ws/build/rm_nav_bringup', 'catkin_cmake_args': None, 'catkin_skip_building_tests': False, 'cmake_args': None, 'cmake_clean_cache': False, 'cmake_clean_first': False, 'cmake_force_configure': False, 'cmake_target': None, 'cmake_target_skip_unavailable': False, 'install_base': '/home/allen/rm_ws/install/rm_nav_bringup', 'merge_install': False, 'path': '/home/allen/rm_ws/src/rm_nav_bringup', 'symlink_install': True, 'test_result_base': None}
[1.483s] Level 5:colcon.colcon_core.verb:set package 'rm_navigation' build argument 'cmake_args' from command line to 'None'
[1.483s] Level 5:colcon.colcon_core.verb:set package 'rm_navigation' build argument 'cmake_target' from command line to 'None'
[1.483s] Level 5:colcon.colcon_core.verb:set package 'rm_navigation' build argument 'cmake_target_skip_unavailable' from command line to 'False'
[1.483s] Level 5:colcon.colcon_core.verb:set package 'rm_navigation' build argument 'cmake_clean_cache' from command line to 'False'
[1.483s] Level 5:colcon.colcon_core.verb:set package 'rm_navigation' build argument 'cmake_clean_first' from command line to 'False'
[1.483s] Level 5:colcon.colcon_core.verb:set package 'rm_navigation' build argument 'cmake_force_configure' from command line to 'False'
[1.483s] Level 5:colcon.colcon_core.verb:set package 'rm_navigation' build argument 'ament_cmake_args' from command line to 'None'
[1.483s] Level 5:colcon.colcon_core.verb:set package 'rm_navigation' build argument 'catkin_cmake_args' from command line to 'None'
[1.483s] Level 5:colcon.colcon_core.verb:set package 'rm_navigation' build argument 'catkin_skip_building_tests' from command line to 'False'
[1.484s] DEBUG:colcon.colcon_core.verb:Building package 'rm_navigation' with the following arguments: {'ament_cmake_args': None, 'build_base': '/home/allen/rm_ws/build/rm_navigation', 'catkin_cmake_args': None, 'catkin_skip_building_tests': False, 'cmake_args': None, 'cmake_clean_cache': False, 'cmake_clean_first': False, 'cmake_force_configure': False, 'cmake_target': None, 'cmake_target_skip_unavailable': False, 'install_base': '/home/allen/rm_ws/install/rm_navigation', 'merge_install': False, 'path': '/home/allen/rm_ws/src/rm_navigation/rm_navigation', 'symlink_install': True, 'test_result_base': None}
[1.484s] Level 5:colcon.colcon_core.verb:set package 'rmbot2' build argument 'cmake_args' from command line to 'None'
[1.484s] Level 5:colcon.colcon_core.verb:set package 'rmbot2' build argument 'cmake_target' from command line to 'None'
[1.484s] Level 5:colcon.colcon_core.verb:set package 'rmbot2' build argument 'cmake_target_skip_unavailable' from command line to 'False'
[1.484s] Level 5:colcon.colcon_core.verb:set package 'rmbot2' build argument 'cmake_clean_cache' from command line to 'False'
[1.484s] Level 5:colcon.colcon_core.verb:set package 'rmbot2' build argument 'cmake_clean_first' from command line to 'False'
[1.485s] Level 5:colcon.colcon_core.verb:set package 'rmbot2' build argument 'cmake_force_configure' from command line to 'False'
[1.485s] Level 5:colcon.colcon_core.verb:set package 'rmbot2' build argument 'ament_cmake_args' from command line to 'None'
[1.485s] Level 5:colcon.colcon_core.verb:set package 'rmbot2' build argument 'catkin_cmake_args' from command line to 'None'
[1.485s] Level 5:colcon.colcon_core.verb:set package 'rmbot2' build argument 'catkin_skip_building_tests' from command line to 'False'
[1.485s] DEBUG:colcon.colcon_core.verb:Building package 'rmbot2' with the following arguments: {'ament_cmake_args': None, 'build_base': '/home/allen/rm_ws/build/rmbot2', 'catkin_cmake_args': None, 'catkin_skip_building_tests': False, 'cmake_args': None, 'cmake_clean_cache': False, 'cmake_clean_first': False, 'cmake_force_configure': False, 'cmake_target': None, 'cmake_target_skip_unavailable': False, 'install_base': '/home/allen/rm_ws/install/rmbot2', 'merge_install': False, 'path': '/home/allen/rm_ws/src/rmbot2', 'symlink_install': True, 'test_result_base': None}
[1.485s] Level 5:colcon.colcon_core.verb:set package 'costmap_converter' build argument 'cmake_args' from command line to 'None'
[1.485s] Level 5:colcon.colcon_core.verb:set package 'costmap_converter' build argument 'cmake_target' from command line to 'None'
[1.485s] Level 5:colcon.colcon_core.verb:set package 'costmap_converter' build argument 'cmake_target_skip_unavailable' from command line to 'False'
[1.485s] Level 5:colcon.colcon_core.verb:set package 'costmap_converter' build argument 'cmake_clean_cache' from command line to 'False'
[1.485s] Level 5:colcon.colcon_core.verb:set package 'costmap_converter' build argument 'cmake_clean_first' from command line to 'False'
[1.485s] Level 5:colcon.colcon_core.verb:set package 'costmap_converter' build argument 'cmake_force_configure' from command line to 'False'
[1.486s] Level 5:colcon.colcon_core.verb:set package 'costmap_converter' build argument 'ament_cmake_args' from command line to 'None'
[1.486s] Level 5:colcon.colcon_core.verb:set package 'costmap_converter' build argument 'catkin_cmake_args' from command line to 'None'
[1.486s] Level 5:colcon.colcon_core.verb:set package 'costmap_converter' build argument 'catkin_skip_building_tests' from command line to 'False'
[1.486s] DEBUG:colcon.colcon_core.verb:Building package 'costmap_converter' with the following arguments: {'ament_cmake_args': None, 'build_base': '/home/allen/rm_ws/build/costmap_converter', 'catkin_cmake_args': None, 'catkin_skip_building_tests': False, 'cmake_args': None, 'cmake_clean_cache': False, 'cmake_clean_first': False, 'cmake_force_configure': False, 'cmake_target': None, 'cmake_target_skip_unavailable': False, 'install_base': '/home/allen/rm_ws/install/costmap_converter', 'merge_install': False, 'path': '/home/allen/rm_ws/src/rm_navigation/costmap_converter/costmap_converter', 'symlink_install': True, 'test_result_base': None}
[1.486s] Level 5:colcon.colcon_core.verb:set package 'fast_lio' build argument 'cmake_args' from command line to 'None'
[1.486s] Level 5:colcon.colcon_core.verb:set package 'fast_lio' build argument 'cmake_target' from command line to 'None'
[1.486s] Level 5:colcon.colcon_core.verb:set package 'fast_lio' build argument 'cmake_target_skip_unavailable' from command line to 'False'
[1.486s] Level 5:colcon.colcon_core.verb:set package 'fast_lio' build argument 'cmake_clean_cache' from command line to 'False'
[1.486s] Level 5:colcon.colcon_core.verb:set package 'fast_lio' build argument 'cmake_clean_first' from command line to 'False'
[1.486s] Level 5:colcon.colcon_core.verb:set package 'fast_lio' build argument 'cmake_force_configure' from command line to 'False'
[1.486s] Level 5:colcon.colcon_core.verb:set package 'fast_lio' build argument 'ament_cmake_args' from command line to 'None'
[1.487s] Level 5:colcon.colcon_core.verb:set package 'fast_lio' build argument 'catkin_cmake_args' from command line to 'None'
[1.487s] Level 5:colcon.colcon_core.verb:set package 'fast_lio' build argument 'catkin_skip_building_tests' from command line to 'False'
[1.487s] DEBUG:colcon.colcon_core.verb:Building package 'fast_lio' with the following arguments: {'ament_cmake_args': None, 'build_base': '/home/allen/rm_ws/build/fast_lio', 'catkin_cmake_args': None, 'catkin_skip_building_tests': False, 'cmake_args': None, 'cmake_clean_cache': False, 'cmake_clean_first': False, 'cmake_force_configure': False, 'cmake_target': None, 'cmake_target_skip_unavailable': False, 'install_base': '/home/allen/rm_ws/install/fast_lio', 'merge_install': False, 'path': '/home/allen/rm_ws/src/rm_localization/FAST_LIO', 'symlink_install': True, 'test_result_base': None}
[1.487s] Level 5:colcon.colcon_core.verb:set package 'icp_registration' build argument 'cmake_args' from command line to 'None'
[1.487s] Level 5:colcon.colcon_core.verb:set package 'icp_registration' build argument 'cmake_target' from command line to 'None'
[1.487s] Level 5:colcon.colcon_core.verb:set package 'icp_registration' build argument 'cmake_target_skip_unavailable' from command line to 'False'
[1.487s] Level 5:colcon.colcon_core.verb:set package 'icp_registration' build argument 'cmake_clean_cache' from command line to 'False'
[1.487s] Level 5:colcon.colcon_core.verb:set package 'icp_registration' build argument 'cmake_clean_first' from command line to 'False'
[1.487s] Level 5:colcon.colcon_core.verb:set package 'icp_registration' build argument 'cmake_force_configure' from command line to 'False'
[1.487s] Level 5:colcon.colcon_core.verb:set package 'icp_registration' build argument 'ament_cmake_args' from command line to 'None'
[1.487s] Level 5:colcon.colcon_core.verb:set package 'icp_registration' build argument 'catkin_cmake_args' from command line to 'None'
[1.487s] Level 5:colcon.colcon_core.verb:set package 'icp_registration' build argument 'catkin_skip_building_tests' from command line to 'False'
[1.488s] DEBUG:colcon.colcon_core.verb:Building package 'icp_registration' with the following arguments: {'ament_cmake_args': None, 'build_base': '/home/allen/rm_ws/build/icp_registration', 'catkin_cmake_args': None, 'catkin_skip_building_tests': False, 'cmake_args': None, 'cmake_clean_cache': False, 'cmake_clean_first': False, 'cmake_force_configure': False, 'cmake_target': None, 'cmake_target_skip_unavailable': False, 'install_base': '/home/allen/rm_ws/install/icp_registration', 'merge_install': False, 'path': '/home/allen/rm_ws/src/rm_localization/icp_registration', 'symlink_install': True, 'test_result_base': None}
[1.488s] Level 5:colcon.colcon_core.verb:set package 'linefit_ground_segmentation_ros' build argument 'cmake_args' from command line to 'None'
[1.488s] Level 5:colcon.colcon_core.verb:set package 'linefit_ground_segmentation_ros' build argument 'cmake_target' from command line to 'None'
[1.488s] Level 5:colcon.colcon_core.verb:set package 'linefit_ground_segmentation_ros' build argument 'cmake_target_skip_unavailable' from command line to 'False'
[1.488s] Level 5:colcon.colcon_core.verb:set package 'linefit_ground_segmentation_ros' build argument 'cmake_clean_cache' from command line to 'False'
[1.488s] Level 5:colcon.colcon_core.verb:set package 'linefit_ground_segmentation_ros' build argument 'cmake_clean_first' from command line to 'False'
[1.488s] Level 5:colcon.colcon_core.verb:set package 'linefit_ground_segmentation_ros' build argument 'cmake_force_configure' from command line to 'False'
[1.488s] Level 5:colcon.colcon_core.verb:set package 'linefit_ground_segmentation_ros' build argument 'ament_cmake_args' from command line to 'None'
[1.488s] Level 5:colcon.colcon_core.verb:set package 'linefit_ground_segmentation_ros' build argument 'catkin_cmake_args' from command line to 'None'
[1.488s] Level 5:colcon.colcon_core.verb:set package 'linefit_ground_segmentation_ros' build argument 'catkin_skip_building_tests' from command line to 'False'
[1.488s] DEBUG:colcon.colcon_core.verb:Building package 'linefit_ground_segmentation_ros' with the following arguments: {'ament_cmake_args': None, 'build_base': '/home/allen/rm_ws/build/linefit_ground_segmentation_ros', 'catkin_cmake_args': None, 'catkin_skip_building_tests': False, 'cmake_args': None, 'cmake_clean_cache': False, 'cmake_clean_first': False, 'cmake_force_configure': False, 'cmake_target': None, 'cmake_target_skip_unavailable': False, 'install_base': '/home/allen/rm_ws/install/linefit_ground_segmentation_ros', 'merge_install': False, 'path': '/home/allen/rm_ws/src/rm_perception/linefit_ground_segementation_ros2/linefit_ground_segmentation_ros', 'symlink_install': True, 'test_result_base': None}
[1.489s] Level 5:colcon.colcon_core.verb:set package 'point_lio' build argument 'cmake_args' from command line to 'None'
[1.489s] Level 5:colcon.colcon_core.verb:set package 'point_lio' build argument 'cmake_target' from command line to 'None'
[1.489s] Level 5:colcon.colcon_core.verb:set package 'point_lio' build argument 'cmake_target_skip_unavailable' from command line to 'False'
[1.489s] Level 5:colcon.colcon_core.verb:set package 'point_lio' build argument 'cmake_clean_cache' from command line to 'False'
[1.489s] Level 5:colcon.colcon_core.verb:set package 'point_lio' build argument 'cmake_clean_first' from command line to 'False'
[1.489s] Level 5:colcon.colcon_core.verb:set package 'point_lio' build argument 'cmake_force_configure' from command line to 'False'
[1.490s] Level 5:colcon.colcon_core.verb:set package 'point_lio' build argument 'ament_cmake_args' from command line to 'None'
[1.490s] Level 5:colcon.colcon_core.verb:set package 'point_lio' build argument 'catkin_cmake_args' from command line to 'None'
[1.490s] Level 5:colcon.colcon_core.verb:set package 'point_lio' build argument 'catkin_skip_building_tests' from command line to 'False'
[1.490s] DEBUG:colcon.colcon_core.verb:Building package 'point_lio' with the following arguments: {'ament_cmake_args': None, 'build_base': '/home/allen/rm_ws/build/point_lio', 'catkin_cmake_args': None, 'catkin_skip_building_tests': False, 'cmake_args': None, 'cmake_clean_cache': False, 'cmake_clean_first': False, 'cmake_force_configure': False, 'cmake_target': None, 'cmake_target_skip_unavailable': False, 'install_base': '/home/allen/rm_ws/install/point_lio', 'merge_install': False, 'path': '/home/allen/rm_ws/src/rm_localization/point_lio', 'symlink_install': True, 'test_result_base': None}
[1.492s] Level 5:colcon.colcon_core.verb:set package 'ros2_livox_simulation' build argument 'cmake_args' from command line to 'None'
[1.492s] Level 5:colcon.colcon_core.verb:set package 'ros2_livox_simulation' build argument 'cmake_target' from command line to 'None'
[1.492s] Level 5:colcon.colcon_core.verb:set package 'ros2_livox_simulation' build argument 'cmake_target_skip_unavailable' from command line to 'False'
[1.492s] Level 5:colcon.colcon_core.verb:set package 'ros2_livox_simulation' build argument 'cmake_clean_cache' from command line to 'False'
[1.492s] Level 5:colcon.colcon_core.verb:set package 'ros2_livox_simulation' build argument 'cmake_clean_first' from command line to 'False'
[1.492s] Level 5:colcon.colcon_core.verb:set package 'ros2_livox_simulation' build argument 'cmake_force_configure' from command line to 'False'
[1.493s] Level 5:colcon.colcon_core.verb:set package 'ros2_livox_simulation' build argument 'ament_cmake_args' from command line to 'None'
[1.493s] Level 5:colcon.colcon_core.verb:set package 'ros2_livox_simulation' build argument 'catkin_cmake_args' from command line to 'None'
[1.493s] Level 5:colcon.colcon_core.verb:set package 'ros2_livox_simulation' build argument 'catkin_skip_building_tests' from command line to 'False'
[1.493s] DEBUG:colcon.colcon_core.verb:Building package 'ros2_livox_simulation' with the following arguments: {'ament_cmake_args': None, 'build_base': '/home/allen/rm_ws/build/ros2_livox_simulation', 'catkin_cmake_args': None, 'catkin_skip_building_tests': False, 'cmake_args': None, 'cmake_clean_cache': False, 'cmake_clean_first': False, 'cmake_force_configure': False, 'cmake_target': None, 'cmake_target_skip_unavailable': False, 'install_base': '/home/allen/rm_ws/install/ros2_livox_simulation', 'merge_install': False, 'path': '/home/allen/rm_ws/src/livox_laser_simulation_RO2', 'symlink_install': True, 'test_result_base': None}
[1.494s] Level 5:colcon.colcon_core.verb:set package 'teb_msgs' build argument 'cmake_args' from command line to 'None'
[1.494s] Level 5:colcon.colcon_core.verb:set package 'teb_msgs' build argument 'cmake_target' from command line to 'None'
[1.494s] Level 5:colcon.colcon_core.verb:set package 'teb_msgs' build argument 'cmake_target_skip_unavailable' from command line to 'False'
[1.494s] Level 5:colcon.colcon_core.verb:set package 'teb_msgs' build argument 'cmake_clean_cache' from command line to 'False'
[1.494s] Level 5:colcon.colcon_core.verb:set package 'teb_msgs' build argument 'cmake_clean_first' from command line to 'False'
[1.495s] Level 5:colcon.colcon_core.verb:set package 'teb_msgs' build argument 'cmake_force_configure' from command line to 'False'
[1.495s] Level 5:colcon.colcon_core.verb:set package 'teb_msgs' build argument 'ament_cmake_args' from command line to 'None'
[1.495s] Level 5:colcon.colcon_core.verb:set package 'teb_msgs' build argument 'catkin_cmake_args' from command line to 'None'
[1.495s] Level 5:colcon.colcon_core.verb:set package 'teb_msgs' build argument 'catkin_skip_building_tests' from command line to 'False'
[1.495s] DEBUG:colcon.colcon_core.verb:Building package 'teb_msgs' with the following arguments: {'ament_cmake_args': None, 'build_base': '/home/allen/rm_ws/build/teb_msgs', 'catkin_cmake_args': None, 'catkin_skip_building_tests': False, 'cmake_args': None, 'cmake_clean_cache': False, 'cmake_clean_first': False, 'cmake_force_configure': False, 'cmake_target': None, 'cmake_target_skip_unavailable': False, 'install_base': '/home/allen/rm_ws/install/teb_msgs', 'merge_install': False, 'path': '/home/allen/rm_ws/src/rm_navigation/teb_local_planner/teb_msgs', 'symlink_install': True, 'test_result_base': None}
[1.496s] Level 5:colcon.colcon_core.verb:set package 'teb_local_planner' build argument 'cmake_args' from command line to 'None'
[1.496s] Level 5:colcon.colcon_core.verb:set package 'teb_local_planner' build argument 'cmake_target' from command line to 'None'
[1.496s] Level 5:colcon.colcon_core.verb:set package 'teb_local_planner' build argument 'cmake_target_skip_unavailable' from command line to 'False'
[1.496s] Level 5:colcon.colcon_core.verb:set package 'teb_local_planner' build argument 'cmake_clean_cache' from command line to 'False'
[1.496s] Level 5:colcon.colcon_core.verb:set package 'teb_local_planner' build argument 'cmake_clean_first' from command line to 'False'
[1.496s] Level 5:colcon.colcon_core.verb:set package 'teb_local_planner' build argument 'cmake_force_configure' from command line to 'False'
[1.496s] Level 5:colcon.colcon_core.verb:set package 'teb_local_planner' build argument 'ament_cmake_args' from command line to 'None'
[1.496s] Level 5:colcon.colcon_core.verb:set package 'teb_local_planner' build argument 'catkin_cmake_args' from command line to 'None'
[1.496s] Level 5:colcon.colcon_core.verb:set package 'teb_local_planner' build argument 'catkin_skip_building_tests' from command line to 'False'
[1.496s] DEBUG:colcon.colcon_core.verb:Building package 'teb_local_planner' with the following arguments: {'ament_cmake_args': None, 'build_base': '/home/allen/rm_ws/build/teb_local_planner', 'catkin_cmake_args': None, 'catkin_skip_building_tests': False, 'cmake_args': None, 'cmake_clean_cache': False, 'cmake_clean_first': False, 'cmake_force_configure': False, 'cmake_target': None, 'cmake_target_skip_unavailable': False, 'install_base': '/home/allen/rm_ws/install/teb_local_planner', 'merge_install': False, 'path': '/home/allen/rm_ws/src/rm_navigation/teb_local_planner/teb_local_planner', 'symlink_install': True, 'test_result_base': None}
[1.497s] INFO:colcon.colcon_core.executor:Executing jobs using 'parallel' executor
[1.500s] DEBUG:colcon.colcon_parallel_executor.executor.parallel:run_until_complete
[1.501s] INFO:colcon.colcon_ros.task.ament_cmake.build:Building ROS package in '/home/allen/rm_ws/src/livox_ros_driver2/src' with build type 'ament_cmake'
[1.502s] INFO:colcon.colcon_cmake.task.cmake.build:Building CMake package in '/home/allen/rm_ws/src/livox_ros_driver2/src'
[1.509s] INFO:colcon.colcon_core.plugin_system:Skipping extension 'colcon_core.shell.bat': Not used on non-Windows systems
[1.510s] INFO:colcon.colcon_core.shell:Skip shell extension 'powershell' for command environment: Not usable outside of PowerShell
[1.512s] DEBUG:colcon.colcon_core.shell:Skip shell extension 'dsv' for command environment
[1.542s] INFO:colcon.colcon_ros.task.ament_cmake.build:Building ROS package in '/home/allen/rm_ws/src/rm_navigation/costmap_converter/costmap_converter_msgs' with build type 'ament_cmake'
[1.542s] INFO:colcon.colcon_cmake.task.cmake.build:Building CMake package in '/home/allen/rm_ws/src/rm_navigation/costmap_converter/costmap_converter_msgs'
[1.543s] INFO:colcon.colcon_core.shell:Skip shell extension 'powershell' for command environment: Not usable outside of PowerShell
[1.543s] DEBUG:colcon.colcon_core.shell:Skip shell extension 'dsv' for command environment
[1.604s] DEBUG:colcon.colcon_core.event_handler.log_command:Invoking command in '/home/allen/rm_ws/build/livox_ros_driver2': CMAKE_PREFIX_PATH=/home/allen/Robomaster/rm_ws/install/teb_local_planner:/home/allen/Robomaster/rm_ws/install/teb_msgs:/home/allen/Robomaster/rm_ws/install/ros2_livox_simulation:/home/allen/Robomaster/rm_ws/install/rmbot2:/home/allen/Robomaster/rm_ws/install/rm_navigation:/home/allen/Robomaster/rm_ws/install/rm_nav_bringup:/home/allen/Robomaster/rm_ws/install/pointcloud_to_laserscan:/home/allen/Robomaster/rm_ws/install/point_lio:/home/allen/Robomaster/rm_ws/install/icp_registration:/home/allen/Robomaster/rm_ws/install/fast_lio:/home/allen/Robomaster/rm_ws/install/livox_ros_driver2:/home/allen/Robomaster/rm_ws/install/linefit_ground_segmentation_ros:/home/allen/Robomaster/rm_ws/install/linefit_ground_segmentation:/home/allen/Robomaster/rm_ws/install/imu_complementary_filter:/home/allen/Robomaster/rm_ws/install/fake_vel_transform:/home/allen/Robomaster/rm_ws/install/costmap_converter:/home/allen/Robomaster/rm_ws/install/costmap_converter_msgs:/home/allen/capstone/description_ws/install/ur_yt_sim:/home/allen/capstone/description_ws/install/ur10e_description:/home/allen/capstone/description_ws/install/kuka_agilus_support:/home/allen/capstone/description_ws/install/kuka_resources:/opt/ros/humble:/home/allen/capstone/description_ws/install/kuka_kr3_description /usr/bin/cmake /home/allen/rm_ws/src/livox_ros_driver2/src -DAMENT_CMAKE_SYMLINK_INSTALL=1 -DCMAKE_INSTALL_PREFIX=/home/allen/rm_ws/install/livox_ros_driver2
[1.629s] DEBUG:colcon.colcon_core.event_handler.log_command:Invoking command in '/home/allen/rm_ws/build/costmap_converter_msgs': CMAKE_PREFIX_PATH=/home/allen/Robomaster/rm_ws/install/teb_local_planner:/home/allen/Robomaster/rm_ws/install/teb_msgs:/home/allen/Robomaster/rm_ws/install/ros2_livox_simulation:/home/allen/Robomaster/rm_ws/install/rmbot2:/home/allen/Robomaster/rm_ws/install/rm_navigation:/home/allen/Robomaster/rm_ws/install/rm_nav_bringup:/home/allen/Robomaster/rm_ws/install/pointcloud_to_laserscan:/home/allen/Robomaster/rm_ws/install/point_lio:/home/allen/Robomaster/rm_ws/install/icp_registration:/home/allen/Robomaster/rm_ws/install/fast_lio:/home/allen/Robomaster/rm_ws/install/livox_ros_driver2:/home/allen/Robomaster/rm_ws/install/linefit_ground_segmentation_ros:/home/allen/Robomaster/rm_ws/install/linefit_ground_segmentation:/home/allen/Robomaster/rm_ws/install/imu_complementary_filter:/home/allen/Robomaster/rm_ws/install/fake_vel_transform:/home/allen/Robomaster/rm_ws/install/costmap_converter:/home/allen/Robomaster/rm_ws/install/costmap_converter_msgs:/home/allen/capstone/description_ws/install/ur_yt_sim:/home/allen/capstone/description_ws/install/ur10e_description:/home/allen/capstone/description_ws/install/kuka_agilus_support:/home/allen/capstone/description_ws/install/kuka_resources:/opt/ros/humble:/home/allen/capstone/description_ws/install/kuka_kr3_description /usr/bin/cmake /home/allen/rm_ws/src/rm_navigation/costmap_converter/costmap_converter_msgs -DAMENT_CMAKE_SYMLINK_INSTALL=1 -DCMAKE_INSTALL_PREFIX=/home/allen/rm_ws/install/costmap_converter_msgs
[13.294s] DEBUG:colcon.colcon_core.event_handler.log_command:Invoked command in '/home/allen/rm_ws/build/costmap_converter_msgs' returned '0': CMAKE_PREFIX_PATH=/home/allen/Robomaster/rm_ws/install/teb_local_planner:/home/allen/Robomaster/rm_ws/install/teb_msgs:/home/allen/Robomaster/rm_ws/install/ros2_livox_simulation:/home/allen/Robomaster/rm_ws/install/rmbot2:/home/allen/Robomaster/rm_ws/install/rm_navigation:/home/allen/Robomaster/rm_ws/install/rm_nav_bringup:/home/allen/Robomaster/rm_ws/install/pointcloud_to_laserscan:/home/allen/Robomaster/rm_ws/install/point_lio:/home/allen/Robomaster/rm_ws/install/icp_registration:/home/allen/Robomaster/rm_ws/install/fast_lio:/home/allen/Robomaster/rm_ws/install/livox_ros_driver2:/home/allen/Robomaster/rm_ws/install/linefit_ground_segmentation_ros:/home/allen/Robomaster/rm_ws/install/linefit_ground_segmentation:/home/allen/Robomaster/rm_ws/install/imu_complementary_filter:/home/allen/Robomaster/rm_ws/install/fake_vel_transform:/home/allen/Robomaster/rm_ws/install/costmap_converter:/home/allen/Robomaster/rm_ws/install/costmap_converter_msgs:/home/allen/capstone/description_ws/install/ur_yt_sim:/home/allen/capstone/description_ws/install/ur10e_description:/home/allen/capstone/description_ws/install/kuka_agilus_support:/home/allen/capstone/description_ws/install/kuka_resources:/opt/ros/humble:/home/allen/capstone/description_ws/install/kuka_kr3_description /usr/bin/cmake /home/allen/rm_ws/src/rm_navigation/costmap_converter/costmap_converter_msgs -DAMENT_CMAKE_SYMLINK_INSTALL=1 -DCMAKE_INSTALL_PREFIX=/home/allen/rm_ws/install/costmap_converter_msgs
[13.295s] DEBUG:colcon.colcon_core.event_handler.log_command:Invoking command in '/home/allen/rm_ws/build/costmap_converter_msgs': CMAKE_PREFIX_PATH=/home/allen/Robomaster/rm_ws/install/teb_local_planner:/home/allen/Robomaster/rm_ws/install/teb_msgs:/home/allen/Robomaster/rm_ws/install/ros2_livox_simulation:/home/allen/Robomaster/rm_ws/install/rmbot2:/home/allen/Robomaster/rm_ws/install/rm_navigation:/home/allen/Robomaster/rm_ws/install/rm_nav_bringup:/home/allen/Robomaster/rm_ws/install/pointcloud_to_laserscan:/home/allen/Robomaster/rm_ws/install/point_lio:/home/allen/Robomaster/rm_ws/install/icp_registration:/home/allen/Robomaster/rm_ws/install/fast_lio:/home/allen/Robomaster/rm_ws/install/livox_ros_driver2:/home/allen/Robomaster/rm_ws/install/linefit_ground_segmentation_ros:/home/allen/Robomaster/rm_ws/install/linefit_ground_segmentation:/home/allen/Robomaster/rm_ws/install/imu_complementary_filter:/home/allen/Robomaster/rm_ws/install/fake_vel_transform:/home/allen/Robomaster/rm_ws/install/costmap_converter:/home/allen/Robomaster/rm_ws/install/costmap_converter_msgs:/home/allen/capstone/description_ws/install/ur_yt_sim:/home/allen/capstone/description_ws/install/ur10e_description:/home/allen/capstone/description_ws/install/kuka_agilus_support:/home/allen/capstone/description_ws/install/kuka_resources:/opt/ros/humble:/home/allen/capstone/description_ws/install/kuka_kr3_description /usr/bin/cmake --build /home/allen/rm_ws/build/costmap_converter_msgs -- -j2 -l2
[32.343s] DEBUG:colcon.colcon_core.event_handler.log_command:Invoked command in '/home/allen/rm_ws/build/livox_ros_driver2' returned '0': CMAKE_PREFIX_PATH=/home/allen/Robomaster/rm_ws/install/teb_local_planner:/home/allen/Robomaster/rm_ws/install/teb_msgs:/home/allen/Robomaster/rm_ws/install/ros2_livox_simulation:/home/allen/Robomaster/rm_ws/install/rmbot2:/home/allen/Robomaster/rm_ws/install/rm_navigation:/home/allen/Robomaster/rm_ws/install/rm_nav_bringup:/home/allen/Robomaster/rm_ws/install/pointcloud_to_laserscan:/home/allen/Robomaster/rm_ws/install/point_lio:/home/allen/Robomaster/rm_ws/install/icp_registration:/home/allen/Robomaster/rm_ws/install/fast_lio:/home/allen/Robomaster/rm_ws/install/livox_ros_driver2:/home/allen/Robomaster/rm_ws/install/linefit_ground_segmentation_ros:/home/allen/Robomaster/rm_ws/install/linefit_ground_segmentation:/home/allen/Robomaster/rm_ws/install/imu_complementary_filter:/home/allen/Robomaster/rm_ws/install/fake_vel_transform:/home/allen/Robomaster/rm_ws/install/costmap_converter:/home/allen/Robomaster/rm_ws/install/costmap_converter_msgs:/home/allen/capstone/description_ws/install/ur_yt_sim:/home/allen/capstone/description_ws/install/ur10e_description:/home/allen/capstone/description_ws/install/kuka_agilus_support:/home/allen/capstone/description_ws/install/kuka_resources:/opt/ros/humble:/home/allen/capstone/description_ws/install/kuka_kr3_description /usr/bin/cmake /home/allen/rm_ws/src/livox_ros_driver2/src -DAMENT_CMAKE_SYMLINK_INSTALL=1 -DCMAKE_INSTALL_PREFIX=/home/allen/rm_ws/install/livox_ros_driver2
[32.349s] DEBUG:colcon.colcon_core.event_handler.log_command:Invoking command in '/home/allen/rm_ws/build/livox_ros_driver2': CMAKE_PREFIX_PATH=/home/allen/Robomaster/rm_ws/install/teb_local_planner:/home/allen/Robomaster/rm_ws/install/teb_msgs:/home/allen/Robomaster/rm_ws/install/ros2_livox_simulation:/home/allen/Robomaster/rm_ws/install/rmbot2:/home/allen/Robomaster/rm_ws/install/rm_navigation:/home/allen/Robomaster/rm_ws/install/rm_nav_bringup:/home/allen/Robomaster/rm_ws/install/pointcloud_to_laserscan:/home/allen/Robomaster/rm_ws/install/point_lio:/home/allen/Robomaster/rm_ws/install/icp_registration:/home/allen/Robomaster/rm_ws/install/fast_lio:/home/allen/Robomaster/rm_ws/install/livox_ros_driver2:/home/allen/Robomaster/rm_ws/install/linefit_ground_segmentation_ros:/home/allen/Robomaster/rm_ws/install/linefit_ground_segmentation:/home/allen/Robomaster/rm_ws/install/imu_complementary_filter:/home/allen/Robomaster/rm_ws/install/fake_vel_transform:/home/allen/Robomaster/rm_ws/install/costmap_converter:/home/allen/Robomaster/rm_ws/install/costmap_converter_msgs:/home/allen/capstone/description_ws/install/ur_yt_sim:/home/allen/capstone/description_ws/install/ur10e_description:/home/allen/capstone/description_ws/install/kuka_agilus_support:/home/allen/capstone/description_ws/install/kuka_resources:/opt/ros/humble:/home/allen/capstone/description_ws/install/kuka_kr3_description /usr/bin/cmake --build /home/allen/rm_ws/build/livox_ros_driver2 -- -j2 -l2
[57.927s] DEBUG:colcon.colcon_core.event_handler.log_command:Invoked command in '/home/allen/rm_ws/build/costmap_converter_msgs' returned '0': CMAKE_PREFIX_PATH=/home/allen/Robomaster/rm_ws/install/teb_local_planner:/home/allen/Robomaster/rm_ws/install/teb_msgs:/home/allen/Robomaster/rm_ws/install/ros2_livox_simulation:/home/allen/Robomaster/rm_ws/install/rmbot2:/home/allen/Robomaster/rm_ws/install/rm_navigation:/home/allen/Robomaster/rm_ws/install/rm_nav_bringup:/home/allen/Robomaster/rm_ws/install/pointcloud_to_laserscan:/home/allen/Robomaster/rm_ws/install/point_lio:/home/allen/Robomaster/rm_ws/install/icp_registration:/home/allen/Robomaster/rm_ws/install/fast_lio:/home/allen/Robomaster/rm_ws/install/livox_ros_driver2:/home/allen/Robomaster/rm_ws/install/linefit_ground_segmentation_ros:/home/allen/Robomaster/rm_ws/install/linefit_ground_segmentation:/home/allen/Robomaster/rm_ws/install/imu_complementary_filter:/home/allen/Robomaster/rm_ws/install/fake_vel_transform:/home/allen/Robomaster/rm_ws/install/costmap_converter:/home/allen/Robomaster/rm_ws/install/costmap_converter_msgs:/home/allen/capstone/description_ws/install/ur_yt_sim:/home/allen/capstone/description_ws/install/ur10e_description:/home/allen/capstone/description_ws/install/kuka_agilus_support:/home/allen/capstone/description_ws/install/kuka_resources:/opt/ros/humble:/home/allen/capstone/description_ws/install/kuka_kr3_description /usr/bin/cmake --build /home/allen/rm_ws/build/costmap_converter_msgs -- -j2 -l2
[58.011s] DEBUG:colcon.colcon_core.event_handler.log_command:Invoking command in '/home/allen/rm_ws/build/costmap_converter_msgs': CMAKE_PREFIX_PATH=/home/allen/Robomaster/rm_ws/install/teb_local_planner:/home/allen/Robomaster/rm_ws/install/teb_msgs:/home/allen/Robomaster/rm_ws/install/ros2_livox_simulation:/home/allen/Robomaster/rm_ws/install/rmbot2:/home/allen/Robomaster/rm_ws/install/rm_navigation:/home/allen/Robomaster/rm_ws/install/rm_nav_bringup:/home/allen/Robomaster/rm_ws/install/pointcloud_to_laserscan:/home/allen/Robomaster/rm_ws/install/point_lio:/home/allen/Robomaster/rm_ws/install/icp_registration:/home/allen/Robomaster/rm_ws/install/fast_lio:/home/allen/Robomaster/rm_ws/install/livox_ros_driver2:/home/allen/Robomaster/rm_ws/install/linefit_ground_segmentation_ros:/home/allen/Robomaster/rm_ws/install/linefit_ground_segmentation:/home/allen/Robomaster/rm_ws/install/imu_complementary_filter:/home/allen/Robomaster/rm_ws/install/fake_vel_transform:/home/allen/Robomaster/rm_ws/install/costmap_converter:/home/allen/Robomaster/rm_ws/install/costmap_converter_msgs:/home/allen/capstone/description_ws/install/ur_yt_sim:/home/allen/capstone/description_ws/install/ur10e_description:/home/allen/capstone/description_ws/install/kuka_agilus_support:/home/allen/capstone/description_ws/install/kuka_resources:/opt/ros/humble:/home/allen/capstone/description_ws/install/kuka_kr3_description /usr/bin/cmake --install /home/allen/rm_ws/build/costmap_converter_msgs
[65.714s] Level 1:colcon.colcon_core.environment:create_environment_scripts_only(costmap_converter_msgs)
[65.717s] DEBUG:colcon.colcon_core.event_handler.log_command:Invoked command in '/home/allen/rm_ws/build/costmap_converter_msgs' returned '0': CMAKE_PREFIX_PATH=/home/allen/Robomaster/rm_ws/install/teb_local_planner:/home/allen/Robomaster/rm_ws/install/teb_msgs:/home/allen/Robomaster/rm_ws/install/ros2_livox_simulation:/home/allen/Robomaster/rm_ws/install/rmbot2:/home/allen/Robomaster/rm_ws/install/rm_navigation:/home/allen/Robomaster/rm_ws/install/rm_nav_bringup:/home/allen/Robomaster/rm_ws/install/pointcloud_to_laserscan:/home/allen/Robomaster/rm_ws/install/point_lio:/home/allen/Robomaster/rm_ws/install/icp_registration:/home/allen/Robomaster/rm_ws/install/fast_lio:/home/allen/Robomaster/rm_ws/install/livox_ros_driver2:/home/allen/Robomaster/rm_ws/install/linefit_ground_segmentation_ros:/home/allen/Robomaster/rm_ws/install/linefit_ground_segmentation:/home/allen/Robomaster/rm_ws/install/imu_complementary_filter:/home/allen/Robomaster/rm_ws/install/fake_vel_transform:/home/allen/Robomaster/rm_ws/install/costmap_converter:/home/allen/Robomaster/rm_ws/install/costmap_converter_msgs:/home/allen/capstone/description_ws/install/ur_yt_sim:/home/allen/capstone/description_ws/install/ur10e_description:/home/allen/capstone/description_ws/install/kuka_agilus_support:/home/allen/capstone/description_ws/install/kuka_resources:/opt/ros/humble:/home/allen/capstone/description_ws/install/kuka_kr3_description /usr/bin/cmake --install /home/allen/rm_ws/build/costmap_converter_msgs
[65.721s] Level 1:colcon.colcon_core.environment:checking '/home/allen/rm_ws/install/costmap_converter_msgs' for CMake module files
[65.723s] Level 1:colcon.colcon_core.environment:checking '/home/allen/rm_ws/install/costmap_converter_msgs' for CMake config files
[65.724s] Level 1:colcon.colcon_core.shell:create_environment_hook('costmap_converter_msgs', 'cmake_prefix_path')
[65.725s] INFO:colcon.colcon_core.shell:Creating environment hook '/home/allen/rm_ws/install/costmap_converter_msgs/share/costmap_converter_msgs/hook/cmake_prefix_path.ps1'
[65.727s] INFO:colcon.colcon_core.shell:Creating environment descriptor '/home/allen/rm_ws/install/costmap_converter_msgs/share/costmap_converter_msgs/hook/cmake_prefix_path.dsv'
[65.728s] INFO:colcon.colcon_core.shell:Creating environment hook '/home/allen/rm_ws/install/costmap_converter_msgs/share/costmap_converter_msgs/hook/cmake_prefix_path.sh'
[65.730s] Level 1:colcon.colcon_core.environment:checking '/home/allen/rm_ws/install/costmap_converter_msgs/lib'
[65.731s] Level 1:colcon.colcon_core.shell:create_environment_hook('costmap_converter_msgs', 'ld_library_path_lib')
[65.732s] INFO:colcon.colcon_core.shell:Creating environment hook '/home/allen/rm_ws/install/costmap_converter_msgs/share/costmap_converter_msgs/hook/ld_library_path_lib.ps1'
[65.733s] INFO:colcon.colcon_core.shell:Creating environment descriptor '/home/allen/rm_ws/install/costmap_converter_msgs/share/costmap_converter_msgs/hook/ld_library_path_lib.dsv'
[65.733s] INFO:colcon.colcon_core.shell:Creating environment hook '/home/allen/rm_ws/install/costmap_converter_msgs/share/costmap_converter_msgs/hook/ld_library_path_lib.sh'
[65.735s] Level 1:colcon.colcon_core.environment:checking '/home/allen/rm_ws/install/costmap_converter_msgs/bin'
[65.735s] Level 1:colcon.colcon_core.environment:checking '/home/allen/rm_ws/install/costmap_converter_msgs/lib/pkgconfig/costmap_converter_msgs.pc'
[65.736s] Level 1:colcon.colcon_core.environment:checking '/home/allen/rm_ws/install/costmap_converter_msgs/lib/python3.10/site-packages'
[65.736s] Level 1:colcon.colcon_core.environment:checking '/home/allen/rm_ws/install/costmap_converter_msgs/bin'
[65.738s] INFO:colcon.colcon_core.shell:Creating package script '/home/allen/rm_ws/install/costmap_converter_msgs/share/costmap_converter_msgs/package.ps1'
[65.741s] INFO:colcon.colcon_core.shell:Creating package descriptor '/home/allen/rm_ws/install/costmap_converter_msgs/share/costmap_converter_msgs/package.dsv'
[65.742s] INFO:colcon.colcon_core.shell:Creating package script '/home/allen/rm_ws/install/costmap_converter_msgs/share/costmap_converter_msgs/package.sh'
[65.743s] INFO:colcon.colcon_core.shell:Creating package script '/home/allen/rm_ws/install/costmap_converter_msgs/share/costmap_converter_msgs/package.bash'
[65.744s] INFO:colcon.colcon_core.shell:Creating package script '/home/allen/rm_ws/install/costmap_converter_msgs/share/costmap_converter_msgs/package.zsh'
[65.745s] Level 1:colcon.colcon_core.environment:create_file_with_runtime_dependencies(/home/allen/rm_ws/install/costmap_converter_msgs/share/colcon-core/packages/costmap_converter_msgs)
[65.746s] Level 1:colcon.colcon_core.environment:create_environment_scripts_only(costmap_converter_msgs)
[65.747s] Level 1:colcon.colcon_core.environment:checking '/home/allen/rm_ws/install/costmap_converter_msgs' for CMake module files
[65.750s] Level 1:colcon.colcon_core.environment:checking '/home/allen/rm_ws/install/costmap_converter_msgs' for CMake config files
[65.753s] Level 1:colcon.colcon_core.shell:create_environment_hook('costmap_converter_msgs', 'cmake_prefix_path')
[65.753s] INFO:colcon.colcon_core.shell:Creating environment hook '/home/allen/rm_ws/install/costmap_converter_msgs/share/costmap_converter_msgs/hook/cmake_prefix_path.ps1'
[65.754s] INFO:colcon.colcon_core.shell:Creating environment descriptor '/home/allen/rm_ws/install/costmap_converter_msgs/share/costmap_converter_msgs/hook/cmake_prefix_path.dsv'
[65.756s] INFO:colcon.colcon_core.shell:Creating environment hook '/home/allen/rm_ws/install/costmap_converter_msgs/share/costmap_converter_msgs/hook/cmake_prefix_path.sh'
[65.757s] Level 1:colcon.colcon_core.environment:checking '/home/allen/rm_ws/install/costmap_converter_msgs/lib'
[65.757s] Level 1:colcon.colcon_core.shell:create_environment_hook('costmap_converter_msgs', 'ld_library_path_lib')
[65.758s] INFO:colcon.colcon_core.shell:Creating environment hook '/home/allen/rm_ws/install/costmap_converter_msgs/share/costmap_converter_msgs/hook/ld_library_path_lib.ps1'
[65.760s] INFO:colcon.colcon_core.shell:Creating environment descriptor '/home/allen/rm_ws/install/costmap_converter_msgs/share/costmap_converter_msgs/hook/ld_library_path_lib.dsv'
[65.761s] INFO:colcon.colcon_core.shell:Creating environment hook '/home/allen/rm_ws/install/costmap_converter_msgs/share/costmap_converter_msgs/hook/ld_library_path_lib.sh'
[65.762s] Level 1:colcon.colcon_core.environment:checking '/home/allen/rm_ws/install/costmap_converter_msgs/bin'
[65.763s] Level 1:colcon.colcon_core.environment:checking '/home/allen/rm_ws/install/costmap_converter_msgs/lib/pkgconfig/costmap_converter_msgs.pc'
[65.763s] Level 1:colcon.colcon_core.environment:checking '/home/allen/rm_ws/install/costmap_converter_msgs/lib/python3.10/site-packages'
[65.764s] Level 1:colcon.colcon_core.environment:checking '/home/allen/rm_ws/install/costmap_converter_msgs/bin'
[65.765s] INFO:colcon.colcon_core.shell:Creating package script '/home/allen/rm_ws/install/costmap_converter_msgs/share/costmap_converter_msgs/package.ps1'
[65.769s] INFO:colcon.colcon_core.shell:Creating package descriptor '/home/allen/rm_ws/install/costmap_converter_msgs/share/costmap_converter_msgs/package.dsv'
[65.773s] INFO:colcon.colcon_core.shell:Creating package script '/home/allen/rm_ws/install/costmap_converter_msgs/share/costmap_converter_msgs/package.sh'
[65.774s] INFO:colcon.colcon_core.shell:Creating package script '/home/allen/rm_ws/install/costmap_converter_msgs/share/costmap_converter_msgs/package.bash'
[65.777s] INFO:colcon.colcon_core.shell:Creating package script '/home/allen/rm_ws/install/costmap_converter_msgs/share/costmap_converter_msgs/package.zsh'
[65.778s] Level 1:colcon.colcon_core.environment:create_file_with_runtime_dependencies(/home/allen/rm_ws/install/costmap_converter_msgs/share/colcon-core/packages/costmap_converter_msgs)
[65.787s] INFO:colcon.colcon_ros.task.ament_cmake.build:Building ROS package in '/home/allen/rm_ws/src/rm_perception/linefit_ground_segementation_ros2/linefit_ground_segmentation' with build type 'ament_cmake'
[65.789s] INFO:colcon.colcon_cmake.task.cmake.build:Building CMake package in '/home/allen/rm_ws/src/rm_perception/linefit_ground_segementation_ros2/linefit_ground_segmentation'
[65.789s] INFO:colcon.colcon_core.shell:Skip shell extension 'powershell' for command environment: Not usable outside of PowerShell
[65.789s] DEBUG:colcon.colcon_core.shell:Skip shell extension 'dsv' for command environment
[65.928s] DEBUG:colcon.colcon_core.event_handler.log_command:Invoking command in '/home/allen/rm_ws/build/linefit_ground_segmentation': CMAKE_PREFIX_PATH=/home/allen/Robomaster/rm_ws/install/teb_local_planner:/home/allen/Robomaster/rm_ws/install/teb_msgs:/home/allen/Robomaster/rm_ws/install/ros2_livox_simulation:/home/allen/Robomaster/rm_ws/install/rmbot2:/home/allen/Robomaster/rm_ws/install/rm_navigation:/home/allen/Robomaster/rm_ws/install/rm_nav_bringup:/home/allen/Robomaster/rm_ws/install/pointcloud_to_laserscan:/home/allen/Robomaster/rm_ws/install/point_lio:/home/allen/Robomaster/rm_ws/install/icp_registration:/home/allen/Robomaster/rm_ws/install/fast_lio:/home/allen/Robomaster/rm_ws/install/livox_ros_driver2:/home/allen/Robomaster/rm_ws/install/linefit_ground_segmentation_ros:/home/allen/Robomaster/rm_ws/install/linefit_ground_segmentation:/home/allen/Robomaster/rm_ws/install/imu_complementary_filter:/home/allen/Robomaster/rm_ws/install/fake_vel_transform:/home/allen/Robomaster/rm_ws/install/costmap_converter:/home/allen/Robomaster/rm_ws/install/costmap_converter_msgs:/home/allen/capstone/description_ws/install/ur_yt_sim:/home/allen/capstone/description_ws/install/ur10e_description:/home/allen/capstone/description_ws/install/kuka_agilus_support:/home/allen/capstone/description_ws/install/kuka_resources:/opt/ros/humble:/home/allen/capstone/description_ws/install/kuka_kr3_description /usr/bin/cmake /home/allen/rm_ws/src/rm_perception/linefit_ground_segementation_ros2/linefit_ground_segmentation -DAMENT_CMAKE_SYMLINK_INSTALL=1 -DCMAKE_INSTALL_PREFIX=/home/allen/rm_ws/install/linefit_ground_segmentation
[104.136s] DEBUG:colcon.colcon_core.event_handler.log_command:Invoked command in '/home/allen/rm_ws/build/linefit_ground_segmentation' returned '0': CMAKE_PREFIX_PATH=/home/allen/Robomaster/rm_ws/install/teb_local_planner:/home/allen/Robomaster/rm_ws/install/teb_msgs:/home/allen/Robomaster/rm_ws/install/ros2_livox_simulation:/home/allen/Robomaster/rm_ws/install/rmbot2:/home/allen/Robomaster/rm_ws/install/rm_navigation:/home/allen/Robomaster/rm_ws/install/rm_nav_bringup:/home/allen/Robomaster/rm_ws/install/pointcloud_to_laserscan:/home/allen/Robomaster/rm_ws/install/point_lio:/home/allen/Robomaster/rm_ws/install/icp_registration:/home/allen/Robomaster/rm_ws/install/fast_lio:/home/allen/Robomaster/rm_ws/install/livox_ros_driver2:/home/allen/Robomaster/rm_ws/install/linefit_ground_segmentation_ros:/home/allen/Robomaster/rm_ws/install/linefit_ground_segmentation:/home/allen/Robomaster/rm_ws/install/imu_complementary_filter:/home/allen/Robomaster/rm_ws/install/fake_vel_transform:/home/allen/Robomaster/rm_ws/install/costmap_converter:/home/allen/Robomaster/rm_ws/install/costmap_converter_msgs:/home/allen/capstone/description_ws/install/ur_yt_sim:/home/allen/capstone/description_ws/install/ur10e_description:/home/allen/capstone/description_ws/install/kuka_agilus_support:/home/allen/capstone/description_ws/install/kuka_resources:/opt/ros/humble:/home/allen/capstone/description_ws/install/kuka_kr3_description /usr/bin/cmake /home/allen/rm_ws/src/rm_perception/linefit_ground_segementation_ros2/linefit_ground_segmentation -DAMENT_CMAKE_SYMLINK_INSTALL=1 -DCMAKE_INSTALL_PREFIX=/home/allen/rm_ws/install/linefit_ground_segmentation
[104.154s] DEBUG:colcon.colcon_core.event_handler.log_command:Invoking command in '/home/allen/rm_ws/build/linefit_ground_segmentation': CMAKE_PREFIX_PATH=/home/allen/Robomaster/rm_ws/install/teb_local_planner:/home/allen/Robomaster/rm_ws/install/teb_msgs:/home/allen/Robomaster/rm_ws/install/ros2_livox_simulation:/home/allen/Robomaster/rm_ws/install/rmbot2:/home/allen/Robomaster/rm_ws/install/rm_navigation:/home/allen/Robomaster/rm_ws/install/rm_nav_bringup:/home/allen/Robomaster/rm_ws/install/pointcloud_to_laserscan:/home/allen/Robomaster/rm_ws/install/point_lio:/home/allen/Robomaster/rm_ws/install/icp_registration:/home/allen/Robomaster/rm_ws/install/fast_lio:/home/allen/Robomaster/rm_ws/install/livox_ros_driver2:/home/allen/Robomaster/rm_ws/install/linefit_ground_segmentation_ros:/home/allen/Robomaster/rm_ws/install/linefit_ground_segmentation:/home/allen/Robomaster/rm_ws/install/imu_complementary_filter:/home/allen/Robomaster/rm_ws/install/fake_vel_transform:/home/allen/Robomaster/rm_ws/install/costmap_converter:/home/allen/Robomaster/rm_ws/install/costmap_converter_msgs:/home/allen/capstone/description_ws/install/ur_yt_sim:/home/allen/capstone/description_ws/install/ur10e_description:/home/allen/capstone/description_ws/install/kuka_agilus_support:/home/allen/capstone/description_ws/install/kuka_resources:/opt/ros/humble:/home/allen/capstone/description_ws/install/kuka_kr3_description /usr/bin/cmake --build /home/allen/rm_ws/build/linefit_ground_segmentation -- -j2 -l2
[199.470s] DEBUG:colcon.colcon_core.event_handler.log_command:Invoked command in '/home/allen/rm_ws/build/linefit_ground_segmentation' returned '0': CMAKE_PREFIX_PATH=/home/allen/Robomaster/rm_ws/install/teb_local_planner:/home/allen/Robomaster/rm_ws/install/teb_msgs:/home/allen/Robomaster/rm_ws/install/ros2_livox_simulation:/home/allen/Robomaster/rm_ws/install/rmbot2:/home/allen/Robomaster/rm_ws/install/rm_navigation:/home/allen/Robomaster/rm_ws/install/rm_nav_bringup:/home/allen/Robomaster/rm_ws/install/pointcloud_to_laserscan:/home/allen/Robomaster/rm_ws/install/point_lio:/home/allen/Robomaster/rm_ws/install/icp_registration:/home/allen/Robomaster/rm_ws/install/fast_lio:/home/allen/Robomaster/rm_ws/install/livox_ros_driver2:/home/allen/Robomaster/rm_ws/install/linefit_ground_segmentation_ros:/home/allen/Robomaster/rm_ws/install/linefit_ground_segmentation:/home/allen/Robomaster/rm_ws/install/imu_complementary_filter:/home/allen/Robomaster/rm_ws/install/fake_vel_transform:/home/allen/Robomaster/rm_ws/install/costmap_converter:/home/allen/Robomaster/rm_ws/install/costmap_converter_msgs:/home/allen/capstone/description_ws/install/ur_yt_sim:/home/allen/capstone/description_ws/install/ur10e_description:/home/allen/capstone/description_ws/install/kuka_agilus_support:/home/allen/capstone/description_ws/install/kuka_resources:/opt/ros/humble:/home/allen/capstone/description_ws/install/kuka_kr3_description /usr/bin/cmake --build /home/allen/rm_ws/build/linefit_ground_segmentation -- -j2 -l2
[199.471s] DEBUG:colcon.colcon_core.event_handler.log_command:Invoking command in '/home/allen/rm_ws/build/linefit_ground_segmentation': CMAKE_PREFIX_PATH=/home/allen/Robomaster/rm_ws/install/teb_local_planner:/home/allen/Robomaster/rm_ws/install/teb_msgs:/home/allen/Robomaster/rm_ws/install/ros2_livox_simulation:/home/allen/Robomaster/rm_ws/install/rmbot2:/home/allen/Robomaster/rm_ws/install/rm_navigation:/home/allen/Robomaster/rm_ws/install/rm_nav_bringup:/home/allen/Robomaster/rm_ws/install/pointcloud_to_laserscan:/home/allen/Robomaster/rm_ws/install/point_lio:/home/allen/Robomaster/rm_ws/install/icp_registration:/home/allen/Robomaster/rm_ws/install/fast_lio:/home/allen/Robomaster/rm_ws/install/livox_ros_driver2:/home/allen/Robomaster/rm_ws/install/linefit_ground_segmentation_ros:/home/allen/Robomaster/rm_ws/install/linefit_ground_segmentation:/home/allen/Robomaster/rm_ws/install/imu_complementary_filter:/home/allen/Robomaster/rm_ws/install/fake_vel_transform:/home/allen/Robomaster/rm_ws/install/costmap_converter:/home/allen/Robomaster/rm_ws/install/costmap_converter_msgs:/home/allen/capstone/description_ws/install/ur_yt_sim:/home/allen/capstone/description_ws/install/ur10e_description:/home/allen/capstone/description_ws/install/kuka_agilus_support:/home/allen/capstone/description_ws/install/kuka_resources:/opt/ros/humble:/home/allen/capstone/description_ws/install/kuka_kr3_description /usr/bin/cmake --install /home/allen/rm_ws/build/linefit_ground_segmentation
[201.823s] Level 1:colcon.colcon_core.environment:create_environment_scripts_only(linefit_ground_segmentation)
[201.824s] Level 1:colcon.colcon_core.environment:checking '/home/allen/rm_ws/install/linefit_ground_segmentation' for CMake module files
[201.825s] DEBUG:colcon.colcon_core.event_handler.log_command:Invoked command in '/home/allen/rm_ws/build/linefit_ground_segmentation' returned '0': CMAKE_PREFIX_PATH=/home/allen/Robomaster/rm_ws/install/teb_local_planner:/home/allen/Robomaster/rm_ws/install/teb_msgs:/home/allen/Robomaster/rm_ws/install/ros2_livox_simulation:/home/allen/Robomaster/rm_ws/install/rmbot2:/home/allen/Robomaster/rm_ws/install/rm_navigation:/home/allen/Robomaster/rm_ws/install/rm_nav_bringup:/home/allen/Robomaster/rm_ws/install/pointcloud_to_laserscan:/home/allen/Robomaster/rm_ws/install/point_lio:/home/allen/Robomaster/rm_ws/install/icp_registration:/home/allen/Robomaster/rm_ws/install/fast_lio:/home/allen/Robomaster/rm_ws/install/livox_ros_driver2:/home/allen/Robomaster/rm_ws/install/linefit_ground_segmentation_ros:/home/allen/Robomaster/rm_ws/install/linefit_ground_segmentation:/home/allen/Robomaster/rm_ws/install/imu_complementary_filter:/home/allen/Robomaster/rm_ws/install/fake_vel_transform:/home/allen/Robomaster/rm_ws/install/costmap_converter:/home/allen/Robomaster/rm_ws/install/costmap_converter_msgs:/home/allen/capstone/description_ws/install/ur_yt_sim:/home/allen/capstone/description_ws/install/ur10e_description:/home/allen/capstone/description_ws/install/kuka_agilus_support:/home/allen/capstone/description_ws/install/kuka_resources:/opt/ros/humble:/home/allen/capstone/description_ws/install/kuka_kr3_description /usr/bin/cmake --install /home/allen/rm_ws/build/linefit_ground_segmentation
[201.826s] Level 1:colcon.colcon_core.environment:checking '/home/allen/rm_ws/install/linefit_ground_segmentation' for CMake config files
[201.827s] Level 1:colcon.colcon_core.shell:create_environment_hook('linefit_ground_segmentation', 'cmake_prefix_path')
[201.827s] INFO:colcon.colcon_core.shell:Creating environment hook '/home/allen/rm_ws/install/linefit_ground_segmentation/share/linefit_ground_segmentation/hook/cmake_prefix_path.ps1'
[201.828s] INFO:colcon.colcon_core.shell:Creating environment descriptor '/home/allen/rm_ws/install/linefit_ground_segmentation/share/linefit_ground_segmentation/hook/cmake_prefix_path.dsv'
[201.829s] INFO:colcon.colcon_core.shell:Creating environment hook '/home/allen/rm_ws/install/linefit_ground_segmentation/share/linefit_ground_segmentation/hook/cmake_prefix_path.sh'
[201.830s] Level 1:colcon.colcon_core.environment:checking '/home/allen/rm_ws/install/linefit_ground_segmentation/lib'
[201.830s] Level 1:colcon.colcon_core.shell:create_environment_hook('linefit_ground_segmentation', 'ld_library_path_lib')
[201.830s] INFO:colcon.colcon_core.shell:Creating environment hook '/home/allen/rm_ws/install/linefit_ground_segmentation/share/linefit_ground_segmentation/hook/ld_library_path_lib.ps1'
[201.831s] INFO:colcon.colcon_core.shell:Creating environment descriptor '/home/allen/rm_ws/install/linefit_ground_segmentation/share/linefit_ground_segmentation/hook/ld_library_path_lib.dsv'
[201.832s] INFO:colcon.colcon_core.shell:Creating environment hook '/home/allen/rm_ws/install/linefit_ground_segmentation/share/linefit_ground_segmentation/hook/ld_library_path_lib.sh'
[201.833s] Level 1:colcon.colcon_core.environment:checking '/home/allen/rm_ws/install/linefit_ground_segmentation/bin'
[201.833s] Level 1:colcon.colcon_core.environment:checking '/home/allen/rm_ws/install/linefit_ground_segmentation/lib/pkgconfig/linefit_ground_segmentation.pc'
[201.833s] Level 1:colcon.colcon_core.environment:checking '/home/allen/rm_ws/install/linefit_ground_segmentation/lib/python3.10/site-packages'
[201.834s] Level 1:colcon.colcon_core.environment:checking '/home/allen/rm_ws/install/linefit_ground_segmentation/bin'
[201.834s] INFO:colcon.colcon_core.shell:Creating package script '/home/allen/rm_ws/install/linefit_ground_segmentation/share/linefit_ground_segmentation/package.ps1'
[201.835s] INFO:colcon.colcon_core.shell:Creating package descriptor '/home/allen/rm_ws/install/linefit_ground_segmentation/share/linefit_ground_segmentation/package.dsv'
[201.836s] INFO:colcon.colcon_core.shell:Creating package script '/home/allen/rm_ws/install/linefit_ground_segmentation/share/linefit_ground_segmentation/package.sh'
[201.836s] INFO:colcon.colcon_core.shell:Creating package script '/home/allen/rm_ws/install/linefit_ground_segmentation/share/linefit_ground_segmentation/package.bash'
[201.838s] INFO:colcon.colcon_core.shell:Creating package script '/home/allen/rm_ws/install/linefit_ground_segmentation/share/linefit_ground_segmentation/package.zsh'
[201.838s] Level 1:colcon.colcon_core.environment:create_file_with_runtime_dependencies(/home/allen/rm_ws/install/linefit_ground_segmentation/share/colcon-core/packages/linefit_ground_segmentation)
[201.840s] Level 1:colcon.colcon_core.environment:create_environment_scripts_only(linefit_ground_segmentation)
[201.840s] Level 1:colcon.colcon_core.environment:checking '/home/allen/rm_ws/install/linefit_ground_segmentation' for CMake module files
[201.843s] Level 1:colcon.colcon_core.environment:checking '/home/allen/rm_ws/install/linefit_ground_segmentation' for CMake config files
[201.845s] Level 1:colcon.colcon_core.shell:create_environment_hook('linefit_ground_segmentation', 'cmake_prefix_path')
[201.845s] INFO:colcon.colcon_core.shell:Creating environment hook '/home/allen/rm_ws/install/linefit_ground_segmentation/share/linefit_ground_segmentation/hook/cmake_prefix_path.ps1'
[201.847s] INFO:colcon.colcon_core.shell:Creating environment descriptor '/home/allen/rm_ws/install/linefit_ground_segmentation/share/linefit_ground_segmentation/hook/cmake_prefix_path.dsv'
[201.849s] INFO:colcon.colcon_core.shell:Creating environment hook '/home/allen/rm_ws/install/linefit_ground_segmentation/share/linefit_ground_segmentation/hook/cmake_prefix_path.sh'
[201.851s] Level 1:colcon.colcon_core.environment:checking '/home/allen/rm_ws/install/linefit_ground_segmentation/lib'
[201.851s] Level 1:colcon.colcon_core.shell:create_environment_hook('linefit_ground_segmentation', 'ld_library_path_lib')
[201.851s] INFO:colcon.colcon_core.shell:Creating environment hook '/home/allen/rm_ws/install/linefit_ground_segmentation/share/linefit_ground_segmentation/hook/ld_library_path_lib.ps1'
[201.853s] INFO:colcon.colcon_core.shell:Creating environment descriptor '/home/allen/rm_ws/install/linefit_ground_segmentation/share/linefit_ground_segmentation/hook/ld_library_path_lib.dsv'
[201.854s] INFO:colcon.colcon_core.shell:Creating environment hook '/home/allen/rm_ws/install/linefit_ground_segmentation/share/linefit_ground_segmentation/hook/ld_library_path_lib.sh'
[201.856s] Level 1:colcon.colcon_core.environment:checking '/home/allen/rm_ws/install/linefit_ground_segmentation/bin'
[201.856s] Level 1:colcon.colcon_core.environment:checking '/home/allen/rm_ws/install/linefit_ground_segmentation/lib/pkgconfig/linefit_ground_segmentation.pc'
[201.858s] Level 1:colcon.colcon_core.environment:checking '/home/allen/rm_ws/install/linefit_ground_segmentation/lib/python3.10/site-packages'
[201.859s] Level 1:colcon.colcon_core.environment:checking '/home/allen/rm_ws/install/linefit_ground_segmentation/bin'
[201.861s] INFO:colcon.colcon_core.shell:Creating package script '/home/allen/rm_ws/install/linefit_ground_segmentation/share/linefit_ground_segmentation/package.ps1'
[201.863s] INFO:colcon.colcon_core.shell:Creating package descriptor '/home/allen/rm_ws/install/linefit_ground_segmentation/share/linefit_ground_segmentation/package.dsv'
[201.866s] INFO:colcon.colcon_core.shell:Creating package script '/home/allen/rm_ws/install/linefit_ground_segmentation/share/linefit_ground_segmentation/package.sh'
[201.867s] INFO:colcon.colcon_core.shell:Creating package script '/home/allen/rm_ws/install/linefit_ground_segmentation/share/linefit_ground_segmentation/package.bash'
[201.868s] INFO:colcon.colcon_core.shell:Creating package script '/home/allen/rm_ws/install/linefit_ground_segmentation/share/linefit_ground_segmentation/package.zsh'
[201.870s] Level 1:colcon.colcon_core.environment:create_file_with_runtime_dependencies(/home/allen/rm_ws/install/linefit_ground_segmentation/share/colcon-core/packages/linefit_ground_segmentation)
[201.873s] INFO:colcon.colcon_ros.task.ament_cmake.build:Building ROS package in '/home/allen/rm_ws/src/rm_navigation/costmap_converter/costmap_converter' with build type 'ament_cmake'
[201.873s] INFO:colcon.colcon_cmake.task.cmake.build:Building CMake package in '/home/allen/rm_ws/src/rm_navigation/costmap_converter/costmap_converter'
[201.874s] INFO:colcon.colcon_core.shell:Skip shell extension 'powershell' for command environment: Not usable outside of PowerShell
[201.874s] DEBUG:colcon.colcon_core.shell:Skip shell extension 'dsv' for command environment
[201.989s] DEBUG:colcon.colcon_core.event_handler.log_command:Invoking command in '/home/allen/rm_ws/build/costmap_converter': AMENT_PREFIX_PATH=/home/allen/rm_ws/install/costmap_converter_msgs:${AMENT_PREFIX_PATH} CMAKE_PREFIX_PATH=/home/allen/rm_ws/install/costmap_converter_msgs:/home/allen/Robomaster/rm_ws/install/teb_local_planner:/home/allen/Robomaster/rm_ws/install/teb_msgs:/home/allen/Robomaster/rm_ws/install/ros2_livox_simulation:/home/allen/Robomaster/rm_ws/install/rmbot2:/home/allen/Robomaster/rm_ws/install/rm_navigation:/home/allen/Robomaster/rm_ws/install/rm_nav_bringup:/home/allen/Robomaster/rm_ws/install/pointcloud_to_laserscan:/home/allen/Robomaster/rm_ws/install/point_lio:/home/allen/Robomaster/rm_ws/install/icp_registration:/home/allen/Robomaster/rm_ws/install/fast_lio:/home/allen/Robomaster/rm_ws/install/livox_ros_driver2:/home/allen/Robomaster/rm_ws/install/linefit_ground_segmentation_ros:/home/allen/Robomaster/rm_ws/install/linefit_ground_segmentation:/home/allen/Robomaster/rm_ws/install/imu_complementary_filter:/home/allen/Robomaster/rm_ws/install/fake_vel_transform:/home/allen/Robomaster/rm_ws/install/costmap_converter:/home/allen/Robomaster/rm_ws/install/costmap_converter_msgs:/home/allen/capstone/description_ws/install/ur_yt_sim:/home/allen/capstone/description_ws/install/ur10e_description:/home/allen/capstone/description_ws/install/kuka_agilus_support:/home/allen/capstone/description_ws/install/kuka_resources:/opt/ros/humble:/home/allen/capstone/description_ws/install/kuka_kr3_description LD_LIBRARY_PATH=/home/allen/rm_ws/install/costmap_converter_msgs/lib:/home/allen/Robomaster/rm_ws/install/teb_local_planner/lib:/home/allen/Robomaster/rm_ws/install/teb_msgs/lib:/home/allen/Robomaster/rm_ws/install/ros2_livox_simulation/lib:/home/allen/Robomaster/rm_ws/install/pointcloud_to_laserscan/lib:/home/allen/Robomaster/rm_ws/install/icp_registration/lib:/home/allen/Robomaster/rm_ws/install/fast_lio/lib:/home/allen/Robomaster/rm_ws/install/livox_ros_driver2/lib:/home/allen/Robomaster/rm_ws/install/linefit_ground_segmentation/lib:/home/allen/Robomaster/rm_ws/install/imu_complementary_filter/lib:/home/allen/Robomaster/rm_ws/install/fake_vel_transform/lib:/home/allen/Robomaster/rm_ws/install/costmap_converter/lib:/home/allen/Robomaster/rm_ws/install/costmap_converter_msgs/lib:/usr/lib/x86_64-linux-gnu/gazebo-11/plugins:/opt/ros/humble/opt/rviz_ogre_vendor/lib:/opt/ros/humble/lib/x86_64-linux-gnu:/opt/ros/humble/opt/openvdb_vendor/lib:/opt/ros/humble/lib:/usr/local/lib:/usr/local/lib:/usr/local/lib:/usr/local/lib PYTHONPATH=/home/allen/rm_ws/install/costmap_converter_msgs/local/lib/python3.10/dist-packages:${PYTHONPATH} /usr/bin/cmake /home/allen/rm_ws/src/rm_navigation/costmap_converter/costmap_converter -DAMENT_CMAKE_SYMLINK_INSTALL=1 -DCMAKE_INSTALL_PREFIX=/home/allen/rm_ws/install/costmap_converter
[214.594s] DEBUG:colcon.colcon_core.event_handler.log_command:Invoked command in '/home/allen/rm_ws/build/costmap_converter' returned '0': AMENT_PREFIX_PATH=/home/allen/rm_ws/install/costmap_converter_msgs:${AMENT_PREFIX_PATH} CMAKE_PREFIX_PATH=/home/allen/rm_ws/install/costmap_converter_msgs:/home/allen/Robomaster/rm_ws/install/teb_local_planner:/home/allen/Robomaster/rm_ws/install/teb_msgs:/home/allen/Robomaster/rm_ws/install/ros2_livox_simulation:/home/allen/Robomaster/rm_ws/install/rmbot2:/home/allen/Robomaster/rm_ws/install/rm_navigation:/home/allen/Robomaster/rm_ws/install/rm_nav_bringup:/home/allen/Robomaster/rm_ws/install/pointcloud_to_laserscan:/home/allen/Robomaster/rm_ws/install/point_lio:/home/allen/Robomaster/rm_ws/install/icp_registration:/home/allen/Robomaster/rm_ws/install/fast_lio:/home/allen/Robomaster/rm_ws/install/livox_ros_driver2:/home/allen/Robomaster/rm_ws/install/linefit_ground_segmentation_ros:/home/allen/Robomaster/rm_ws/install/linefit_ground_segmentation:/home/allen/Robomaster/rm_ws/install/imu_complementary_filter:/home/allen/Robomaster/rm_ws/install/fake_vel_transform:/home/allen/Robomaster/rm_ws/install/costmap_converter:/home/allen/Robomaster/rm_ws/install/costmap_converter_msgs:/home/allen/capstone/description_ws/install/ur_yt_sim:/home/allen/capstone/description_ws/install/ur10e_description:/home/allen/capstone/description_ws/install/kuka_agilus_support:/home/allen/capstone/description_ws/install/kuka_resources:/opt/ros/humble:/home/allen/capstone/description_ws/install/kuka_kr3_description LD_LIBRARY_PATH=/home/allen/rm_ws/install/costmap_converter_msgs/lib:/home/allen/Robomaster/rm_ws/install/teb_local_planner/lib:/home/allen/Robomaster/rm_ws/install/teb_msgs/lib:/home/allen/Robomaster/rm_ws/install/ros2_livox_simulation/lib:/home/allen/Robomaster/rm_ws/install/pointcloud_to_laserscan/lib:/home/allen/Robomaster/rm_ws/install/icp_registration/lib:/home/allen/Robomaster/rm_ws/install/fast_lio/lib:/home/allen/Robomaster/rm_ws/install/livox_ros_driver2/lib:/home/allen/Robomaster/rm_ws/install/linefit_ground_segmentation/lib:/home/allen/Robomaster/rm_ws/install/imu_complementary_filter/lib:/home/allen/Robomaster/rm_ws/install/fake_vel_transform/lib:/home/allen/Robomaster/rm_ws/install/costmap_converter/lib:/home/allen/Robomaster/rm_ws/install/costmap_converter_msgs/lib:/usr/lib/x86_64-linux-gnu/gazebo-11/plugins:/opt/ros/humble/opt/rviz_ogre_vendor/lib:/opt/ros/humble/lib/x86_64-linux-gnu:/opt/ros/humble/opt/openvdb_vendor/lib:/opt/ros/humble/lib:/usr/local/lib:/usr/local/lib:/usr/local/lib:/usr/local/lib PYTHONPATH=/home/allen/rm_ws/install/costmap_converter_msgs/local/lib/python3.10/dist-packages:${PYTHONPATH} /usr/bin/cmake /home/allen/rm_ws/src/rm_navigation/costmap_converter/costmap_converter -DAMENT_CMAKE_SYMLINK_INSTALL=1 -DCMAKE_INSTALL_PREFIX=/home/allen/rm_ws/install/costmap_converter
[214.604s] DEBUG:colcon.colcon_core.event_handler.log_command:Invoking command in '/home/allen/rm_ws/build/costmap_converter': AMENT_PREFIX_PATH=/home/allen/rm_ws/install/costmap_converter_msgs:${AMENT_PREFIX_PATH} CMAKE_PREFIX_PATH=/home/allen/rm_ws/install/costmap_converter_msgs:/home/allen/Robomaster/rm_ws/install/teb_local_planner:/home/allen/Robomaster/rm_ws/install/teb_msgs:/home/allen/Robomaster/rm_ws/install/ros2_livox_simulation:/home/allen/Robomaster/rm_ws/install/rmbot2:/home/allen/Robomaster/rm_ws/install/rm_navigation:/home/allen/Robomaster/rm_ws/install/rm_nav_bringup:/home/allen/Robomaster/rm_ws/install/pointcloud_to_laserscan:/home/allen/Robomaster/rm_ws/install/point_lio:/home/allen/Robomaster/rm_ws/install/icp_registration:/home/allen/Robomaster/rm_ws/install/fast_lio:/home/allen/Robomaster/rm_ws/install/livox_ros_driver2:/home/allen/Robomaster/rm_ws/install/linefit_ground_segmentation_ros:/home/allen/Robomaster/rm_ws/install/linefit_ground_segmentation:/home/allen/Robomaster/rm_ws/install/imu_complementary_filter:/home/allen/Robomaster/rm_ws/install/fake_vel_transform:/home/allen/Robomaster/rm_ws/install/costmap_converter:/home/allen/Robomaster/rm_ws/install/costmap_converter_msgs:/home/allen/capstone/description_ws/install/ur_yt_sim:/home/allen/capstone/description_ws/install/ur10e_description:/home/allen/capstone/description_ws/install/kuka_agilus_support:/home/allen/capstone/description_ws/install/kuka_resources:/opt/ros/humble:/home/allen/capstone/description_ws/install/kuka_kr3_description LD_LIBRARY_PATH=/home/allen/rm_ws/install/costmap_converter_msgs/lib:/home/allen/Robomaster/rm_ws/install/teb_local_planner/lib:/home/allen/Robomaster/rm_ws/install/teb_msgs/lib:/home/allen/Robomaster/rm_ws/install/ros2_livox_simulation/lib:/home/allen/Robomaster/rm_ws/install/pointcloud_to_laserscan/lib:/home/allen/Robomaster/rm_ws/install/icp_registration/lib:/home/allen/Robomaster/rm_ws/install/fast_lio/lib:/home/allen/Robomaster/rm_ws/install/livox_ros_driver2/lib:/home/allen/Robomaster/rm_ws/install/linefit_ground_segmentation/lib:/home/allen/Robomaster/rm_ws/install/imu_complementary_filter/lib:/home/allen/Robomaster/rm_ws/install/fake_vel_transform/lib:/home/allen/Robomaster/rm_ws/install/costmap_converter/lib:/home/allen/Robomaster/rm_ws/install/costmap_converter_msgs/lib:/usr/lib/x86_64-linux-gnu/gazebo-11/plugins:/opt/ros/humble/opt/rviz_ogre_vendor/lib:/opt/ros/humble/lib/x86_64-linux-gnu:/opt/ros/humble/opt/openvdb_vendor/lib:/opt/ros/humble/lib:/usr/local/lib:/usr/local/lib:/usr/local/lib:/usr/local/lib PYTHONPATH=/home/allen/rm_ws/install/costmap_converter_msgs/local/lib/python3.10/dist-packages:${PYTHONPATH} /usr/bin/cmake --build /home/allen/rm_ws/build/costmap_converter -- -j2 -l2
[242.112s] DEBUG:colcon.colcon_core.event_handler.log_command:Invoked command in '/home/allen/rm_ws/build/livox_ros_driver2' returned '0': CMAKE_PREFIX_PATH=/home/allen/Robomaster/rm_ws/install/teb_local_planner:/home/allen/Robomaster/rm_ws/install/teb_msgs:/home/allen/Robomaster/rm_ws/install/ros2_livox_simulation:/home/allen/Robomaster/rm_ws/install/rmbot2:/home/allen/Robomaster/rm_ws/install/rm_navigation:/home/allen/Robomaster/rm_ws/install/rm_nav_bringup:/home/allen/Robomaster/rm_ws/install/pointcloud_to_laserscan:/home/allen/Robomaster/rm_ws/install/point_lio:/home/allen/Robomaster/rm_ws/install/icp_registration:/home/allen/Robomaster/rm_ws/install/fast_lio:/home/allen/Robomaster/rm_ws/install/livox_ros_driver2:/home/allen/Robomaster/rm_ws/install/linefit_ground_segmentation_ros:/home/allen/Robomaster/rm_ws/install/linefit_ground_segmentation:/home/allen/Robomaster/rm_ws/install/imu_complementary_filter:/home/allen/Robomaster/rm_ws/install/fake_vel_transform:/home/allen/Robomaster/rm_ws/install/costmap_converter:/home/allen/Robomaster/rm_ws/install/costmap_converter_msgs:/home/allen/capstone/description_ws/install/ur_yt_sim:/home/allen/capstone/description_ws/install/ur10e_description:/home/allen/capstone/description_ws/install/kuka_agilus_support:/home/allen/capstone/description_ws/install/kuka_resources:/opt/ros/humble:/home/allen/capstone/description_ws/install/kuka_kr3_description /usr/bin/cmake --build /home/allen/rm_ws/build/livox_ros_driver2 -- -j2 -l2
[242.119s] DEBUG:colcon.colcon_core.event_handler.log_command:Invoking command in '/home/allen/rm_ws/build/livox_ros_driver2': CMAKE_PREFIX_PATH=/home/allen/Robomaster/rm_ws/install/teb_local_planner:/home/allen/Robomaster/rm_ws/install/teb_msgs:/home/allen/Robomaster/rm_ws/install/ros2_livox_simulation:/home/allen/Robomaster/rm_ws/install/rmbot2:/home/allen/Robomaster/rm_ws/install/rm_navigation:/home/allen/Robomaster/rm_ws/install/rm_nav_bringup:/home/allen/Robomaster/rm_ws/install/pointcloud_to_laserscan:/home/allen/Robomaster/rm_ws/install/point_lio:/home/allen/Robomaster/rm_ws/install/icp_registration:/home/allen/Robomaster/rm_ws/install/fast_lio:/home/allen/Robomaster/rm_ws/install/livox_ros_driver2:/home/allen/Robomaster/rm_ws/install/linefit_ground_segmentation_ros:/home/allen/Robomaster/rm_ws/install/linefit_ground_segmentation:/home/allen/Robomaster/rm_ws/install/imu_complementary_filter:/home/allen/Robomaster/rm_ws/install/fake_vel_transform:/home/allen/Robomaster/rm_ws/install/costmap_converter:/home/allen/Robomaster/rm_ws/install/costmap_converter_msgs:/home/allen/capstone/description_ws/install/ur_yt_sim:/home/allen/capstone/description_ws/install/ur10e_description:/home/allen/capstone/description_ws/install/kuka_agilus_support:/home/allen/capstone/description_ws/install/kuka_resources:/opt/ros/humble:/home/allen/capstone/description_ws/install/kuka_kr3_description /usr/bin/cmake --install /home/allen/rm_ws/build/livox_ros_driver2
[251.182s] Level 1:colcon.colcon_core.environment:create_environment_scripts_only(livox_ros_driver2)
[251.183s] Level 1:colcon.colcon_core.environment:checking '/home/allen/rm_ws/install/livox_ros_driver2' for CMake module files
[251.186s] DEBUG:colcon.colcon_core.event_handler.log_command:Invoked command in '/home/allen/rm_ws/build/livox_ros_driver2' returned '0': CMAKE_PREFIX_PATH=/home/allen/Robomaster/rm_ws/install/teb_local_planner:/home/allen/Robomaster/rm_ws/install/teb_msgs:/home/allen/Robomaster/rm_ws/install/ros2_livox_simulation:/home/allen/Robomaster/rm_ws/install/rmbot2:/home/allen/Robomaster/rm_ws/install/rm_navigation:/home/allen/Robomaster/rm_ws/install/rm_nav_bringup:/home/allen/Robomaster/rm_ws/install/pointcloud_to_laserscan:/home/allen/Robomaster/rm_ws/install/point_lio:/home/allen/Robomaster/rm_ws/install/icp_registration:/home/allen/Robomaster/rm_ws/install/fast_lio:/home/allen/Robomaster/rm_ws/install/livox_ros_driver2:/home/allen/Robomaster/rm_ws/install/linefit_ground_segmentation_ros:/home/allen/Robomaster/rm_ws/install/linefit_ground_segmentation:/home/allen/Robomaster/rm_ws/install/imu_complementary_filter:/home/allen/Robomaster/rm_ws/install/fake_vel_transform:/home/allen/Robomaster/rm_ws/install/costmap_converter:/home/allen/Robomaster/rm_ws/install/costmap_converter_msgs:/home/allen/capstone/description_ws/install/ur_yt_sim:/home/allen/capstone/description_ws/install/ur10e_description:/home/allen/capstone/description_ws/install/kuka_agilus_support:/home/allen/capstone/description_ws/install/kuka_resources:/opt/ros/humble:/home/allen/capstone/description_ws/install/kuka_kr3_description /usr/bin/cmake --install /home/allen/rm_ws/build/livox_ros_driver2
[251.191s] Level 1:colcon.colcon_core.environment:checking '/home/allen/rm_ws/install/livox_ros_driver2' for CMake config files
[251.192s] Level 1:colcon.colcon_core.shell:create_environment_hook('livox_ros_driver2', 'cmake_prefix_path')
[251.193s] INFO:colcon.colcon_core.shell:Creating environment hook '/home/allen/rm_ws/install/livox_ros_driver2/share/livox_ros_driver2/hook/cmake_prefix_path.ps1'
[251.196s] INFO:colcon.colcon_core.shell:Creating environment descriptor '/home/allen/rm_ws/install/livox_ros_driver2/share/livox_ros_driver2/hook/cmake_prefix_path.dsv'
[251.198s] INFO:colcon.colcon_core.shell:Creating environment hook '/home/allen/rm_ws/install/livox_ros_driver2/share/livox_ros_driver2/hook/cmake_prefix_path.sh'
[251.200s] Level 1:colcon.colcon_core.environment:checking '/home/allen/rm_ws/install/livox_ros_driver2/lib'
[251.201s] Level 1:colcon.colcon_core.shell:create_environment_hook('livox_ros_driver2', 'ld_library_path_lib')
[251.201s] INFO:colcon.colcon_core.shell:Creating environment hook '/home/allen/rm_ws/install/livox_ros_driver2/share/livox_ros_driver2/hook/ld_library_path_lib.ps1'
[251.202s] INFO:colcon.colcon_core.shell:Creating environment descriptor '/home/allen/rm_ws/install/livox_ros_driver2/share/livox_ros_driver2/hook/ld_library_path_lib.dsv'
[251.203s] INFO:colcon.colcon_core.shell:Creating environment hook '/home/allen/rm_ws/install/livox_ros_driver2/share/livox_ros_driver2/hook/ld_library_path_lib.sh'
[251.206s] Level 1:colcon.colcon_core.environment:checking '/home/allen/rm_ws/install/livox_ros_driver2/bin'
[251.206s] Level 1:colcon.colcon_core.environment:checking '/home/allen/rm_ws/install/livox_ros_driver2/lib/pkgconfig/livox_ros_driver2.pc'
[251.206s] Level 1:colcon.colcon_core.environment:checking '/home/allen/rm_ws/install/livox_ros_driver2/lib/python3.10/site-packages'
[251.206s] Level 1:colcon.colcon_core.environment:checking '/home/allen/rm_ws/install/livox_ros_driver2/bin'
[251.207s] INFO:colcon.colcon_core.shell:Creating package script '/home/allen/rm_ws/install/livox_ros_driver2/share/livox_ros_driver2/package.ps1'
[251.208s] INFO:colcon.colcon_core.shell:Creating package descriptor '/home/allen/rm_ws/install/livox_ros_driver2/share/livox_ros_driver2/package.dsv'
[251.209s] INFO:colcon.colcon_core.shell:Creating package script '/home/allen/rm_ws/install/livox_ros_driver2/share/livox_ros_driver2/package.sh'
[251.210s] INFO:colcon.colcon_core.shell:Creating package script '/home/allen/rm_ws/install/livox_ros_driver2/share/livox_ros_driver2/package.bash'
[251.210s] INFO:colcon.colcon_core.shell:Creating package script '/home/allen/rm_ws/install/livox_ros_driver2/share/livox_ros_driver2/package.zsh'
[251.213s] Level 1:colcon.colcon_core.environment:create_file_with_runtime_dependencies(/home/allen/rm_ws/install/livox_ros_driver2/share/colcon-core/packages/livox_ros_driver2)
[251.215s] Level 1:colcon.colcon_core.environment:create_environment_scripts_only(livox_ros_driver2)
[251.215s] Level 1:colcon.colcon_core.environment:checking '/home/allen/rm_ws/install/livox_ros_driver2' for CMake module files
[251.218s] Level 1:colcon.colcon_core.environment:checking '/home/allen/rm_ws/install/livox_ros_driver2' for CMake config files
[251.221s] Level 1:colcon.colcon_core.shell:create_environment_hook('livox_ros_driver2', 'cmake_prefix_path')
[251.222s] INFO:colcon.colcon_core.shell:Creating environment hook '/home/allen/rm_ws/install/livox_ros_driver2/share/livox_ros_driver2/hook/cmake_prefix_path.ps1'
[251.223s] INFO:colcon.colcon_core.shell:Creating environment descriptor '/home/allen/rm_ws/install/livox_ros_driver2/share/livox_ros_driver2/hook/cmake_prefix_path.dsv'
[251.224s] INFO:colcon.colcon_core.shell:Creating environment hook '/home/allen/rm_ws/install/livox_ros_driver2/share/livox_ros_driver2/hook/cmake_prefix_path.sh'
[251.225s] Level 1:colcon.colcon_core.environment:checking '/home/allen/rm_ws/install/livox_ros_driver2/lib'
[251.225s] Level 1:colcon.colcon_core.shell:create_environment_hook('livox_ros_driver2', 'ld_library_path_lib')
[251.226s] INFO:colcon.colcon_core.shell:Creating environment hook '/home/allen/rm_ws/install/livox_ros_driver2/share/livox_ros_driver2/hook/ld_library_path_lib.ps1'
[251.226s] INFO:colcon.colcon_core.shell:Creating environment descriptor '/home/allen/rm_ws/install/livox_ros_driver2/share/livox_ros_driver2/hook/ld_library_path_lib.dsv'
[251.227s] INFO:colcon.colcon_core.shell:Creating environment hook '/home/allen/rm_ws/install/livox_ros_driver2/share/livox_ros_driver2/hook/ld_library_path_lib.sh'
[251.228s] Level 1:colcon.colcon_core.environment:checking '/home/allen/rm_ws/install/livox_ros_driver2/bin'
[251.228s] Level 1:colcon.colcon_core.environment:checking '/home/allen/rm_ws/install/livox_ros_driver2/lib/pkgconfig/livox_ros_driver2.pc'
[251.229s] Level 1:colcon.colcon_core.environment:checking '/home/allen/rm_ws/install/livox_ros_driver2/lib/python3.10/site-packages'
[251.229s] Level 1:colcon.colcon_core.environment:checking '/home/allen/rm_ws/install/livox_ros_driver2/bin'
[251.229s] INFO:colcon.colcon_core.shell:Creating package script '/home/allen/rm_ws/install/livox_ros_driver2/share/livox_ros_driver2/package.ps1'
[251.230s] INFO:colcon.colcon_core.shell:Creating package descriptor '/home/allen/rm_ws/install/livox_ros_driver2/share/livox_ros_driver2/package.dsv'
[251.234s] INFO:colcon.colcon_core.shell:Creating package script '/home/allen/rm_ws/install/livox_ros_driver2/share/livox_ros_driver2/package.sh'
[251.235s] INFO:colcon.colcon_core.shell:Creating package script '/home/allen/rm_ws/install/livox_ros_driver2/share/livox_ros_driver2/package.bash'
[251.236s] INFO:colcon.colcon_core.shell:Creating package script '/home/allen/rm_ws/install/livox_ros_driver2/share/livox_ros_driver2/package.zsh'
[251.237s] Level 1:colcon.colcon_core.environment:create_file_with_runtime_dependencies(/home/allen/rm_ws/install/livox_ros_driver2/share/colcon-core/packages/livox_ros_driver2)
[251.241s] INFO:colcon.colcon_ros.task.ament_cmake.build:Building ROS package in '/home/allen/rm_ws/src/rm_navigation/teb_local_planner/teb_msgs' with build type 'ament_cmake'
[251.241s] INFO:colcon.colcon_cmake.task.cmake.build:Building CMake package in '/home/allen/rm_ws/src/rm_navigation/teb_local_planner/teb_msgs'
[251.242s] INFO:colcon.colcon_core.shell:Skip shell extension 'powershell' for command environment: Not usable outside of PowerShell
[251.244s] DEBUG:colcon.colcon_core.shell:Skip shell extension 'dsv' for command environment
[251.359s] DEBUG:colcon.colcon_core.event_handler.log_command:Invoking command in '/home/allen/rm_ws/build/teb_msgs': AMENT_PREFIX_PATH=/home/allen/rm_ws/install/costmap_converter_msgs:${AMENT_PREFIX_PATH} CMAKE_PREFIX_PATH=/home/allen/rm_ws/install/costmap_converter_msgs:/home/allen/Robomaster/rm_ws/install/teb_local_planner:/home/allen/Robomaster/rm_ws/install/teb_msgs:/home/allen/Robomaster/rm_ws/install/ros2_livox_simulation:/home/allen/Robomaster/rm_ws/install/rmbot2:/home/allen/Robomaster/rm_ws/install/rm_navigation:/home/allen/Robomaster/rm_ws/install/rm_nav_bringup:/home/allen/Robomaster/rm_ws/install/pointcloud_to_laserscan:/home/allen/Robomaster/rm_ws/install/point_lio:/home/allen/Robomaster/rm_ws/install/icp_registration:/home/allen/Robomaster/rm_ws/install/fast_lio:/home/allen/Robomaster/rm_ws/install/livox_ros_driver2:/home/allen/Robomaster/rm_ws/install/linefit_ground_segmentation_ros:/home/allen/Robomaster/rm_ws/install/linefit_ground_segmentation:/home/allen/Robomaster/rm_ws/install/imu_complementary_filter:/home/allen/Robomaster/rm_ws/install/fake_vel_transform:/home/allen/Robomaster/rm_ws/install/costmap_converter:/home/allen/Robomaster/rm_ws/install/costmap_converter_msgs:/home/allen/capstone/description_ws/install/ur_yt_sim:/home/allen/capstone/description_ws/install/ur10e_description:/home/allen/capstone/description_ws/install/kuka_agilus_support:/home/allen/capstone/description_ws/install/kuka_resources:/opt/ros/humble:/home/allen/capstone/description_ws/install/kuka_kr3_description LD_LIBRARY_PATH=/home/allen/rm_ws/install/costmap_converter_msgs/lib:/home/allen/Robomaster/rm_ws/install/teb_local_planner/lib:/home/allen/Robomaster/rm_ws/install/teb_msgs/lib:/home/allen/Robomaster/rm_ws/install/ros2_livox_simulation/lib:/home/allen/Robomaster/rm_ws/install/pointcloud_to_laserscan/lib:/home/allen/Robomaster/rm_ws/install/icp_registration/lib:/home/allen/Robomaster/rm_ws/install/fast_lio/lib:/home/allen/Robomaster/rm_ws/install/livox_ros_driver2/lib:/home/allen/Robomaster/rm_ws/install/linefit_ground_segmentation/lib:/home/allen/Robomaster/rm_ws/install/imu_complementary_filter/lib:/home/allen/Robomaster/rm_ws/install/fake_vel_transform/lib:/home/allen/Robomaster/rm_ws/install/costmap_converter/lib:/home/allen/Robomaster/rm_ws/install/costmap_converter_msgs/lib:/usr/lib/x86_64-linux-gnu/gazebo-11/plugins:/opt/ros/humble/opt/rviz_ogre_vendor/lib:/opt/ros/humble/lib/x86_64-linux-gnu:/opt/ros/humble/opt/openvdb_vendor/lib:/opt/ros/humble/lib:/usr/local/lib:/usr/local/lib:/usr/local/lib:/usr/local/lib PYTHONPATH=/home/allen/rm_ws/install/costmap_converter_msgs/local/lib/python3.10/dist-packages:${PYTHONPATH} /usr/bin/cmake /home/allen/rm_ws/src/rm_navigation/teb_local_planner/teb_msgs -DAMENT_CMAKE_SYMLINK_INSTALL=1 -DCMAKE_INSTALL_PREFIX=/home/allen/rm_ws/install/teb_msgs
[274.063s] DEBUG:colcon.colcon_core.event_handler.log_command:Invoked command in '/home/allen/rm_ws/build/teb_msgs' returned '0': AMENT_PREFIX_PATH=/home/allen/rm_ws/install/costmap_converter_msgs:${AMENT_PREFIX_PATH} CMAKE_PREFIX_PATH=/home/allen/rm_ws/install/costmap_converter_msgs:/home/allen/Robomaster/rm_ws/install/teb_local_planner:/home/allen/Robomaster/rm_ws/install/teb_msgs:/home/allen/Robomaster/rm_ws/install/ros2_livox_simulation:/home/allen/Robomaster/rm_ws/install/rmbot2:/home/allen/Robomaster/rm_ws/install/rm_navigation:/home/allen/Robomaster/rm_ws/install/rm_nav_bringup:/home/allen/Robomaster/rm_ws/install/pointcloud_to_laserscan:/home/allen/Robomaster/rm_ws/install/point_lio:/home/allen/Robomaster/rm_ws/install/icp_registration:/home/allen/Robomaster/rm_ws/install/fast_lio:/home/allen/Robomaster/rm_ws/install/livox_ros_driver2:/home/allen/Robomaster/rm_ws/install/linefit_ground_segmentation_ros:/home/allen/Robomaster/rm_ws/install/linefit_ground_segmentation:/home/allen/Robomaster/rm_ws/install/imu_complementary_filter:/home/allen/Robomaster/rm_ws/install/fake_vel_transform:/home/allen/Robomaster/rm_ws/install/costmap_converter:/home/allen/Robomaster/rm_ws/install/costmap_converter_msgs:/home/allen/capstone/description_ws/install/ur_yt_sim:/home/allen/capstone/description_ws/install/ur10e_description:/home/allen/capstone/description_ws/install/kuka_agilus_support:/home/allen/capstone/description_ws/install/kuka_resources:/opt/ros/humble:/home/allen/capstone/description_ws/install/kuka_kr3_description LD_LIBRARY_PATH=/home/allen/rm_ws/install/costmap_converter_msgs/lib:/home/allen/Robomaster/rm_ws/install/teb_local_planner/lib:/home/allen/Robomaster/rm_ws/install/teb_msgs/lib:/home/allen/Robomaster/rm_ws/install/ros2_livox_simulation/lib:/home/allen/Robomaster/rm_ws/install/pointcloud_to_laserscan/lib:/home/allen/Robomaster/rm_ws/install/icp_registration/lib:/home/allen/Robomaster/rm_ws/install/fast_lio/lib:/home/allen/Robomaster/rm_ws/install/livox_ros_driver2/lib:/home/allen/Robomaster/rm_ws/install/linefit_ground_segmentation/lib:/home/allen/Robomaster/rm_ws/install/imu_complementary_filter/lib:/home/allen/Robomaster/rm_ws/install/fake_vel_transform/lib:/home/allen/Robomaster/rm_ws/install/costmap_converter/lib:/home/allen/Robomaster/rm_ws/install/costmap_converter_msgs/lib:/usr/lib/x86_64-linux-gnu/gazebo-11/plugins:/opt/ros/humble/opt/rviz_ogre_vendor/lib:/opt/ros/humble/lib/x86_64-linux-gnu:/opt/ros/humble/opt/openvdb_vendor/lib:/opt/ros/humble/lib:/usr/local/lib:/usr/local/lib:/usr/local/lib:/usr/local/lib PYTHONPATH=/home/allen/rm_ws/install/costmap_converter_msgs/local/lib/python3.10/dist-packages:${PYTHONPATH} /usr/bin/cmake /home/allen/rm_ws/src/rm_navigation/teb_local_planner/teb_msgs -DAMENT_CMAKE_SYMLINK_INSTALL=1 -DCMAKE_INSTALL_PREFIX=/home/allen/rm_ws/install/teb_msgs
[274.074s] DEBUG:colcon.colcon_core.event_handler.log_command:Invoking command in '/home/allen/rm_ws/build/teb_msgs': AMENT_PREFIX_PATH=/home/allen/rm_ws/install/costmap_converter_msgs:${AMENT_PREFIX_PATH} CMAKE_PREFIX_PATH=/home/allen/rm_ws/install/costmap_converter_msgs:/home/allen/Robomaster/rm_ws/install/teb_local_planner:/home/allen/Robomaster/rm_ws/install/teb_msgs:/home/allen/Robomaster/rm_ws/install/ros2_livox_simulation:/home/allen/Robomaster/rm_ws/install/rmbot2:/home/allen/Robomaster/rm_ws/install/rm_navigation:/home/allen/Robomaster/rm_ws/install/rm_nav_bringup:/home/allen/Robomaster/rm_ws/install/pointcloud_to_laserscan:/home/allen/Robomaster/rm_ws/install/point_lio:/home/allen/Robomaster/rm_ws/install/icp_registration:/home/allen/Robomaster/rm_ws/install/fast_lio:/home/allen/Robomaster/rm_ws/install/livox_ros_driver2:/home/allen/Robomaster/rm_ws/install/linefit_ground_segmentation_ros:/home/allen/Robomaster/rm_ws/install/linefit_ground_segmentation:/home/allen/Robomaster/rm_ws/install/imu_complementary_filter:/home/allen/Robomaster/rm_ws/install/fake_vel_transform:/home/allen/Robomaster/rm_ws/install/costmap_converter:/home/allen/Robomaster/rm_ws/install/costmap_converter_msgs:/home/allen/capstone/description_ws/install/ur_yt_sim:/home/allen/capstone/description_ws/install/ur10e_description:/home/allen/capstone/description_ws/install/kuka_agilus_support:/home/allen/capstone/description_ws/install/kuka_resources:/opt/ros/humble:/home/allen/capstone/description_ws/install/kuka_kr3_description LD_LIBRARY_PATH=/home/allen/rm_ws/install/costmap_converter_msgs/lib:/home/allen/Robomaster/rm_ws/install/teb_local_planner/lib:/home/allen/Robomaster/rm_ws/install/teb_msgs/lib:/home/allen/Robomaster/rm_ws/install/ros2_livox_simulation/lib:/home/allen/Robomaster/rm_ws/install/pointcloud_to_laserscan/lib:/home/allen/Robomaster/rm_ws/install/icp_registration/lib:/home/allen/Robomaster/rm_ws/install/fast_lio/lib:/home/allen/Robomaster/rm_ws/install/livox_ros_driver2/lib:/home/allen/Robomaster/rm_ws/install/linefit_ground_segmentation/lib:/home/allen/Robomaster/rm_ws/install/imu_complementary_filter/lib:/home/allen/Robomaster/rm_ws/install/fake_vel_transform/lib:/home/allen/Robomaster/rm_ws/install/costmap_converter/lib:/home/allen/Robomaster/rm_ws/install/costmap_converter_msgs/lib:/usr/lib/x86_64-linux-gnu/gazebo-11/plugins:/opt/ros/humble/opt/rviz_ogre_vendor/lib:/opt/ros/humble/lib/x86_64-linux-gnu:/opt/ros/humble/opt/openvdb_vendor/lib:/opt/ros/humble/lib:/usr/local/lib:/usr/local/lib:/usr/local/lib:/usr/local/lib PYTHONPATH=/home/allen/rm_ws/install/costmap_converter_msgs/local/lib/python3.10/dist-packages:${PYTHONPATH} /usr/bin/cmake --build /home/allen/rm_ws/build/teb_msgs -- -j2 -l2
[330.392s] DEBUG:colcon.colcon_core.event_handler.log_command:Invoked command in '/home/allen/rm_ws/build/teb_msgs' returned '0': AMENT_PREFIX_PATH=/home/allen/rm_ws/install/costmap_converter_msgs:${AMENT_PREFIX_PATH} CMAKE_PREFIX_PATH=/home/allen/rm_ws/install/costmap_converter_msgs:/home/allen/Robomaster/rm_ws/install/teb_local_planner:/home/allen/Robomaster/rm_ws/install/teb_msgs:/home/allen/Robomaster/rm_ws/install/ros2_livox_simulation:/home/allen/Robomaster/rm_ws/install/rmbot2:/home/allen/Robomaster/rm_ws/install/rm_navigation:/home/allen/Robomaster/rm_ws/install/rm_nav_bringup:/home/allen/Robomaster/rm_ws/install/pointcloud_to_laserscan:/home/allen/Robomaster/rm_ws/install/point_lio:/home/allen/Robomaster/rm_ws/install/icp_registration:/home/allen/Robomaster/rm_ws/install/fast_lio:/home/allen/Robomaster/rm_ws/install/livox_ros_driver2:/home/allen/Robomaster/rm_ws/install/linefit_ground_segmentation_ros:/home/allen/Robomaster/rm_ws/install/linefit_ground_segmentation:/home/allen/Robomaster/rm_ws/install/imu_complementary_filter:/home/allen/Robomaster/rm_ws/install/fake_vel_transform:/home/allen/Robomaster/rm_ws/install/costmap_converter:/home/allen/Robomaster/rm_ws/install/costmap_converter_msgs:/home/allen/capstone/description_ws/install/ur_yt_sim:/home/allen/capstone/description_ws/install/ur10e_description:/home/allen/capstone/description_ws/install/kuka_agilus_support:/home/allen/capstone/description_ws/install/kuka_resources:/opt/ros/humble:/home/allen/capstone/description_ws/install/kuka_kr3_description LD_LIBRARY_PATH=/home/allen/rm_ws/install/costmap_converter_msgs/lib:/home/allen/Robomaster/rm_ws/install/teb_local_planner/lib:/home/allen/Robomaster/rm_ws/install/teb_msgs/lib:/home/allen/Robomaster/rm_ws/install/ros2_livox_simulation/lib:/home/allen/Robomaster/rm_ws/install/pointcloud_to_laserscan/lib:/home/allen/Robomaster/rm_ws/install/icp_registration/lib:/home/allen/Robomaster/rm_ws/install/fast_lio/lib:/home/allen/Robomaster/rm_ws/install/livox_ros_driver2/lib:/home/allen/Robomaster/rm_ws/install/linefit_ground_segmentation/lib:/home/allen/Robomaster/rm_ws/install/imu_complementary_filter/lib:/home/allen/Robomaster/rm_ws/install/fake_vel_transform/lib:/home/allen/Robomaster/rm_ws/install/costmap_converter/lib:/home/allen/Robomaster/rm_ws/install/costmap_converter_msgs/lib:/usr/lib/x86_64-linux-gnu/gazebo-11/plugins:/opt/ros/humble/opt/rviz_ogre_vendor/lib:/opt/ros/humble/lib/x86_64-linux-gnu:/opt/ros/humble/opt/openvdb_vendor/lib:/opt/ros/humble/lib:/usr/local/lib:/usr/local/lib:/usr/local/lib:/usr/local/lib PYTHONPATH=/home/allen/rm_ws/install/costmap_converter_msgs/local/lib/python3.10/dist-packages:${PYTHONPATH} /usr/bin/cmake --build /home/allen/rm_ws/build/teb_msgs -- -j2 -l2
[330.400s] DEBUG:colcon.colcon_core.event_handler.log_command:Invoking command in '/home/allen/rm_ws/build/teb_msgs': AMENT_PREFIX_PATH=/home/allen/rm_ws/install/costmap_converter_msgs:${AMENT_PREFIX_PATH} CMAKE_PREFIX_PATH=/home/allen/rm_ws/install/costmap_converter_msgs:/home/allen/Robomaster/rm_ws/install/teb_local_planner:/home/allen/Robomaster/rm_ws/install/teb_msgs:/home/allen/Robomaster/rm_ws/install/ros2_livox_simulation:/home/allen/Robomaster/rm_ws/install/rmbot2:/home/allen/Robomaster/rm_ws/install/rm_navigation:/home/allen/Robomaster/rm_ws/install/rm_nav_bringup:/home/allen/Robomaster/rm_ws/install/pointcloud_to_laserscan:/home/allen/Robomaster/rm_ws/install/point_lio:/home/allen/Robomaster/rm_ws/install/icp_registration:/home/allen/Robomaster/rm_ws/install/fast_lio:/home/allen/Robomaster/rm_ws/install/livox_ros_driver2:/home/allen/Robomaster/rm_ws/install/linefit_ground_segmentation_ros:/home/allen/Robomaster/rm_ws/install/linefit_ground_segmentation:/home/allen/Robomaster/rm_ws/install/imu_complementary_filter:/home/allen/Robomaster/rm_ws/install/fake_vel_transform:/home/allen/Robomaster/rm_ws/install/costmap_converter:/home/allen/Robomaster/rm_ws/install/costmap_converter_msgs:/home/allen/capstone/description_ws/install/ur_yt_sim:/home/allen/capstone/description_ws/install/ur10e_description:/home/allen/capstone/description_ws/install/kuka_agilus_support:/home/allen/capstone/description_ws/install/kuka_resources:/opt/ros/humble:/home/allen/capstone/description_ws/install/kuka_kr3_description LD_LIBRARY_PATH=/home/allen/rm_ws/install/costmap_converter_msgs/lib:/home/allen/Robomaster/rm_ws/install/teb_local_planner/lib:/home/allen/Robomaster/rm_ws/install/teb_msgs/lib:/home/allen/Robomaster/rm_ws/install/ros2_livox_simulation/lib:/home/allen/Robomaster/rm_ws/install/pointcloud_to_laserscan/lib:/home/allen/Robomaster/rm_ws/install/icp_registration/lib:/home/allen/Robomaster/rm_ws/install/fast_lio/lib:/home/allen/Robomaster/rm_ws/install/livox_ros_driver2/lib:/home/allen/Robomaster/rm_ws/install/linefit_ground_segmentation/lib:/home/allen/Robomaster/rm_ws/install/imu_complementary_filter/lib:/home/allen/Robomaster/rm_ws/install/fake_vel_transform/lib:/home/allen/Robomaster/rm_ws/install/costmap_converter/lib:/home/allen/Robomaster/rm_ws/install/costmap_converter_msgs/lib:/usr/lib/x86_64-linux-gnu/gazebo-11/plugins:/opt/ros/humble/opt/rviz_ogre_vendor/lib:/opt/ros/humble/lib/x86_64-linux-gnu:/opt/ros/humble/opt/openvdb_vendor/lib:/opt/ros/humble/lib:/usr/local/lib:/usr/local/lib:/usr/local/lib:/usr/local/lib PYTHONPATH=/home/allen/rm_ws/install/costmap_converter_msgs/local/lib/python3.10/dist-packages:${PYTHONPATH} /usr/bin/cmake --install /home/allen/rm_ws/build/teb_msgs
[338.990s] Level 1:colcon.colcon_core.environment:create_environment_scripts_only(teb_msgs)
[338.992s] Level 1:colcon.colcon_core.environment:checking '/home/allen/rm_ws/install/teb_msgs' for CMake module files
[338.995s] DEBUG:colcon.colcon_core.event_handler.log_command:Invoked command in '/home/allen/rm_ws/build/teb_msgs' returned '0': AMENT_PREFIX_PATH=/home/allen/rm_ws/install/costmap_converter_msgs:${AMENT_PREFIX_PATH} CMAKE_PREFIX_PATH=/home/allen/rm_ws/install/costmap_converter_msgs:/home/allen/Robomaster/rm_ws/install/teb_local_planner:/home/allen/Robomaster/rm_ws/install/teb_msgs:/home/allen/Robomaster/rm_ws/install/ros2_livox_simulation:/home/allen/Robomaster/rm_ws/install/rmbot2:/home/allen/Robomaster/rm_ws/install/rm_navigation:/home/allen/Robomaster/rm_ws/install/rm_nav_bringup:/home/allen/Robomaster/rm_ws/install/pointcloud_to_laserscan:/home/allen/Robomaster/rm_ws/install/point_lio:/home/allen/Robomaster/rm_ws/install/icp_registration:/home/allen/Robomaster/rm_ws/install/fast_lio:/home/allen/Robomaster/rm_ws/install/livox_ros_driver2:/home/allen/Robomaster/rm_ws/install/linefit_ground_segmentation_ros:/home/allen/Robomaster/rm_ws/install/linefit_ground_segmentation:/home/allen/Robomaster/rm_ws/install/imu_complementary_filter:/home/allen/Robomaster/rm_ws/install/fake_vel_transform:/home/allen/Robomaster/rm_ws/install/costmap_converter:/home/allen/Robomaster/rm_ws/install/costmap_converter_msgs:/home/allen/capstone/description_ws/install/ur_yt_sim:/home/allen/capstone/description_ws/install/ur10e_description:/home/allen/capstone/description_ws/install/kuka_agilus_support:/home/allen/capstone/description_ws/install/kuka_resources:/opt/ros/humble:/home/allen/capstone/description_ws/install/kuka_kr3_description LD_LIBRARY_PATH=/home/allen/rm_ws/install/costmap_converter_msgs/lib:/home/allen/Robomaster/rm_ws/install/teb_local_planner/lib:/home/allen/Robomaster/rm_ws/install/teb_msgs/lib:/home/allen/Robomaster/rm_ws/install/ros2_livox_simulation/lib:/home/allen/Robomaster/rm_ws/install/pointcloud_to_laserscan/lib:/home/allen/Robomaster/rm_ws/install/icp_registration/lib:/home/allen/Robomaster/rm_ws/install/fast_lio/lib:/home/allen/Robomaster/rm_ws/install/livox_ros_driver2/lib:/home/allen/Robomaster/rm_ws/install/linefit_ground_segmentation/lib:/home/allen/Robomaster/rm_ws/install/imu_complementary_filter/lib:/home/allen/Robomaster/rm_ws/install/fake_vel_transform/lib:/home/allen/Robomaster/rm_ws/install/costmap_converter/lib:/home/allen/Robomaster/rm_ws/install/costmap_converter_msgs/lib:/usr/lib/x86_64-linux-gnu/gazebo-11/plugins:/opt/ros/humble/opt/rviz_ogre_vendor/lib:/opt/ros/humble/lib/x86_64-linux-gnu:/opt/ros/humble/opt/openvdb_vendor/lib:/opt/ros/humble/lib:/usr/local/lib:/usr/local/lib:/usr/local/lib:/usr/local/lib PYTHONPATH=/home/allen/rm_ws/install/costmap_converter_msgs/local/lib/python3.10/dist-packages:${PYTHONPATH} /usr/bin/cmake --install /home/allen/rm_ws/build/teb_msgs
[338.999s] Level 1:colcon.colcon_core.environment:checking '/home/allen/rm_ws/install/teb_msgs' for CMake config files
[339.002s] Level 1:colcon.colcon_core.shell:create_environment_hook('teb_msgs', 'cmake_prefix_path')
[339.003s] INFO:colcon.colcon_core.shell:Creating environment hook '/home/allen/rm_ws/install/teb_msgs/share/teb_msgs/hook/cmake_prefix_path.ps1'
[339.007s] INFO:colcon.colcon_core.shell:Creating environment descriptor '/home/allen/rm_ws/install/teb_msgs/share/teb_msgs/hook/cmake_prefix_path.dsv'
[339.008s] INFO:colcon.colcon_core.shell:Creating environment hook '/home/allen/rm_ws/install/teb_msgs/share/teb_msgs/hook/cmake_prefix_path.sh'
[339.012s] Level 1:colcon.colcon_core.environment:checking '/home/allen/rm_ws/install/teb_msgs/lib'
[339.013s] Level 1:colcon.colcon_core.shell:create_environment_hook('teb_msgs', 'ld_library_path_lib')
[339.014s] INFO:colcon.colcon_core.shell:Creating environment hook '/home/allen/rm_ws/install/teb_msgs/share/teb_msgs/hook/ld_library_path_lib.ps1'
[339.016s] INFO:colcon.colcon_core.shell:Creating environment descriptor '/home/allen/rm_ws/install/teb_msgs/share/teb_msgs/hook/ld_library_path_lib.dsv'
[339.018s] INFO:colcon.colcon_core.shell:Creating environment hook '/home/allen/rm_ws/install/teb_msgs/share/teb_msgs/hook/ld_library_path_lib.sh'
[339.019s] Level 1:colcon.colcon_core.environment:checking '/home/allen/rm_ws/install/teb_msgs/bin'
[339.020s] Level 1:colcon.colcon_core.environment:checking '/home/allen/rm_ws/install/teb_msgs/lib/pkgconfig/teb_msgs.pc'
[339.021s] Level 1:colcon.colcon_core.environment:checking '/home/allen/rm_ws/install/teb_msgs/lib/python3.10/site-packages'
[339.021s] Level 1:colcon.colcon_core.environment:checking '/home/allen/rm_ws/install/teb_msgs/bin'
[339.023s] INFO:colcon.colcon_core.shell:Creating package script '/home/allen/rm_ws/install/teb_msgs/share/teb_msgs/package.ps1'
[339.027s] INFO:colcon.colcon_core.shell:Creating package descriptor '/home/allen/rm_ws/install/teb_msgs/share/teb_msgs/package.dsv'
[339.029s] INFO:colcon.colcon_core.shell:Creating package script '/home/allen/rm_ws/install/teb_msgs/share/teb_msgs/package.sh'
[339.032s] INFO:colcon.colcon_core.shell:Creating package script '/home/allen/rm_ws/install/teb_msgs/share/teb_msgs/package.bash'
[339.034s] INFO:colcon.colcon_core.shell:Creating package script '/home/allen/rm_ws/install/teb_msgs/share/teb_msgs/package.zsh'
[339.036s] Level 1:colcon.colcon_core.environment:create_file_with_runtime_dependencies(/home/allen/rm_ws/install/teb_msgs/share/colcon-core/packages/teb_msgs)
[339.038s] Level 1:colcon.colcon_core.environment:create_environment_scripts_only(teb_msgs)
[339.040s] Level 1:colcon.colcon_core.environment:checking '/home/allen/rm_ws/install/teb_msgs' for CMake module files
[339.046s] Level 1:colcon.colcon_core.environment:checking '/home/allen/rm_ws/install/teb_msgs' for CMake config files
[339.049s] Level 1:colcon.colcon_core.shell:create_environment_hook('teb_msgs', 'cmake_prefix_path')
[339.049s] INFO:colcon.colcon_core.shell:Creating environment hook '/home/allen/rm_ws/install/teb_msgs/share/teb_msgs/hook/cmake_prefix_path.ps1'
[339.051s] INFO:colcon.colcon_core.shell:Creating environment descriptor '/home/allen/rm_ws/install/teb_msgs/share/teb_msgs/hook/cmake_prefix_path.dsv'
[339.053s] INFO:colcon.colcon_core.shell:Creating environment hook '/home/allen/rm_ws/install/teb_msgs/share/teb_msgs/hook/cmake_prefix_path.sh'
[339.056s] Level 1:colcon.colcon_core.environment:checking '/home/allen/rm_ws/install/teb_msgs/lib'
[339.056s] Level 1:colcon.colcon_core.shell:create_environment_hook('teb_msgs', 'ld_library_path_lib')
[339.056s] INFO:colcon.colcon_core.shell:Creating environment hook '/home/allen/rm_ws/install/teb_msgs/share/teb_msgs/hook/ld_library_path_lib.ps1'
[339.059s] INFO:colcon.colcon_core.shell:Creating environment descriptor '/home/allen/rm_ws/install/teb_msgs/share/teb_msgs/hook/ld_library_path_lib.dsv'
[339.061s] INFO:colcon.colcon_core.shell:Creating environment hook '/home/allen/rm_ws/install/teb_msgs/share/teb_msgs/hook/ld_library_path_lib.sh'
[339.063s] Level 1:colcon.colcon_core.environment:checking '/home/allen/rm_ws/install/teb_msgs/bin'
[339.064s] Level 1:colcon.colcon_core.environment:checking '/home/allen/rm_ws/install/teb_msgs/lib/pkgconfig/teb_msgs.pc'
[339.064s] Level 1:colcon.colcon_core.environment:checking '/home/allen/rm_ws/install/teb_msgs/lib/python3.10/site-packages'
[339.065s] Level 1:colcon.colcon_core.environment:checking '/home/allen/rm_ws/install/teb_msgs/bin'
[339.066s] INFO:colcon.colcon_core.shell:Creating package script '/home/allen/rm_ws/install/teb_msgs/share/teb_msgs/package.ps1'
[339.069s] INFO:colcon.colcon_core.shell:Creating package descriptor '/home/allen/rm_ws/install/teb_msgs/share/teb_msgs/package.dsv'
[339.072s] INFO:colcon.colcon_core.shell:Creating package script '/home/allen/rm_ws/install/teb_msgs/share/teb_msgs/package.sh'
[339.075s] INFO:colcon.colcon_core.shell:Creating package script '/home/allen/rm_ws/install/teb_msgs/share/teb_msgs/package.bash'
[339.076s] INFO:colcon.colcon_core.shell:Creating package script '/home/allen/rm_ws/install/teb_msgs/share/teb_msgs/package.zsh'
[339.077s] Level 1:colcon.colcon_core.environment:create_file_with_runtime_dependencies(/home/allen/rm_ws/install/teb_msgs/share/colcon-core/packages/teb_msgs)
[339.079s] INFO:colcon.colcon_ros.task.ament_cmake.build:Building ROS package in '/home/allen/rm_ws/src/rm_navigation/fake_vel_transform' with build type 'ament_cmake'
[339.079s] INFO:colcon.colcon_cmake.task.cmake.build:Building CMake package in '/home/allen/rm_ws/src/rm_navigation/fake_vel_transform'
[339.080s] INFO:colcon.colcon_core.shell:Skip shell extension 'powershell' for command environment: Not usable outside of PowerShell
[339.080s] DEBUG:colcon.colcon_core.shell:Skip shell extension 'dsv' for command environment
[339.203s] DEBUG:colcon.colcon_core.event_handler.log_command:Invoking command in '/home/allen/rm_ws/build/fake_vel_transform': CMAKE_PREFIX_PATH=/home/allen/Robomaster/rm_ws/install/teb_local_planner:/home/allen/Robomaster/rm_ws/install/teb_msgs:/home/allen/Robomaster/rm_ws/install/ros2_livox_simulation:/home/allen/Robomaster/rm_ws/install/rmbot2:/home/allen/Robomaster/rm_ws/install/rm_navigation:/home/allen/Robomaster/rm_ws/install/rm_nav_bringup:/home/allen/Robomaster/rm_ws/install/pointcloud_to_laserscan:/home/allen/Robomaster/rm_ws/install/point_lio:/home/allen/Robomaster/rm_ws/install/icp_registration:/home/allen/Robomaster/rm_ws/install/fast_lio:/home/allen/Robomaster/rm_ws/install/livox_ros_driver2:/home/allen/Robomaster/rm_ws/install/linefit_ground_segmentation_ros:/home/allen/Robomaster/rm_ws/install/linefit_ground_segmentation:/home/allen/Robomaster/rm_ws/install/imu_complementary_filter:/home/allen/Robomaster/rm_ws/install/fake_vel_transform:/home/allen/Robomaster/rm_ws/install/costmap_converter:/home/allen/Robomaster/rm_ws/install/costmap_converter_msgs:/home/allen/capstone/description_ws/install/ur_yt_sim:/home/allen/capstone/description_ws/install/ur10e_description:/home/allen/capstone/description_ws/install/kuka_agilus_support:/home/allen/capstone/description_ws/install/kuka_resources:/opt/ros/humble:/home/allen/capstone/description_ws/install/kuka_kr3_description /usr/bin/cmake /home/allen/rm_ws/src/rm_navigation/fake_vel_transform -DAMENT_CMAKE_SYMLINK_INSTALL=1 -DCMAKE_INSTALL_PREFIX=/home/allen/rm_ws/install/fake_vel_transform
[359.408s] DEBUG:colcon.colcon_core.event_handler.log_command:Invoked command in '/home/allen/rm_ws/build/fake_vel_transform' returned '0': CMAKE_PREFIX_PATH=/home/allen/Robomaster/rm_ws/install/teb_local_planner:/home/allen/Robomaster/rm_ws/install/teb_msgs:/home/allen/Robomaster/rm_ws/install/ros2_livox_simulation:/home/allen/Robomaster/rm_ws/install/rmbot2:/home/allen/Robomaster/rm_ws/install/rm_navigation:/home/allen/Robomaster/rm_ws/install/rm_nav_bringup:/home/allen/Robomaster/rm_ws/install/pointcloud_to_laserscan:/home/allen/Robomaster/rm_ws/install/point_lio:/home/allen/Robomaster/rm_ws/install/icp_registration:/home/allen/Robomaster/rm_ws/install/fast_lio:/home/allen/Robomaster/rm_ws/install/livox_ros_driver2:/home/allen/Robomaster/rm_ws/install/linefit_ground_segmentation_ros:/home/allen/Robomaster/rm_ws/install/linefit_ground_segmentation:/home/allen/Robomaster/rm_ws/install/imu_complementary_filter:/home/allen/Robomaster/rm_ws/install/fake_vel_transform:/home/allen/Robomaster/rm_ws/install/costmap_converter:/home/allen/Robomaster/rm_ws/install/costmap_converter_msgs:/home/allen/capstone/description_ws/install/ur_yt_sim:/home/allen/capstone/description_ws/install/ur10e_description:/home/allen/capstone/description_ws/install/kuka_agilus_support:/home/allen/capstone/description_ws/install/kuka_resources:/opt/ros/humble:/home/allen/capstone/description_ws/install/kuka_kr3_description /usr/bin/cmake /home/allen/rm_ws/src/rm_navigation/fake_vel_transform -DAMENT_CMAKE_SYMLINK_INSTALL=1 -DCMAKE_INSTALL_PREFIX=/home/allen/rm_ws/install/fake_vel_transform
[359.409s] DEBUG:colcon.colcon_core.event_handler.log_command:Invoking command in '/home/allen/rm_ws/build/fake_vel_transform': CMAKE_PREFIX_PATH=/home/allen/Robomaster/rm_ws/install/teb_local_planner:/home/allen/Robomaster/rm_ws/install/teb_msgs:/home/allen/Robomaster/rm_ws/install/ros2_livox_simulation:/home/allen/Robomaster/rm_ws/install/rmbot2:/home/allen/Robomaster/rm_ws/install/rm_navigation:/home/allen/Robomaster/rm_ws/install/rm_nav_bringup:/home/allen/Robomaster/rm_ws/install/pointcloud_to_laserscan:/home/allen/Robomaster/rm_ws/install/point_lio:/home/allen/Robomaster/rm_ws/install/icp_registration:/home/allen/Robomaster/rm_ws/install/fast_lio:/home/allen/Robomaster/rm_ws/install/livox_ros_driver2:/home/allen/Robomaster/rm_ws/install/linefit_ground_segmentation_ros:/home/allen/Robomaster/rm_ws/install/linefit_ground_segmentation:/home/allen/Robomaster/rm_ws/install/imu_complementary_filter:/home/allen/Robomaster/rm_ws/install/fake_vel_transform:/home/allen/Robomaster/rm_ws/install/costmap_converter:/home/allen/Robomaster/rm_ws/install/costmap_converter_msgs:/home/allen/capstone/description_ws/install/ur_yt_sim:/home/allen/capstone/description_ws/install/ur10e_description:/home/allen/capstone/description_ws/install/kuka_agilus_support:/home/allen/capstone/description_ws/install/kuka_resources:/opt/ros/humble:/home/allen/capstone/description_ws/install/kuka_kr3_description /usr/bin/cmake --build /home/allen/rm_ws/build/fake_vel_transform -- -j2 -l2
[419.480s] DEBUG:colcon.colcon_core.event_handler.log_command:Invoked command in '/home/allen/rm_ws/build/fake_vel_transform' returned '0': CMAKE_PREFIX_PATH=/home/allen/Robomaster/rm_ws/install/teb_local_planner:/home/allen/Robomaster/rm_ws/install/teb_msgs:/home/allen/Robomaster/rm_ws/install/ros2_livox_simulation:/home/allen/Robomaster/rm_ws/install/rmbot2:/home/allen/Robomaster/rm_ws/install/rm_navigation:/home/allen/Robomaster/rm_ws/install/rm_nav_bringup:/home/allen/Robomaster/rm_ws/install/pointcloud_to_laserscan:/home/allen/Robomaster/rm_ws/install/point_lio:/home/allen/Robomaster/rm_ws/install/icp_registration:/home/allen/Robomaster/rm_ws/install/fast_lio:/home/allen/Robomaster/rm_ws/install/livox_ros_driver2:/home/allen/Robomaster/rm_ws/install/linefit_ground_segmentation_ros:/home/allen/Robomaster/rm_ws/install/linefit_ground_segmentation:/home/allen/Robomaster/rm_ws/install/imu_complementary_filter:/home/allen/Robomaster/rm_ws/install/fake_vel_transform:/home/allen/Robomaster/rm_ws/install/costmap_converter:/home/allen/Robomaster/rm_ws/install/costmap_converter_msgs:/home/allen/capstone/description_ws/install/ur_yt_sim:/home/allen/capstone/description_ws/install/ur10e_description:/home/allen/capstone/description_ws/install/kuka_agilus_support:/home/allen/capstone/description_ws/install/kuka_resources:/opt/ros/humble:/home/allen/capstone/description_ws/install/kuka_kr3_description /usr/bin/cmake --build /home/allen/rm_ws/build/fake_vel_transform -- -j2 -l2
[419.481s] DEBUG:colcon.colcon_core.event_handler.log_command:Invoking command in '/home/allen/rm_ws/build/fake_vel_transform': CMAKE_PREFIX_PATH=/home/allen/Robomaster/rm_ws/install/teb_local_planner:/home/allen/Robomaster/rm_ws/install/teb_msgs:/home/allen/Robomaster/rm_ws/install/ros2_livox_simulation:/home/allen/Robomaster/rm_ws/install/rmbot2:/home/allen/Robomaster/rm_ws/install/rm_navigation:/home/allen/Robomaster/rm_ws/install/rm_nav_bringup:/home/allen/Robomaster/rm_ws/install/pointcloud_to_laserscan:/home/allen/Robomaster/rm_ws/install/point_lio:/home/allen/Robomaster/rm_ws/install/icp_registration:/home/allen/Robomaster/rm_ws/install/fast_lio:/home/allen/Robomaster/rm_ws/install/livox_ros_driver2:/home/allen/Robomaster/rm_ws/install/linefit_ground_segmentation_ros:/home/allen/Robomaster/rm_ws/install/linefit_ground_segmentation:/home/allen/Robomaster/rm_ws/install/imu_complementary_filter:/home/allen/Robomaster/rm_ws/install/fake_vel_transform:/home/allen/Robomaster/rm_ws/install/costmap_converter:/home/allen/Robomaster/rm_ws/install/costmap_converter_msgs:/home/allen/capstone/description_ws/install/ur_yt_sim:/home/allen/capstone/description_ws/install/ur10e_description:/home/allen/capstone/description_ws/install/kuka_agilus_support:/home/allen/capstone/description_ws/install/kuka_resources:/opt/ros/humble:/home/allen/capstone/description_ws/install/kuka_kr3_description /usr/bin/cmake --install /home/allen/rm_ws/build/fake_vel_transform
[421.742s] Level 1:colcon.colcon_core.environment:create_environment_scripts_only(fake_vel_transform)
[421.746s] Level 1:colcon.colcon_core.environment:checking '/home/allen/rm_ws/install/fake_vel_transform' for CMake module files
[421.744s] DEBUG:colcon.colcon_core.event_handler.log_command:Invoked command in '/home/allen/rm_ws/build/fake_vel_transform' returned '0': CMAKE_PREFIX_PATH=/home/allen/Robomaster/rm_ws/install/teb_local_planner:/home/allen/Robomaster/rm_ws/install/teb_msgs:/home/allen/Robomaster/rm_ws/install/ros2_livox_simulation:/home/allen/Robomaster/rm_ws/install/rmbot2:/home/allen/Robomaster/rm_ws/install/rm_navigation:/home/allen/Robomaster/rm_ws/install/rm_nav_bringup:/home/allen/Robomaster/rm_ws/install/pointcloud_to_laserscan:/home/allen/Robomaster/rm_ws/install/point_lio:/home/allen/Robomaster/rm_ws/install/icp_registration:/home/allen/Robomaster/rm_ws/install/fast_lio:/home/allen/Robomaster/rm_ws/install/livox_ros_driver2:/home/allen/Robomaster/rm_ws/install/linefit_ground_segmentation_ros:/home/allen/Robomaster/rm_ws/install/linefit_ground_segmentation:/home/allen/Robomaster/rm_ws/install/imu_complementary_filter:/home/allen/Robomaster/rm_ws/install/fake_vel_transform:/home/allen/Robomaster/rm_ws/install/costmap_converter:/home/allen/Robomaster/rm_ws/install/costmap_converter_msgs:/home/allen/capstone/description_ws/install/ur_yt_sim:/home/allen/capstone/description_ws/install/ur10e_description:/home/allen/capstone/description_ws/install/kuka_agilus_support:/home/allen/capstone/description_ws/install/kuka_resources:/opt/ros/humble:/home/allen/capstone/description_ws/install/kuka_kr3_description /usr/bin/cmake --install /home/allen/rm_ws/build/fake_vel_transform
[421.750s] Level 1:colcon.colcon_core.environment:checking '/home/allen/rm_ws/install/fake_vel_transform' for CMake config files
[421.751s] Level 1:colcon.colcon_core.shell:create_environment_hook('fake_vel_transform', 'cmake_prefix_path')
[421.752s] INFO:colcon.colcon_core.shell:Creating environment hook '/home/allen/rm_ws/install/fake_vel_transform/share/fake_vel_transform/hook/cmake_prefix_path.ps1'
[421.753s] INFO:colcon.colcon_core.shell:Creating environment descriptor '/home/allen/rm_ws/install/fake_vel_transform/share/fake_vel_transform/hook/cmake_prefix_path.dsv'
[421.755s] INFO:colcon.colcon_core.shell:Creating environment hook '/home/allen/rm_ws/install/fake_vel_transform/share/fake_vel_transform/hook/cmake_prefix_path.sh'
[421.757s] Level 1:colcon.colcon_core.environment:checking '/home/allen/rm_ws/install/fake_vel_transform/lib'
[421.758s] Level 1:colcon.colcon_core.shell:create_environment_hook('fake_vel_transform', 'ld_library_path_lib')
[421.758s] INFO:colcon.colcon_core.shell:Creating environment hook '/home/allen/rm_ws/install/fake_vel_transform/share/fake_vel_transform/hook/ld_library_path_lib.ps1'
[421.760s] INFO:colcon.colcon_core.shell:Creating environment descriptor '/home/allen/rm_ws/install/fake_vel_transform/share/fake_vel_transform/hook/ld_library_path_lib.dsv'
[421.761s] INFO:colcon.colcon_core.shell:Creating environment hook '/home/allen/rm_ws/install/fake_vel_transform/share/fake_vel_transform/hook/ld_library_path_lib.sh'
[421.763s] Level 1:colcon.colcon_core.environment:checking '/home/allen/rm_ws/install/fake_vel_transform/bin'
[421.763s] Level 1:colcon.colcon_core.environment:checking '/home/allen/rm_ws/install/fake_vel_transform/lib/pkgconfig/fake_vel_transform.pc'
[421.763s] Level 1:colcon.colcon_core.environment:checking '/home/allen/rm_ws/install/fake_vel_transform/lib/python3.10/site-packages'
[421.764s] Level 1:colcon.colcon_core.environment:checking '/home/allen/rm_ws/install/fake_vel_transform/bin'
[421.764s] INFO:colcon.colcon_core.shell:Creating package script '/home/allen/rm_ws/install/fake_vel_transform/share/fake_vel_transform/package.ps1'
[421.765s] INFO:colcon.colcon_core.shell:Creating package descriptor '/home/allen/rm_ws/install/fake_vel_transform/share/fake_vel_transform/package.dsv'
[421.766s] INFO:colcon.colcon_core.shell:Creating package script '/home/allen/rm_ws/install/fake_vel_transform/share/fake_vel_transform/package.sh'
[421.767s] INFO:colcon.colcon_core.shell:Creating package script '/home/allen/rm_ws/install/fake_vel_transform/share/fake_vel_transform/package.bash'
[421.769s] INFO:colcon.colcon_core.shell:Creating package script '/home/allen/rm_ws/install/fake_vel_transform/share/fake_vel_transform/package.zsh'
[421.769s] Level 1:colcon.colcon_core.environment:create_file_with_runtime_dependencies(/home/allen/rm_ws/install/fake_vel_transform/share/colcon-core/packages/fake_vel_transform)
[421.770s] Level 1:colcon.colcon_core.environment:create_environment_scripts_only(fake_vel_transform)
[421.771s] Level 1:colcon.colcon_core.environment:checking '/home/allen/rm_ws/install/fake_vel_transform' for CMake module files
[421.773s] Level 1:colcon.colcon_core.environment:checking '/home/allen/rm_ws/install/fake_vel_transform' for CMake config files
[421.774s] Level 1:colcon.colcon_core.shell:create_environment_hook('fake_vel_transform', 'cmake_prefix_path')
[421.775s] INFO:colcon.colcon_core.shell:Creating environment hook '/home/allen/rm_ws/install/fake_vel_transform/share/fake_vel_transform/hook/cmake_prefix_path.ps1'
[421.777s] INFO:colcon.colcon_core.shell:Creating environment descriptor '/home/allen/rm_ws/install/fake_vel_transform/share/fake_vel_transform/hook/cmake_prefix_path.dsv'
[421.779s] INFO:colcon.colcon_core.shell:Creating environment hook '/home/allen/rm_ws/install/fake_vel_transform/share/fake_vel_transform/hook/cmake_prefix_path.sh'
[421.782s] Level 1:colcon.colcon_core.environment:checking '/home/allen/rm_ws/install/fake_vel_transform/lib'
[421.783s] Level 1:colcon.colcon_core.shell:create_environment_hook('fake_vel_transform', 'ld_library_path_lib')
[421.783s] INFO:colcon.colcon_core.shell:Creating environment hook '/home/allen/rm_ws/install/fake_vel_transform/share/fake_vel_transform/hook/ld_library_path_lib.ps1'
[421.785s] INFO:colcon.colcon_core.shell:Creating environment descriptor '/home/allen/rm_ws/install/fake_vel_transform/share/fake_vel_transform/hook/ld_library_path_lib.dsv'
[421.788s] INFO:colcon.colcon_core.shell:Creating environment hook '/home/allen/rm_ws/install/fake_vel_transform/share/fake_vel_transform/hook/ld_library_path_lib.sh'
[421.789s] Level 1:colcon.colcon_core.environment:checking '/home/allen/rm_ws/install/fake_vel_transform/bin'
[421.790s] Level 1:colcon.colcon_core.environment:checking '/home/allen/rm_ws/install/fake_vel_transform/lib/pkgconfig/fake_vel_transform.pc'
[421.790s] Level 1:colcon.colcon_core.environment:checking '/home/allen/rm_ws/install/fake_vel_transform/lib/python3.10/site-packages'
[421.791s] Level 1:colcon.colcon_core.environment:checking '/home/allen/rm_ws/install/fake_vel_transform/bin'
[421.792s] INFO:colcon.colcon_core.shell:Creating package script '/home/allen/rm_ws/install/fake_vel_transform/share/fake_vel_transform/package.ps1'
[421.792s] INFO:colcon.colcon_core.shell:Creating package descriptor '/home/allen/rm_ws/install/fake_vel_transform/share/fake_vel_transform/package.dsv'
[421.794s] INFO:colcon.colcon_core.shell:Creating package script '/home/allen/rm_ws/install/fake_vel_transform/share/fake_vel_transform/package.sh'
[421.796s] INFO:colcon.colcon_core.shell:Creating package script '/home/allen/rm_ws/install/fake_vel_transform/share/fake_vel_transform/package.bash'
[421.798s] INFO:colcon.colcon_core.shell:Creating package script '/home/allen/rm_ws/install/fake_vel_transform/share/fake_vel_transform/package.zsh'
[421.800s] Level 1:colcon.colcon_core.environment:create_file_with_runtime_dependencies(/home/allen/rm_ws/install/fake_vel_transform/share/colcon-core/packages/fake_vel_transform)
[421.808s] INFO:colcon.colcon_ros.task.ament_cmake.build:Building ROS package in '/home/allen/rm_ws/src/rm_perception/imu_complementary_filter' with build type 'ament_cmake'
[421.808s] INFO:colcon.colcon_cmake.task.cmake.build:Building CMake package in '/home/allen/rm_ws/src/rm_perception/imu_complementary_filter'
[421.809s] INFO:colcon.colcon_core.shell:Skip shell extension 'powershell' for command environment: Not usable outside of PowerShell
[421.812s] DEBUG:colcon.colcon_core.shell:Skip shell extension 'dsv' for command environment
[421.894s] DEBUG:colcon.colcon_core.event_handler.log_command:Invoking command in '/home/allen/rm_ws/build/imu_complementary_filter': CMAKE_PREFIX_PATH=/home/allen/Robomaster/rm_ws/install/teb_local_planner:/home/allen/Robomaster/rm_ws/install/teb_msgs:/home/allen/Robomaster/rm_ws/install/ros2_livox_simulation:/home/allen/Robomaster/rm_ws/install/rmbot2:/home/allen/Robomaster/rm_ws/install/rm_navigation:/home/allen/Robomaster/rm_ws/install/rm_nav_bringup:/home/allen/Robomaster/rm_ws/install/pointcloud_to_laserscan:/home/allen/Robomaster/rm_ws/install/point_lio:/home/allen/Robomaster/rm_ws/install/icp_registration:/home/allen/Robomaster/rm_ws/install/fast_lio:/home/allen/Robomaster/rm_ws/install/livox_ros_driver2:/home/allen/Robomaster/rm_ws/install/linefit_ground_segmentation_ros:/home/allen/Robomaster/rm_ws/install/linefit_ground_segmentation:/home/allen/Robomaster/rm_ws/install/imu_complementary_filter:/home/allen/Robomaster/rm_ws/install/fake_vel_transform:/home/allen/Robomaster/rm_ws/install/costmap_converter:/home/allen/Robomaster/rm_ws/install/costmap_converter_msgs:/home/allen/capstone/description_ws/install/ur_yt_sim:/home/allen/capstone/description_ws/install/ur10e_description:/home/allen/capstone/description_ws/install/kuka_agilus_support:/home/allen/capstone/description_ws/install/kuka_resources:/opt/ros/humble:/home/allen/capstone/description_ws/install/kuka_kr3_description /usr/bin/cmake /home/allen/rm_ws/src/rm_perception/imu_complementary_filter -DAMENT_CMAKE_SYMLINK_INSTALL=1 -DCMAKE_INSTALL_PREFIX=/home/allen/rm_ws/install/imu_complementary_filter
[431.328s] DEBUG:colcon.colcon_core.event_handler.log_command:Invoked command in '/home/allen/rm_ws/build/imu_complementary_filter' returned '0': CMAKE_PREFIX_PATH=/home/allen/Robomaster/rm_ws/install/teb_local_planner:/home/allen/Robomaster/rm_ws/install/teb_msgs:/home/allen/Robomaster/rm_ws/install/ros2_livox_simulation:/home/allen/Robomaster/rm_ws/install/rmbot2:/home/allen/Robomaster/rm_ws/install/rm_navigation:/home/allen/Robomaster/rm_ws/install/rm_nav_bringup:/home/allen/Robomaster/rm_ws/install/pointcloud_to_laserscan:/home/allen/Robomaster/rm_ws/install/point_lio:/home/allen/Robomaster/rm_ws/install/icp_registration:/home/allen/Robomaster/rm_ws/install/fast_lio:/home/allen/Robomaster/rm_ws/install/livox_ros_driver2:/home/allen/Robomaster/rm_ws/install/linefit_ground_segmentation_ros:/home/allen/Robomaster/rm_ws/install/linefit_ground_segmentation:/home/allen/Robomaster/rm_ws/install/imu_complementary_filter:/home/allen/Robomaster/rm_ws/install/fake_vel_transform:/home/allen/Robomaster/rm_ws/install/costmap_converter:/home/allen/Robomaster/rm_ws/install/costmap_converter_msgs:/home/allen/capstone/description_ws/install/ur_yt_sim:/home/allen/capstone/description_ws/install/ur10e_description:/home/allen/capstone/description_ws/install/kuka_agilus_support:/home/allen/capstone/description_ws/install/kuka_resources:/opt/ros/humble:/home/allen/capstone/description_ws/install/kuka_kr3_description /usr/bin/cmake /home/allen/rm_ws/src/rm_perception/imu_complementary_filter -DAMENT_CMAKE_SYMLINK_INSTALL=1 -DCMAKE_INSTALL_PREFIX=/home/allen/rm_ws/install/imu_complementary_filter
[431.332s] DEBUG:colcon.colcon_core.event_handler.log_command:Invoking command in '/home/allen/rm_ws/build/imu_complementary_filter': CMAKE_PREFIX_PATH=/home/allen/Robomaster/rm_ws/install/teb_local_planner:/home/allen/Robomaster/rm_ws/install/teb_msgs:/home/allen/Robomaster/rm_ws/install/ros2_livox_simulation:/home/allen/Robomaster/rm_ws/install/rmbot2:/home/allen/Robomaster/rm_ws/install/rm_navigation:/home/allen/Robomaster/rm_ws/install/rm_nav_bringup:/home/allen/Robomaster/rm_ws/install/pointcloud_to_laserscan:/home/allen/Robomaster/rm_ws/install/point_lio:/home/allen/Robomaster/rm_ws/install/icp_registration:/home/allen/Robomaster/rm_ws/install/fast_lio:/home/allen/Robomaster/rm_ws/install/livox_ros_driver2:/home/allen/Robomaster/rm_ws/install/linefit_ground_segmentation_ros:/home/allen/Robomaster/rm_ws/install/linefit_ground_segmentation:/home/allen/Robomaster/rm_ws/install/imu_complementary_filter:/home/allen/Robomaster/rm_ws/install/fake_vel_transform:/home/allen/Robomaster/rm_ws/install/costmap_converter:/home/allen/Robomaster/rm_ws/install/costmap_converter_msgs:/home/allen/capstone/description_ws/install/ur_yt_sim:/home/allen/capstone/description_ws/install/ur10e_description:/home/allen/capstone/description_ws/install/kuka_agilus_support:/home/allen/capstone/description_ws/install/kuka_resources:/opt/ros/humble:/home/allen/capstone/description_ws/install/kuka_kr3_description /usr/bin/cmake --build /home/allen/rm_ws/build/imu_complementary_filter -- -j2 -l2
[515.700s] DEBUG:colcon.colcon_core.event_handler.log_command:Invoked command in '/home/allen/rm_ws/build/imu_complementary_filter' returned '0': CMAKE_PREFIX_PATH=/home/allen/Robomaster/rm_ws/install/teb_local_planner:/home/allen/Robomaster/rm_ws/install/teb_msgs:/home/allen/Robomaster/rm_ws/install/ros2_livox_simulation:/home/allen/Robomaster/rm_ws/install/rmbot2:/home/allen/Robomaster/rm_ws/install/rm_navigation:/home/allen/Robomaster/rm_ws/install/rm_nav_bringup:/home/allen/Robomaster/rm_ws/install/pointcloud_to_laserscan:/home/allen/Robomaster/rm_ws/install/point_lio:/home/allen/Robomaster/rm_ws/install/icp_registration:/home/allen/Robomaster/rm_ws/install/fast_lio:/home/allen/Robomaster/rm_ws/install/livox_ros_driver2:/home/allen/Robomaster/rm_ws/install/linefit_ground_segmentation_ros:/home/allen/Robomaster/rm_ws/install/linefit_ground_segmentation:/home/allen/Robomaster/rm_ws/install/imu_complementary_filter:/home/allen/Robomaster/rm_ws/install/fake_vel_transform:/home/allen/Robomaster/rm_ws/install/costmap_converter:/home/allen/Robomaster/rm_ws/install/costmap_converter_msgs:/home/allen/capstone/description_ws/install/ur_yt_sim:/home/allen/capstone/description_ws/install/ur10e_description:/home/allen/capstone/description_ws/install/kuka_agilus_support:/home/allen/capstone/description_ws/install/kuka_resources:/opt/ros/humble:/home/allen/capstone/description_ws/install/kuka_kr3_description /usr/bin/cmake --build /home/allen/rm_ws/build/imu_complementary_filter -- -j2 -l2
[515.705s] DEBUG:colcon.colcon_core.event_handler.log_command:Invoking command in '/home/allen/rm_ws/build/imu_complementary_filter': CMAKE_PREFIX_PATH=/home/allen/Robomaster/rm_ws/install/teb_local_planner:/home/allen/Robomaster/rm_ws/install/teb_msgs:/home/allen/Robomaster/rm_ws/install/ros2_livox_simulation:/home/allen/Robomaster/rm_ws/install/rmbot2:/home/allen/Robomaster/rm_ws/install/rm_navigation:/home/allen/Robomaster/rm_ws/install/rm_nav_bringup:/home/allen/Robomaster/rm_ws/install/pointcloud_to_laserscan:/home/allen/Robomaster/rm_ws/install/point_lio:/home/allen/Robomaster/rm_ws/install/icp_registration:/home/allen/Robomaster/rm_ws/install/fast_lio:/home/allen/Robomaster/rm_ws/install/livox_ros_driver2:/home/allen/Robomaster/rm_ws/install/linefit_ground_segmentation_ros:/home/allen/Robomaster/rm_ws/install/linefit_ground_segmentation:/home/allen/Robomaster/rm_ws/install/imu_complementary_filter:/home/allen/Robomaster/rm_ws/install/fake_vel_transform:/home/allen/Robomaster/rm_ws/install/costmap_converter:/home/allen/Robomaster/rm_ws/install/costmap_converter_msgs:/home/allen/capstone/description_ws/install/ur_yt_sim:/home/allen/capstone/description_ws/install/ur10e_description:/home/allen/capstone/description_ws/install/kuka_agilus_support:/home/allen/capstone/description_ws/install/kuka_resources:/opt/ros/humble:/home/allen/capstone/description_ws/install/kuka_kr3_description /usr/bin/cmake --install /home/allen/rm_ws/build/imu_complementary_filter
[518.093s] Level 1:colcon.colcon_core.environment:create_environment_scripts_only(imu_complementary_filter)
[518.096s] Level 1:colcon.colcon_core.environment:checking '/home/allen/rm_ws/install/imu_complementary_filter' for CMake module files
[518.095s] DEBUG:colcon.colcon_core.event_handler.log_command:Invoked command in '/home/allen/rm_ws/build/imu_complementary_filter' returned '0': CMAKE_PREFIX_PATH=/home/allen/Robomaster/rm_ws/install/teb_local_planner:/home/allen/Robomaster/rm_ws/install/teb_msgs:/home/allen/Robomaster/rm_ws/install/ros2_livox_simulation:/home/allen/Robomaster/rm_ws/install/rmbot2:/home/allen/Robomaster/rm_ws/install/rm_navigation:/home/allen/Robomaster/rm_ws/install/rm_nav_bringup:/home/allen/Robomaster/rm_ws/install/pointcloud_to_laserscan:/home/allen/Robomaster/rm_ws/install/point_lio:/home/allen/Robomaster/rm_ws/install/icp_registration:/home/allen/Robomaster/rm_ws/install/fast_lio:/home/allen/Robomaster/rm_ws/install/livox_ros_driver2:/home/allen/Robomaster/rm_ws/install/linefit_ground_segmentation_ros:/home/allen/Robomaster/rm_ws/install/linefit_ground_segmentation:/home/allen/Robomaster/rm_ws/install/imu_complementary_filter:/home/allen/Robomaster/rm_ws/install/fake_vel_transform:/home/allen/Robomaster/rm_ws/install/costmap_converter:/home/allen/Robomaster/rm_ws/install/costmap_converter_msgs:/home/allen/capstone/description_ws/install/ur_yt_sim:/home/allen/capstone/description_ws/install/ur10e_description:/home/allen/capstone/description_ws/install/kuka_agilus_support:/home/allen/capstone/description_ws/install/kuka_resources:/opt/ros/humble:/home/allen/capstone/description_ws/install/kuka_kr3_description /usr/bin/cmake --install /home/allen/rm_ws/build/imu_complementary_filter
[518.099s] Level 1:colcon.colcon_core.environment:checking '/home/allen/rm_ws/install/imu_complementary_filter' for CMake config files
[518.100s] Level 1:colcon.colcon_core.shell:create_environment_hook('imu_complementary_filter', 'cmake_prefix_path')
[518.101s] INFO:colcon.colcon_core.shell:Creating environment hook '/home/allen/rm_ws/install/imu_complementary_filter/share/imu_complementary_filter/hook/cmake_prefix_path.ps1'
[518.102s] INFO:colcon.colcon_core.shell:Creating environment descriptor '/home/allen/rm_ws/install/imu_complementary_filter/share/imu_complementary_filter/hook/cmake_prefix_path.dsv'
[518.103s] INFO:colcon.colcon_core.shell:Creating environment hook '/home/allen/rm_ws/install/imu_complementary_filter/share/imu_complementary_filter/hook/cmake_prefix_path.sh'
[518.104s] Level 1:colcon.colcon_core.environment:checking '/home/allen/rm_ws/install/imu_complementary_filter/lib'
[518.105s] Level 1:colcon.colcon_core.shell:create_environment_hook('imu_complementary_filter', 'ld_library_path_lib')
[518.106s] INFO:colcon.colcon_core.shell:Creating environment hook '/home/allen/rm_ws/install/imu_complementary_filter/share/imu_complementary_filter/hook/ld_library_path_lib.ps1'
[518.107s] INFO:colcon.colcon_core.shell:Creating environment descriptor '/home/allen/rm_ws/install/imu_complementary_filter/share/imu_complementary_filter/hook/ld_library_path_lib.dsv'
[518.109s] INFO:colcon.colcon_core.shell:Creating environment hook '/home/allen/rm_ws/install/imu_complementary_filter/share/imu_complementary_filter/hook/ld_library_path_lib.sh'
[518.112s] Level 1:colcon.colcon_core.environment:checking '/home/allen/rm_ws/install/imu_complementary_filter/bin'
[518.112s] Level 1:colcon.colcon_core.environment:checking '/home/allen/rm_ws/install/imu_complementary_filter/lib/pkgconfig/imu_complementary_filter.pc'
[518.113s] Level 1:colcon.colcon_core.environment:checking '/home/allen/rm_ws/install/imu_complementary_filter/lib/python3.10/site-packages'
[518.113s] Level 1:colcon.colcon_core.environment:checking '/home/allen/rm_ws/install/imu_complementary_filter/bin'
[518.113s] INFO:colcon.colcon_core.shell:Creating package script '/home/allen/rm_ws/install/imu_complementary_filter/share/imu_complementary_filter/package.ps1'
[518.115s] INFO:colcon.colcon_core.shell:Creating package descriptor '/home/allen/rm_ws/install/imu_complementary_filter/share/imu_complementary_filter/package.dsv'
[518.116s] INFO:colcon.colcon_core.shell:Creating package script '/home/allen/rm_ws/install/imu_complementary_filter/share/imu_complementary_filter/package.sh'
[518.117s] INFO:colcon.colcon_core.shell:Creating package script '/home/allen/rm_ws/install/imu_complementary_filter/share/imu_complementary_filter/package.bash'
[518.118s] INFO:colcon.colcon_core.shell:Creating package script '/home/allen/rm_ws/install/imu_complementary_filter/share/imu_complementary_filter/package.zsh'
[518.119s] Level 1:colcon.colcon_core.environment:create_file_with_runtime_dependencies(/home/allen/rm_ws/install/imu_complementary_filter/share/colcon-core/packages/imu_complementary_filter)
[518.121s] Level 1:colcon.colcon_core.environment:create_environment_scripts_only(imu_complementary_filter)
[518.121s] Level 1:colcon.colcon_core.environment:checking '/home/allen/rm_ws/install/imu_complementary_filter' for CMake module files
[518.123s] Level 1:colcon.colcon_core.environment:checking '/home/allen/rm_ws/install/imu_complementary_filter' for CMake config files
[518.124s] Level 1:colcon.colcon_core.shell:create_environment_hook('imu_complementary_filter', 'cmake_prefix_path')
[518.124s] INFO:colcon.colcon_core.shell:Creating environment hook '/home/allen/rm_ws/install/imu_complementary_filter/share/imu_complementary_filter/hook/cmake_prefix_path.ps1'
[518.125s] INFO:colcon.colcon_core.shell:Creating environment descriptor '/home/allen/rm_ws/install/imu_complementary_filter/share/imu_complementary_filter/hook/cmake_prefix_path.dsv'
[518.126s] INFO:colcon.colcon_core.shell:Creating environment hook '/home/allen/rm_ws/install/imu_complementary_filter/share/imu_complementary_filter/hook/cmake_prefix_path.sh'
[518.129s] Level 1:colcon.colcon_core.environment:checking '/home/allen/rm_ws/install/imu_complementary_filter/lib'
[518.129s] Level 1:colcon.colcon_core.shell:create_environment_hook('imu_complementary_filter', 'ld_library_path_lib')
[518.129s] INFO:colcon.colcon_core.shell:Creating environment hook '/home/allen/rm_ws/install/imu_complementary_filter/share/imu_complementary_filter/hook/ld_library_path_lib.ps1'
[518.131s] INFO:colcon.colcon_core.shell:Creating environment descriptor '/home/allen/rm_ws/install/imu_complementary_filter/share/imu_complementary_filter/hook/ld_library_path_lib.dsv'
[518.132s] INFO:colcon.colcon_core.shell:Creating environment hook '/home/allen/rm_ws/install/imu_complementary_filter/share/imu_complementary_filter/hook/ld_library_path_lib.sh'
[518.133s] Level 1:colcon.colcon_core.environment:checking '/home/allen/rm_ws/install/imu_complementary_filter/bin'
[518.133s] Level 1:colcon.colcon_core.environment:checking '/home/allen/rm_ws/install/imu_complementary_filter/lib/pkgconfig/imu_complementary_filter.pc'
[518.134s] Level 1:colcon.colcon_core.environment:checking '/home/allen/rm_ws/install/imu_complementary_filter/lib/python3.10/site-packages'
[518.134s] Level 1:colcon.colcon_core.environment:checking '/home/allen/rm_ws/install/imu_complementary_filter/bin'
[518.136s] INFO:colcon.colcon_core.shell:Creating package script '/home/allen/rm_ws/install/imu_complementary_filter/share/imu_complementary_filter/package.ps1'
[518.139s] INFO:colcon.colcon_core.shell:Creating package descriptor '/home/allen/rm_ws/install/imu_complementary_filter/share/imu_complementary_filter/package.dsv'
[518.141s] INFO:colcon.colcon_core.shell:Creating package script '/home/allen/rm_ws/install/imu_complementary_filter/share/imu_complementary_filter/package.sh'
[518.142s] INFO:colcon.colcon_core.shell:Creating package script '/home/allen/rm_ws/install/imu_complementary_filter/share/imu_complementary_filter/package.bash'
[518.143s] INFO:colcon.colcon_core.shell:Creating package script '/home/allen/rm_ws/install/imu_complementary_filter/share/imu_complementary_filter/package.zsh'
[518.144s] Level 1:colcon.colcon_core.environment:create_file_with_runtime_dependencies(/home/allen/rm_ws/install/imu_complementary_filter/share/colcon-core/packages/imu_complementary_filter)
[518.147s] INFO:colcon.colcon_ros.task.ament_cmake.build:Building ROS package in '/home/allen/rm_ws/src/rm_perception/pointcloud_to_laserscan' with build type 'ament_cmake'
[518.148s] INFO:colcon.colcon_cmake.task.cmake.build:Building CMake package in '/home/allen/rm_ws/src/rm_perception/pointcloud_to_laserscan'
[518.148s] INFO:colcon.colcon_core.shell:Skip shell extension 'powershell' for command environment: Not usable outside of PowerShell
[518.148s] DEBUG:colcon.colcon_core.shell:Skip shell extension 'dsv' for command environment
[518.225s] DEBUG:colcon.colcon_core.event_handler.log_command:Invoking command in '/home/allen/rm_ws/build/pointcloud_to_laserscan': CMAKE_PREFIX_PATH=/home/allen/Robomaster/rm_ws/install/teb_local_planner:/home/allen/Robomaster/rm_ws/install/teb_msgs:/home/allen/Robomaster/rm_ws/install/ros2_livox_simulation:/home/allen/Robomaster/rm_ws/install/rmbot2:/home/allen/Robomaster/rm_ws/install/rm_navigation:/home/allen/Robomaster/rm_ws/install/rm_nav_bringup:/home/allen/Robomaster/rm_ws/install/pointcloud_to_laserscan:/home/allen/Robomaster/rm_ws/install/point_lio:/home/allen/Robomaster/rm_ws/install/icp_registration:/home/allen/Robomaster/rm_ws/install/fast_lio:/home/allen/Robomaster/rm_ws/install/livox_ros_driver2:/home/allen/Robomaster/rm_ws/install/linefit_ground_segmentation_ros:/home/allen/Robomaster/rm_ws/install/linefit_ground_segmentation:/home/allen/Robomaster/rm_ws/install/imu_complementary_filter:/home/allen/Robomaster/rm_ws/install/fake_vel_transform:/home/allen/Robomaster/rm_ws/install/costmap_converter:/home/allen/Robomaster/rm_ws/install/costmap_converter_msgs:/home/allen/capstone/description_ws/install/ur_yt_sim:/home/allen/capstone/description_ws/install/ur10e_description:/home/allen/capstone/description_ws/install/kuka_agilus_support:/home/allen/capstone/description_ws/install/kuka_resources:/opt/ros/humble:/home/allen/capstone/description_ws/install/kuka_kr3_description /usr/bin/cmake /home/allen/rm_ws/src/rm_perception/pointcloud_to_laserscan -DAMENT_CMAKE_SYMLINK_INSTALL=1 -DCMAKE_INSTALL_PREFIX=/home/allen/rm_ws/install/pointcloud_to_laserscan
[530.508s] DEBUG:colcon.colcon_core.event_handler.log_command:Invoked command in '/home/allen/rm_ws/build/pointcloud_to_laserscan' returned '0': CMAKE_PREFIX_PATH=/home/allen/Robomaster/rm_ws/install/teb_local_planner:/home/allen/Robomaster/rm_ws/install/teb_msgs:/home/allen/Robomaster/rm_ws/install/ros2_livox_simulation:/home/allen/Robomaster/rm_ws/install/rmbot2:/home/allen/Robomaster/rm_ws/install/rm_navigation:/home/allen/Robomaster/rm_ws/install/rm_nav_bringup:/home/allen/Robomaster/rm_ws/install/pointcloud_to_laserscan:/home/allen/Robomaster/rm_ws/install/point_lio:/home/allen/Robomaster/rm_ws/install/icp_registration:/home/allen/Robomaster/rm_ws/install/fast_lio:/home/allen/Robomaster/rm_ws/install/livox_ros_driver2:/home/allen/Robomaster/rm_ws/install/linefit_ground_segmentation_ros:/home/allen/Robomaster/rm_ws/install/linefit_ground_segmentation:/home/allen/Robomaster/rm_ws/install/imu_complementary_filter:/home/allen/Robomaster/rm_ws/install/fake_vel_transform:/home/allen/Robomaster/rm_ws/install/costmap_converter:/home/allen/Robomaster/rm_ws/install/costmap_converter_msgs:/home/allen/capstone/description_ws/install/ur_yt_sim:/home/allen/capstone/description_ws/install/ur10e_description:/home/allen/capstone/description_ws/install/kuka_agilus_support:/home/allen/capstone/description_ws/install/kuka_resources:/opt/ros/humble:/home/allen/capstone/description_ws/install/kuka_kr3_description /usr/bin/cmake /home/allen/rm_ws/src/rm_perception/pointcloud_to_laserscan -DAMENT_CMAKE_SYMLINK_INSTALL=1 -DCMAKE_INSTALL_PREFIX=/home/allen/rm_ws/install/pointcloud_to_laserscan
[530.510s] DEBUG:colcon.colcon_core.event_handler.log_command:Invoking command in '/home/allen/rm_ws/build/pointcloud_to_laserscan': CMAKE_PREFIX_PATH=/home/allen/Robomaster/rm_ws/install/teb_local_planner:/home/allen/Robomaster/rm_ws/install/teb_msgs:/home/allen/Robomaster/rm_ws/install/ros2_livox_simulation:/home/allen/Robomaster/rm_ws/install/rmbot2:/home/allen/Robomaster/rm_ws/install/rm_navigation:/home/allen/Robomaster/rm_ws/install/rm_nav_bringup:/home/allen/Robomaster/rm_ws/install/pointcloud_to_laserscan:/home/allen/Robomaster/rm_ws/install/point_lio:/home/allen/Robomaster/rm_ws/install/icp_registration:/home/allen/Robomaster/rm_ws/install/fast_lio:/home/allen/Robomaster/rm_ws/install/livox_ros_driver2:/home/allen/Robomaster/rm_ws/install/linefit_ground_segmentation_ros:/home/allen/Robomaster/rm_ws/install/linefit_ground_segmentation:/home/allen/Robomaster/rm_ws/install/imu_complementary_filter:/home/allen/Robomaster/rm_ws/install/fake_vel_transform:/home/allen/Robomaster/rm_ws/install/costmap_converter:/home/allen/Robomaster/rm_ws/install/costmap_converter_msgs:/home/allen/capstone/description_ws/install/ur_yt_sim:/home/allen/capstone/description_ws/install/ur10e_description:/home/allen/capstone/description_ws/install/kuka_agilus_support:/home/allen/capstone/description_ws/install/kuka_resources:/opt/ros/humble:/home/allen/capstone/description_ws/install/kuka_kr3_description /usr/bin/cmake --build /home/allen/rm_ws/build/pointcloud_to_laserscan -- -j2 -l2
[553.641s] DEBUG:colcon.colcon_core.event_handler.log_command:Invoked command in '/home/allen/rm_ws/build/costmap_converter' returned '0': AMENT_PREFIX_PATH=/home/allen/rm_ws/install/costmap_converter_msgs:${AMENT_PREFIX_PATH} CMAKE_PREFIX_PATH=/home/allen/rm_ws/install/costmap_converter_msgs:/home/allen/Robomaster/rm_ws/install/teb_local_planner:/home/allen/Robomaster/rm_ws/install/teb_msgs:/home/allen/Robomaster/rm_ws/install/ros2_livox_simulation:/home/allen/Robomaster/rm_ws/install/rmbot2:/home/allen/Robomaster/rm_ws/install/rm_navigation:/home/allen/Robomaster/rm_ws/install/rm_nav_bringup:/home/allen/Robomaster/rm_ws/install/pointcloud_to_laserscan:/home/allen/Robomaster/rm_ws/install/point_lio:/home/allen/Robomaster/rm_ws/install/icp_registration:/home/allen/Robomaster/rm_ws/install/fast_lio:/home/allen/Robomaster/rm_ws/install/livox_ros_driver2:/home/allen/Robomaster/rm_ws/install/linefit_ground_segmentation_ros:/home/allen/Robomaster/rm_ws/install/linefit_ground_segmentation:/home/allen/Robomaster/rm_ws/install/imu_complementary_filter:/home/allen/Robomaster/rm_ws/install/fake_vel_transform:/home/allen/Robomaster/rm_ws/install/costmap_converter:/home/allen/Robomaster/rm_ws/install/costmap_converter_msgs:/home/allen/capstone/description_ws/install/ur_yt_sim:/home/allen/capstone/description_ws/install/ur10e_description:/home/allen/capstone/description_ws/install/kuka_agilus_support:/home/allen/capstone/description_ws/install/kuka_resources:/opt/ros/humble:/home/allen/capstone/description_ws/install/kuka_kr3_description LD_LIBRARY_PATH=/home/allen/rm_ws/install/costmap_converter_msgs/lib:/home/allen/Robomaster/rm_ws/install/teb_local_planner/lib:/home/allen/Robomaster/rm_ws/install/teb_msgs/lib:/home/allen/Robomaster/rm_ws/install/ros2_livox_simulation/lib:/home/allen/Robomaster/rm_ws/install/pointcloud_to_laserscan/lib:/home/allen/Robomaster/rm_ws/install/icp_registration/lib:/home/allen/Robomaster/rm_ws/install/fast_lio/lib:/home/allen/Robomaster/rm_ws/install/livox_ros_driver2/lib:/home/allen/Robomaster/rm_ws/install/linefit_ground_segmentation/lib:/home/allen/Robomaster/rm_ws/install/imu_complementary_filter/lib:/home/allen/Robomaster/rm_ws/install/fake_vel_transform/lib:/home/allen/Robomaster/rm_ws/install/costmap_converter/lib:/home/allen/Robomaster/rm_ws/install/costmap_converter_msgs/lib:/usr/lib/x86_64-linux-gnu/gazebo-11/plugins:/opt/ros/humble/opt/rviz_ogre_vendor/lib:/opt/ros/humble/lib/x86_64-linux-gnu:/opt/ros/humble/opt/openvdb_vendor/lib:/opt/ros/humble/lib:/usr/local/lib:/usr/local/lib:/usr/local/lib:/usr/local/lib PYTHONPATH=/home/allen/rm_ws/install/costmap_converter_msgs/local/lib/python3.10/dist-packages:${PYTHONPATH} /usr/bin/cmake --build /home/allen/rm_ws/build/costmap_converter -- -j2 -l2
[553.653s] DEBUG:colcon.colcon_core.event_handler.log_command:Invoking command in '/home/allen/rm_ws/build/costmap_converter': AMENT_PREFIX_PATH=/home/allen/rm_ws/install/costmap_converter_msgs:${AMENT_PREFIX_PATH} CMAKE_PREFIX_PATH=/home/allen/rm_ws/install/costmap_converter_msgs:/home/allen/Robomaster/rm_ws/install/teb_local_planner:/home/allen/Robomaster/rm_ws/install/teb_msgs:/home/allen/Robomaster/rm_ws/install/ros2_livox_simulation:/home/allen/Robomaster/rm_ws/install/rmbot2:/home/allen/Robomaster/rm_ws/install/rm_navigation:/home/allen/Robomaster/rm_ws/install/rm_nav_bringup:/home/allen/Robomaster/rm_ws/install/pointcloud_to_laserscan:/home/allen/Robomaster/rm_ws/install/point_lio:/home/allen/Robomaster/rm_ws/install/icp_registration:/home/allen/Robomaster/rm_ws/install/fast_lio:/home/allen/Robomaster/rm_ws/install/livox_ros_driver2:/home/allen/Robomaster/rm_ws/install/linefit_ground_segmentation_ros:/home/allen/Robomaster/rm_ws/install/linefit_ground_segmentation:/home/allen/Robomaster/rm_ws/install/imu_complementary_filter:/home/allen/Robomaster/rm_ws/install/fake_vel_transform:/home/allen/Robomaster/rm_ws/install/costmap_converter:/home/allen/Robomaster/rm_ws/install/costmap_converter_msgs:/home/allen/capstone/description_ws/install/ur_yt_sim:/home/allen/capstone/description_ws/install/ur10e_description:/home/allen/capstone/description_ws/install/kuka_agilus_support:/home/allen/capstone/description_ws/install/kuka_resources:/opt/ros/humble:/home/allen/capstone/description_ws/install/kuka_kr3_description LD_LIBRARY_PATH=/home/allen/rm_ws/install/costmap_converter_msgs/lib:/home/allen/Robomaster/rm_ws/install/teb_local_planner/lib:/home/allen/Robomaster/rm_ws/install/teb_msgs/lib:/home/allen/Robomaster/rm_ws/install/ros2_livox_simulation/lib:/home/allen/Robomaster/rm_ws/install/pointcloud_to_laserscan/lib:/home/allen/Robomaster/rm_ws/install/icp_registration/lib:/home/allen/Robomaster/rm_ws/install/fast_lio/lib:/home/allen/Robomaster/rm_ws/install/livox_ros_driver2/lib:/home/allen/Robomaster/rm_ws/install/linefit_ground_segmentation/lib:/home/allen/Robomaster/rm_ws/install/imu_complementary_filter/lib:/home/allen/Robomaster/rm_ws/install/fake_vel_transform/lib:/home/allen/Robomaster/rm_ws/install/costmap_converter/lib:/home/allen/Robomaster/rm_ws/install/costmap_converter_msgs/lib:/usr/lib/x86_64-linux-gnu/gazebo-11/plugins:/opt/ros/humble/opt/rviz_ogre_vendor/lib:/opt/ros/humble/lib/x86_64-linux-gnu:/opt/ros/humble/opt/openvdb_vendor/lib:/opt/ros/humble/lib:/usr/local/lib:/usr/local/lib:/usr/local/lib:/usr/local/lib PYTHONPATH=/home/allen/rm_ws/install/costmap_converter_msgs/local/lib/python3.10/dist-packages:${PYTHONPATH} /usr/bin/cmake --install /home/allen/rm_ws/build/costmap_converter
[557.035s] Level 1:colcon.colcon_core.environment:create_environment_scripts_only(costmap_converter)
[557.036s] Level 1:colcon.colcon_core.environment:checking '/home/allen/rm_ws/install/costmap_converter' for CMake module files
[557.038s] DEBUG:colcon.colcon_core.event_handler.log_command:Invoked command in '/home/allen/rm_ws/build/costmap_converter' returned '0': AMENT_PREFIX_PATH=/home/allen/rm_ws/install/costmap_converter_msgs:${AMENT_PREFIX_PATH} CMAKE_PREFIX_PATH=/home/allen/rm_ws/install/costmap_converter_msgs:/home/allen/Robomaster/rm_ws/install/teb_local_planner:/home/allen/Robomaster/rm_ws/install/teb_msgs:/home/allen/Robomaster/rm_ws/install/ros2_livox_simulation:/home/allen/Robomaster/rm_ws/install/rmbot2:/home/allen/Robomaster/rm_ws/install/rm_navigation:/home/allen/Robomaster/rm_ws/install/rm_nav_bringup:/home/allen/Robomaster/rm_ws/install/pointcloud_to_laserscan:/home/allen/Robomaster/rm_ws/install/point_lio:/home/allen/Robomaster/rm_ws/install/icp_registration:/home/allen/Robomaster/rm_ws/install/fast_lio:/home/allen/Robomaster/rm_ws/install/livox_ros_driver2:/home/allen/Robomaster/rm_ws/install/linefit_ground_segmentation_ros:/home/allen/Robomaster/rm_ws/install/linefit_ground_segmentation:/home/allen/Robomaster/rm_ws/install/imu_complementary_filter:/home/allen/Robomaster/rm_ws/install/fake_vel_transform:/home/allen/Robomaster/rm_ws/install/costmap_converter:/home/allen/Robomaster/rm_ws/install/costmap_converter_msgs:/home/allen/capstone/description_ws/install/ur_yt_sim:/home/allen/capstone/description_ws/install/ur10e_description:/home/allen/capstone/description_ws/install/kuka_agilus_support:/home/allen/capstone/description_ws/install/kuka_resources:/opt/ros/humble:/home/allen/capstone/description_ws/install/kuka_kr3_description LD_LIBRARY_PATH=/home/allen/rm_ws/install/costmap_converter_msgs/lib:/home/allen/Robomaster/rm_ws/install/teb_local_planner/lib:/home/allen/Robomaster/rm_ws/install/teb_msgs/lib:/home/allen/Robomaster/rm_ws/install/ros2_livox_simulation/lib:/home/allen/Robomaster/rm_ws/install/pointcloud_to_laserscan/lib:/home/allen/Robomaster/rm_ws/install/icp_registration/lib:/home/allen/Robomaster/rm_ws/install/fast_lio/lib:/home/allen/Robomaster/rm_ws/install/livox_ros_driver2/lib:/home/allen/Robomaster/rm_ws/install/linefit_ground_segmentation/lib:/home/allen/Robomaster/rm_ws/install/imu_complementary_filter/lib:/home/allen/Robomaster/rm_ws/install/fake_vel_transform/lib:/home/allen/Robomaster/rm_ws/install/costmap_converter/lib:/home/allen/Robomaster/rm_ws/install/costmap_converter_msgs/lib:/usr/lib/x86_64-linux-gnu/gazebo-11/plugins:/opt/ros/humble/opt/rviz_ogre_vendor/lib:/opt/ros/humble/lib/x86_64-linux-gnu:/opt/ros/humble/opt/openvdb_vendor/lib:/opt/ros/humble/lib:/usr/local/lib:/usr/local/lib:/usr/local/lib:/usr/local/lib PYTHONPATH=/home/allen/rm_ws/install/costmap_converter_msgs/local/lib/python3.10/dist-packages:${PYTHONPATH} /usr/bin/cmake --install /home/allen/rm_ws/build/costmap_converter
[557.040s] Level 1:colcon.colcon_core.environment:checking '/home/allen/rm_ws/install/costmap_converter' for CMake config files
[557.042s] Level 1:colcon.colcon_core.shell:create_environment_hook('costmap_converter', 'cmake_prefix_path')
[557.043s] INFO:colcon.colcon_core.shell:Creating environment hook '/home/allen/rm_ws/install/costmap_converter/share/costmap_converter/hook/cmake_prefix_path.ps1'
[557.045s] INFO:colcon.colcon_core.shell:Creating environment descriptor '/home/allen/rm_ws/install/costmap_converter/share/costmap_converter/hook/cmake_prefix_path.dsv'
[557.046s] INFO:colcon.colcon_core.shell:Creating environment hook '/home/allen/rm_ws/install/costmap_converter/share/costmap_converter/hook/cmake_prefix_path.sh'
[557.048s] Level 1:colcon.colcon_core.environment:checking '/home/allen/rm_ws/install/costmap_converter/lib'
[557.048s] Level 1:colcon.colcon_core.shell:create_environment_hook('costmap_converter', 'ld_library_path_lib')
[557.049s] INFO:colcon.colcon_core.shell:Creating environment hook '/home/allen/rm_ws/install/costmap_converter/share/costmap_converter/hook/ld_library_path_lib.ps1'
[557.050s] INFO:colcon.colcon_core.shell:Creating environment descriptor '/home/allen/rm_ws/install/costmap_converter/share/costmap_converter/hook/ld_library_path_lib.dsv'
[557.051s] INFO:colcon.colcon_core.shell:Creating environment hook '/home/allen/rm_ws/install/costmap_converter/share/costmap_converter/hook/ld_library_path_lib.sh'
[557.052s] Level 1:colcon.colcon_core.environment:checking '/home/allen/rm_ws/install/costmap_converter/bin'
[557.052s] Level 1:colcon.colcon_core.shell:create_environment_hook('costmap_converter', 'path')
[557.052s] INFO:colcon.colcon_core.shell:Creating environment hook '/home/allen/rm_ws/install/costmap_converter/share/costmap_converter/hook/path.ps1'
[557.053s] INFO:colcon.colcon_core.shell:Creating environment descriptor '/home/allen/rm_ws/install/costmap_converter/share/costmap_converter/hook/path.dsv'
[557.054s] INFO:colcon.colcon_core.shell:Creating environment hook '/home/allen/rm_ws/install/costmap_converter/share/costmap_converter/hook/path.sh'
[557.055s] Level 1:colcon.colcon_core.environment:checking '/home/allen/rm_ws/install/costmap_converter/lib/pkgconfig/costmap_converter.pc'
[557.055s] Level 1:colcon.colcon_core.environment:checking '/home/allen/rm_ws/install/costmap_converter/lib/python3.10/site-packages'
[557.056s] Level 1:colcon.colcon_core.environment:checking '/home/allen/rm_ws/install/costmap_converter/bin'
[557.056s] Level 1:colcon.colcon_core.shell:create_environment_hook('costmap_converter', 'pythonscriptspath')
[557.057s] INFO:colcon.colcon_core.shell:Creating environment hook '/home/allen/rm_ws/install/costmap_converter/share/costmap_converter/hook/pythonscriptspath.ps1'
[557.058s] INFO:colcon.colcon_core.shell:Creating environment descriptor '/home/allen/rm_ws/install/costmap_converter/share/costmap_converter/hook/pythonscriptspath.dsv'
[557.058s] INFO:colcon.colcon_core.shell:Creating environment hook '/home/allen/rm_ws/install/costmap_converter/share/costmap_converter/hook/pythonscriptspath.sh'
[557.059s] INFO:colcon.colcon_core.shell:Creating package script '/home/allen/rm_ws/install/costmap_converter/share/costmap_converter/package.ps1'
[557.067s] INFO:colcon.colcon_core.shell:Creating package descriptor '/home/allen/rm_ws/install/costmap_converter/share/costmap_converter/package.dsv'
[557.070s] INFO:colcon.colcon_core.shell:Creating package script '/home/allen/rm_ws/install/costmap_converter/share/costmap_converter/package.sh'
[557.072s] INFO:colcon.colcon_core.shell:Creating package script '/home/allen/rm_ws/install/costmap_converter/share/costmap_converter/package.bash'
[557.072s] INFO:colcon.colcon_core.shell:Creating package script '/home/allen/rm_ws/install/costmap_converter/share/costmap_converter/package.zsh'
[557.073s] Level 1:colcon.colcon_core.environment:create_file_with_runtime_dependencies(/home/allen/rm_ws/install/costmap_converter/share/colcon-core/packages/costmap_converter)
[557.075s] Level 1:colcon.colcon_core.environment:create_environment_scripts_only(costmap_converter)
[557.076s] Level 1:colcon.colcon_core.environment:checking '/home/allen/rm_ws/install/costmap_converter' for CMake module files
[557.078s] Level 1:colcon.colcon_core.environment:checking '/home/allen/rm_ws/install/costmap_converter' for CMake config files
[557.083s] Level 1:colcon.colcon_core.shell:create_environment_hook('costmap_converter', 'cmake_prefix_path')
[557.083s] INFO:colcon.colcon_core.shell:Creating environment hook '/home/allen/rm_ws/install/costmap_converter/share/costmap_converter/hook/cmake_prefix_path.ps1'
[557.085s] INFO:colcon.colcon_core.shell:Creating environment descriptor '/home/allen/rm_ws/install/costmap_converter/share/costmap_converter/hook/cmake_prefix_path.dsv'
[557.086s] INFO:colcon.colcon_core.shell:Creating environment hook '/home/allen/rm_ws/install/costmap_converter/share/costmap_converter/hook/cmake_prefix_path.sh'
[557.091s] Level 1:colcon.colcon_core.environment:checking '/home/allen/rm_ws/install/costmap_converter/lib'
[557.091s] Level 1:colcon.colcon_core.shell:create_environment_hook('costmap_converter', 'ld_library_path_lib')
[557.091s] INFO:colcon.colcon_core.shell:Creating environment hook '/home/allen/rm_ws/install/costmap_converter/share/costmap_converter/hook/ld_library_path_lib.ps1'
[557.092s] INFO:colcon.colcon_core.shell:Creating environment descriptor '/home/allen/rm_ws/install/costmap_converter/share/costmap_converter/hook/ld_library_path_lib.dsv'
[557.093s] INFO:colcon.colcon_core.shell:Creating environment hook '/home/allen/rm_ws/install/costmap_converter/share/costmap_converter/hook/ld_library_path_lib.sh'
[557.094s] Level 1:colcon.colcon_core.environment:checking '/home/allen/rm_ws/install/costmap_converter/bin'
[557.094s] Level 1:colcon.colcon_core.shell:create_environment_hook('costmap_converter', 'path')
[557.094s] INFO:colcon.colcon_core.shell:Creating environment hook '/home/allen/rm_ws/install/costmap_converter/share/costmap_converter/hook/path.ps1'
[557.095s] INFO:colcon.colcon_core.shell:Creating environment descriptor '/home/allen/rm_ws/install/costmap_converter/share/costmap_converter/hook/path.dsv'
[557.096s] INFO:colcon.colcon_core.shell:Creating environment hook '/home/allen/rm_ws/install/costmap_converter/share/costmap_converter/hook/path.sh'
[557.097s] Level 1:colcon.colcon_core.environment:checking '/home/allen/rm_ws/install/costmap_converter/lib/pkgconfig/costmap_converter.pc'
[557.098s] Level 1:colcon.colcon_core.environment:checking '/home/allen/rm_ws/install/costmap_converter/lib/python3.10/site-packages'
[557.100s] Level 1:colcon.colcon_core.environment:checking '/home/allen/rm_ws/install/costmap_converter/bin'
[557.101s] Level 1:colcon.colcon_core.shell:create_environment_hook('costmap_converter', 'pythonscriptspath')
[557.101s] INFO:colcon.colcon_core.shell:Creating environment hook '/home/allen/rm_ws/install/costmap_converter/share/costmap_converter/hook/pythonscriptspath.ps1'
[557.102s] INFO:colcon.colcon_core.shell:Creating environment descriptor '/home/allen/rm_ws/install/costmap_converter/share/costmap_converter/hook/pythonscriptspath.dsv'
[557.105s] INFO:colcon.colcon_core.shell:Creating environment hook '/home/allen/rm_ws/install/costmap_converter/share/costmap_converter/hook/pythonscriptspath.sh'
[557.106s] INFO:colcon.colcon_core.shell:Creating package script '/home/allen/rm_ws/install/costmap_converter/share/costmap_converter/package.ps1'
[557.107s] INFO:colcon.colcon_core.shell:Creating package descriptor '/home/allen/rm_ws/install/costmap_converter/share/costmap_converter/package.dsv'
[557.108s] INFO:colcon.colcon_core.shell:Creating package script '/home/allen/rm_ws/install/costmap_converter/share/costmap_converter/package.sh'
[557.110s] INFO:colcon.colcon_core.shell:Creating package script '/home/allen/rm_ws/install/costmap_converter/share/costmap_converter/package.bash'
[557.111s] INFO:colcon.colcon_core.shell:Creating package script '/home/allen/rm_ws/install/costmap_converter/share/costmap_converter/package.zsh'
[557.112s] Level 1:colcon.colcon_core.environment:create_file_with_runtime_dependencies(/home/allen/rm_ws/install/costmap_converter/share/colcon-core/packages/costmap_converter)
[557.113s] INFO:colcon.colcon_ros.task.ament_cmake.build:Building ROS package in '/home/allen/rm_ws/src/rm_nav_bringup' with build type 'ament_cmake'
[557.114s] INFO:colcon.colcon_cmake.task.cmake.build:Building CMake package in '/home/allen/rm_ws/src/rm_nav_bringup'
[557.114s] INFO:colcon.colcon_core.shell:Skip shell extension 'powershell' for command environment: Not usable outside of PowerShell
[557.114s] DEBUG:colcon.colcon_core.shell:Skip shell extension 'dsv' for command environment
[557.195s] DEBUG:colcon.colcon_core.event_handler.log_command:Invoking command in '/home/allen/rm_ws/build/rm_nav_bringup': CMAKE_PREFIX_PATH=/home/allen/Robomaster/rm_ws/install/teb_local_planner:/home/allen/Robomaster/rm_ws/install/teb_msgs:/home/allen/Robomaster/rm_ws/install/ros2_livox_simulation:/home/allen/Robomaster/rm_ws/install/rmbot2:/home/allen/Robomaster/rm_ws/install/rm_navigation:/home/allen/Robomaster/rm_ws/install/rm_nav_bringup:/home/allen/Robomaster/rm_ws/install/pointcloud_to_laserscan:/home/allen/Robomaster/rm_ws/install/point_lio:/home/allen/Robomaster/rm_ws/install/icp_registration:/home/allen/Robomaster/rm_ws/install/fast_lio:/home/allen/Robomaster/rm_ws/install/livox_ros_driver2:/home/allen/Robomaster/rm_ws/install/linefit_ground_segmentation_ros:/home/allen/Robomaster/rm_ws/install/linefit_ground_segmentation:/home/allen/Robomaster/rm_ws/install/imu_complementary_filter:/home/allen/Robomaster/rm_ws/install/fake_vel_transform:/home/allen/Robomaster/rm_ws/install/costmap_converter:/home/allen/Robomaster/rm_ws/install/costmap_converter_msgs:/home/allen/capstone/description_ws/install/ur_yt_sim:/home/allen/capstone/description_ws/install/ur10e_description:/home/allen/capstone/description_ws/install/kuka_agilus_support:/home/allen/capstone/description_ws/install/kuka_resources:/opt/ros/humble:/home/allen/capstone/description_ws/install/kuka_kr3_description /usr/bin/cmake /home/allen/rm_ws/src/rm_nav_bringup -DAMENT_CMAKE_SYMLINK_INSTALL=1 -DCMAKE_INSTALL_PREFIX=/home/allen/rm_ws/install/rm_nav_bringup
[561.706s] DEBUG:colcon.colcon_core.event_handler.log_command:Invoked command in '/home/allen/rm_ws/build/rm_nav_bringup' returned '0': CMAKE_PREFIX_PATH=/home/allen/Robomaster/rm_ws/install/teb_local_planner:/home/allen/Robomaster/rm_ws/install/teb_msgs:/home/allen/Robomaster/rm_ws/install/ros2_livox_simulation:/home/allen/Robomaster/rm_ws/install/rmbot2:/home/allen/Robomaster/rm_ws/install/rm_navigation:/home/allen/Robomaster/rm_ws/install/rm_nav_bringup:/home/allen/Robomaster/rm_ws/install/pointcloud_to_laserscan:/home/allen/Robomaster/rm_ws/install/point_lio:/home/allen/Robomaster/rm_ws/install/icp_registration:/home/allen/Robomaster/rm_ws/install/fast_lio:/home/allen/Robomaster/rm_ws/install/livox_ros_driver2:/home/allen/Robomaster/rm_ws/install/linefit_ground_segmentation_ros:/home/allen/Robomaster/rm_ws/install/linefit_ground_segmentation:/home/allen/Robomaster/rm_ws/install/imu_complementary_filter:/home/allen/Robomaster/rm_ws/install/fake_vel_transform:/home/allen/Robomaster/rm_ws/install/costmap_converter:/home/allen/Robomaster/rm_ws/install/costmap_converter_msgs:/home/allen/capstone/description_ws/install/ur_yt_sim:/home/allen/capstone/description_ws/install/ur10e_description:/home/allen/capstone/description_ws/install/kuka_agilus_support:/home/allen/capstone/description_ws/install/kuka_resources:/opt/ros/humble:/home/allen/capstone/description_ws/install/kuka_kr3_description /usr/bin/cmake /home/allen/rm_ws/src/rm_nav_bringup -DAMENT_CMAKE_SYMLINK_INSTALL=1 -DCMAKE_INSTALL_PREFIX=/home/allen/rm_ws/install/rm_nav_bringup
[561.718s] DEBUG:colcon.colcon_core.event_handler.log_command:Invoking command in '/home/allen/rm_ws/build/rm_nav_bringup': CMAKE_PREFIX_PATH=/home/allen/Robomaster/rm_ws/install/teb_local_planner:/home/allen/Robomaster/rm_ws/install/teb_msgs:/home/allen/Robomaster/rm_ws/install/ros2_livox_simulation:/home/allen/Robomaster/rm_ws/install/rmbot2:/home/allen/Robomaster/rm_ws/install/rm_navigation:/home/allen/Robomaster/rm_ws/install/rm_nav_bringup:/home/allen/Robomaster/rm_ws/install/pointcloud_to_laserscan:/home/allen/Robomaster/rm_ws/install/point_lio:/home/allen/Robomaster/rm_ws/install/icp_registration:/home/allen/Robomaster/rm_ws/install/fast_lio:/home/allen/Robomaster/rm_ws/install/livox_ros_driver2:/home/allen/Robomaster/rm_ws/install/linefit_ground_segmentation_ros:/home/allen/Robomaster/rm_ws/install/linefit_ground_segmentation:/home/allen/Robomaster/rm_ws/install/imu_complementary_filter:/home/allen/Robomaster/rm_ws/install/fake_vel_transform:/home/allen/Robomaster/rm_ws/install/costmap_converter:/home/allen/Robomaster/rm_ws/install/costmap_converter_msgs:/home/allen/capstone/description_ws/install/ur_yt_sim:/home/allen/capstone/description_ws/install/ur10e_description:/home/allen/capstone/description_ws/install/kuka_agilus_support:/home/allen/capstone/description_ws/install/kuka_resources:/opt/ros/humble:/home/allen/capstone/description_ws/install/kuka_kr3_description /usr/bin/cmake --build /home/allen/rm_ws/build/rm_nav_bringup -- -j2 -l2
[562.158s] DEBUG:colcon.colcon_core.event_handler.log_command:Invoked command in '/home/allen/rm_ws/build/rm_nav_bringup' returned '0': CMAKE_PREFIX_PATH=/home/allen/Robomaster/rm_ws/install/teb_local_planner:/home/allen/Robomaster/rm_ws/install/teb_msgs:/home/allen/Robomaster/rm_ws/install/ros2_livox_simulation:/home/allen/Robomaster/rm_ws/install/rmbot2:/home/allen/Robomaster/rm_ws/install/rm_navigation:/home/allen/Robomaster/rm_ws/install/rm_nav_bringup:/home/allen/Robomaster/rm_ws/install/pointcloud_to_laserscan:/home/allen/Robomaster/rm_ws/install/point_lio:/home/allen/Robomaster/rm_ws/install/icp_registration:/home/allen/Robomaster/rm_ws/install/fast_lio:/home/allen/Robomaster/rm_ws/install/livox_ros_driver2:/home/allen/Robomaster/rm_ws/install/linefit_ground_segmentation_ros:/home/allen/Robomaster/rm_ws/install/linefit_ground_segmentation:/home/allen/Robomaster/rm_ws/install/imu_complementary_filter:/home/allen/Robomaster/rm_ws/install/fake_vel_transform:/home/allen/Robomaster/rm_ws/install/costmap_converter:/home/allen/Robomaster/rm_ws/install/costmap_converter_msgs:/home/allen/capstone/description_ws/install/ur_yt_sim:/home/allen/capstone/description_ws/install/ur10e_description:/home/allen/capstone/description_ws/install/kuka_agilus_support:/home/allen/capstone/description_ws/install/kuka_resources:/opt/ros/humble:/home/allen/capstone/description_ws/install/kuka_kr3_description /usr/bin/cmake --build /home/allen/rm_ws/build/rm_nav_bringup -- -j2 -l2
[562.163s] DEBUG:colcon.colcon_core.event_handler.log_command:Invoking command in '/home/allen/rm_ws/build/rm_nav_bringup': CMAKE_PREFIX_PATH=/home/allen/Robomaster/rm_ws/install/teb_local_planner:/home/allen/Robomaster/rm_ws/install/teb_msgs:/home/allen/Robomaster/rm_ws/install/ros2_livox_simulation:/home/allen/Robomaster/rm_ws/install/rmbot2:/home/allen/Robomaster/rm_ws/install/rm_navigation:/home/allen/Robomaster/rm_ws/install/rm_nav_bringup:/home/allen/Robomaster/rm_ws/install/pointcloud_to_laserscan:/home/allen/Robomaster/rm_ws/install/point_lio:/home/allen/Robomaster/rm_ws/install/icp_registration:/home/allen/Robomaster/rm_ws/install/fast_lio:/home/allen/Robomaster/rm_ws/install/livox_ros_driver2:/home/allen/Robomaster/rm_ws/install/linefit_ground_segmentation_ros:/home/allen/Robomaster/rm_ws/install/linefit_ground_segmentation:/home/allen/Robomaster/rm_ws/install/imu_complementary_filter:/home/allen/Robomaster/rm_ws/install/fake_vel_transform:/home/allen/Robomaster/rm_ws/install/costmap_converter:/home/allen/Robomaster/rm_ws/install/costmap_converter_msgs:/home/allen/capstone/description_ws/install/ur_yt_sim:/home/allen/capstone/description_ws/install/ur10e_description:/home/allen/capstone/description_ws/install/kuka_agilus_support:/home/allen/capstone/description_ws/install/kuka_resources:/opt/ros/humble:/home/allen/capstone/description_ws/install/kuka_kr3_description /usr/bin/cmake --install /home/allen/rm_ws/build/rm_nav_bringup
[566.586s] Level 1:colcon.colcon_core.environment:create_environment_scripts_only(rm_nav_bringup)
[566.587s] Level 1:colcon.colcon_core.environment:checking '/home/allen/rm_ws/install/rm_nav_bringup' for CMake module files
[566.595s] Level 1:colcon.colcon_core.environment:checking '/home/allen/rm_ws/install/rm_nav_bringup' for CMake config files
[566.596s] DEBUG:colcon.colcon_core.event_handler.log_command:Invoked command in '/home/allen/rm_ws/build/rm_nav_bringup' returned '0': CMAKE_PREFIX_PATH=/home/allen/Robomaster/rm_ws/install/teb_local_planner:/home/allen/Robomaster/rm_ws/install/teb_msgs:/home/allen/Robomaster/rm_ws/install/ros2_livox_simulation:/home/allen/Robomaster/rm_ws/install/rmbot2:/home/allen/Robomaster/rm_ws/install/rm_navigation:/home/allen/Robomaster/rm_ws/install/rm_nav_bringup:/home/allen/Robomaster/rm_ws/install/pointcloud_to_laserscan:/home/allen/Robomaster/rm_ws/install/point_lio:/home/allen/Robomaster/rm_ws/install/icp_registration:/home/allen/Robomaster/rm_ws/install/fast_lio:/home/allen/Robomaster/rm_ws/install/livox_ros_driver2:/home/allen/Robomaster/rm_ws/install/linefit_ground_segmentation_ros:/home/allen/Robomaster/rm_ws/install/linefit_ground_segmentation:/home/allen/Robomaster/rm_ws/install/imu_complementary_filter:/home/allen/Robomaster/rm_ws/install/fake_vel_transform:/home/allen/Robomaster/rm_ws/install/costmap_converter:/home/allen/Robomaster/rm_ws/install/costmap_converter_msgs:/home/allen/capstone/description_ws/install/ur_yt_sim:/home/allen/capstone/description_ws/install/ur10e_description:/home/allen/capstone/description_ws/install/kuka_agilus_support:/home/allen/capstone/description_ws/install/kuka_resources:/opt/ros/humble:/home/allen/capstone/description_ws/install/kuka_kr3_description /usr/bin/cmake --install /home/allen/rm_ws/build/rm_nav_bringup
[566.598s] Level 1:colcon.colcon_core.shell:create_environment_hook('rm_nav_bringup', 'cmake_prefix_path')
[566.600s] INFO:colcon.colcon_core.shell:Creating environment hook '/home/allen/rm_ws/install/rm_nav_bringup/share/rm_nav_bringup/hook/cmake_prefix_path.ps1'
[566.600s] INFO:colcon.colcon_core.shell:Creating environment descriptor '/home/allen/rm_ws/install/rm_nav_bringup/share/rm_nav_bringup/hook/cmake_prefix_path.dsv'
[566.601s] INFO:colcon.colcon_core.shell:Creating environment hook '/home/allen/rm_ws/install/rm_nav_bringup/share/rm_nav_bringup/hook/cmake_prefix_path.sh'
[566.602s] Level 1:colcon.colcon_core.environment:checking '/home/allen/rm_ws/install/rm_nav_bringup/bin'
[566.602s] Level 1:colcon.colcon_core.environment:checking '/home/allen/rm_ws/install/rm_nav_bringup/lib/pkgconfig/rm_nav_bringup.pc'
[566.602s] Level 1:colcon.colcon_core.environment:checking '/home/allen/rm_ws/install/rm_nav_bringup/lib/python3.10/site-packages'
[566.603s] Level 1:colcon.colcon_core.environment:checking '/home/allen/rm_ws/install/rm_nav_bringup/bin'
[566.603s] INFO:colcon.colcon_core.shell:Creating package script '/home/allen/rm_ws/install/rm_nav_bringup/share/rm_nav_bringup/package.ps1'
[566.604s] INFO:colcon.colcon_core.shell:Creating package descriptor '/home/allen/rm_ws/install/rm_nav_bringup/share/rm_nav_bringup/package.dsv'
[566.605s] INFO:colcon.colcon_core.shell:Creating package script '/home/allen/rm_ws/install/rm_nav_bringup/share/rm_nav_bringup/package.sh'
[566.609s] INFO:colcon.colcon_core.shell:Creating package script '/home/allen/rm_ws/install/rm_nav_bringup/share/rm_nav_bringup/package.bash'
[566.610s] INFO:colcon.colcon_core.shell:Creating package script '/home/allen/rm_ws/install/rm_nav_bringup/share/rm_nav_bringup/package.zsh'
[566.611s] Level 1:colcon.colcon_core.environment:create_file_with_runtime_dependencies(/home/allen/rm_ws/install/rm_nav_bringup/share/colcon-core/packages/rm_nav_bringup)
[566.612s] Level 1:colcon.colcon_core.environment:create_environment_scripts_only(rm_nav_bringup)
[566.613s] Level 1:colcon.colcon_core.environment:checking '/home/allen/rm_ws/install/rm_nav_bringup' for CMake module files
[566.616s] Level 1:colcon.colcon_core.environment:checking '/home/allen/rm_ws/install/rm_nav_bringup' for CMake config files
[566.619s] Level 1:colcon.colcon_core.shell:create_environment_hook('rm_nav_bringup', 'cmake_prefix_path')
[566.619s] INFO:colcon.colcon_core.shell:Creating environment hook '/home/allen/rm_ws/install/rm_nav_bringup/share/rm_nav_bringup/hook/cmake_prefix_path.ps1'
[566.621s] INFO:colcon.colcon_core.shell:Creating environment descriptor '/home/allen/rm_ws/install/rm_nav_bringup/share/rm_nav_bringup/hook/cmake_prefix_path.dsv'
[566.622s] INFO:colcon.colcon_core.shell:Creating environment hook '/home/allen/rm_ws/install/rm_nav_bringup/share/rm_nav_bringup/hook/cmake_prefix_path.sh'
[566.624s] Level 1:colcon.colcon_core.environment:checking '/home/allen/rm_ws/install/rm_nav_bringup/bin'
[566.625s] Level 1:colcon.colcon_core.environment:checking '/home/allen/rm_ws/install/rm_nav_bringup/lib/pkgconfig/rm_nav_bringup.pc'
[566.625s] Level 1:colcon.colcon_core.environment:checking '/home/allen/rm_ws/install/rm_nav_bringup/lib/python3.10/site-packages'
[566.625s] Level 1:colcon.colcon_core.environment:checking '/home/allen/rm_ws/install/rm_nav_bringup/bin'
[566.626s] INFO:colcon.colcon_core.shell:Creating package script '/home/allen/rm_ws/install/rm_nav_bringup/share/rm_nav_bringup/package.ps1'
[566.629s] INFO:colcon.colcon_core.shell:Creating package descriptor '/home/allen/rm_ws/install/rm_nav_bringup/share/rm_nav_bringup/package.dsv'
[566.631s] INFO:colcon.colcon_core.shell:Creating package script '/home/allen/rm_ws/install/rm_nav_bringup/share/rm_nav_bringup/package.sh'
[566.632s] INFO:colcon.colcon_core.shell:Creating package script '/home/allen/rm_ws/install/rm_nav_bringup/share/rm_nav_bringup/package.bash'
[566.635s] INFO:colcon.colcon_core.shell:Creating package script '/home/allen/rm_ws/install/rm_nav_bringup/share/rm_nav_bringup/package.zsh'
[566.636s] Level 1:colcon.colcon_core.environment:create_file_with_runtime_dependencies(/home/allen/rm_ws/install/rm_nav_bringup/share/colcon-core/packages/rm_nav_bringup)
[566.643s] INFO:colcon.colcon_ros.task.ament_cmake.build:Building ROS package in '/home/allen/rm_ws/src/rm_navigation/rm_navigation' with build type 'ament_cmake'
[566.643s] INFO:colcon.colcon_cmake.task.cmake.build:Building CMake package in '/home/allen/rm_ws/src/rm_navigation/rm_navigation'
[566.645s] INFO:colcon.colcon_core.shell:Skip shell extension 'powershell' for command environment: Not usable outside of PowerShell
[566.645s] DEBUG:colcon.colcon_core.shell:Skip shell extension 'dsv' for command environment
[566.752s] DEBUG:colcon.colcon_core.event_handler.log_command:Invoking command in '/home/allen/rm_ws/build/rm_navigation': CMAKE_PREFIX_PATH=/home/allen/Robomaster/rm_ws/install/teb_local_planner:/home/allen/Robomaster/rm_ws/install/teb_msgs:/home/allen/Robomaster/rm_ws/install/ros2_livox_simulation:/home/allen/Robomaster/rm_ws/install/rmbot2:/home/allen/Robomaster/rm_ws/install/rm_navigation:/home/allen/Robomaster/rm_ws/install/rm_nav_bringup:/home/allen/Robomaster/rm_ws/install/pointcloud_to_laserscan:/home/allen/Robomaster/rm_ws/install/point_lio:/home/allen/Robomaster/rm_ws/install/icp_registration:/home/allen/Robomaster/rm_ws/install/fast_lio:/home/allen/Robomaster/rm_ws/install/livox_ros_driver2:/home/allen/Robomaster/rm_ws/install/linefit_ground_segmentation_ros:/home/allen/Robomaster/rm_ws/install/linefit_ground_segmentation:/home/allen/Robomaster/rm_ws/install/imu_complementary_filter:/home/allen/Robomaster/rm_ws/install/fake_vel_transform:/home/allen/Robomaster/rm_ws/install/costmap_converter:/home/allen/Robomaster/rm_ws/install/costmap_converter_msgs:/home/allen/capstone/description_ws/install/ur_yt_sim:/home/allen/capstone/description_ws/install/ur10e_description:/home/allen/capstone/description_ws/install/kuka_agilus_support:/home/allen/capstone/description_ws/install/kuka_resources:/opt/ros/humble:/home/allen/capstone/description_ws/install/kuka_kr3_description /usr/bin/cmake /home/allen/rm_ws/src/rm_navigation/rm_navigation -DAMENT_CMAKE_SYMLINK_INSTALL=1 -DCMAKE_INSTALL_PREFIX=/home/allen/rm_ws/install/rm_navigation
[571.423s] DEBUG:colcon.colcon_core.event_handler.log_command:Invoked command in '/home/allen/rm_ws/build/rm_navigation' returned '0': CMAKE_PREFIX_PATH=/home/allen/Robomaster/rm_ws/install/teb_local_planner:/home/allen/Robomaster/rm_ws/install/teb_msgs:/home/allen/Robomaster/rm_ws/install/ros2_livox_simulation:/home/allen/Robomaster/rm_ws/install/rmbot2:/home/allen/Robomaster/rm_ws/install/rm_navigation:/home/allen/Robomaster/rm_ws/install/rm_nav_bringup:/home/allen/Robomaster/rm_ws/install/pointcloud_to_laserscan:/home/allen/Robomaster/rm_ws/install/point_lio:/home/allen/Robomaster/rm_ws/install/icp_registration:/home/allen/Robomaster/rm_ws/install/fast_lio:/home/allen/Robomaster/rm_ws/install/livox_ros_driver2:/home/allen/Robomaster/rm_ws/install/linefit_ground_segmentation_ros:/home/allen/Robomaster/rm_ws/install/linefit_ground_segmentation:/home/allen/Robomaster/rm_ws/install/imu_complementary_filter:/home/allen/Robomaster/rm_ws/install/fake_vel_transform:/home/allen/Robomaster/rm_ws/install/costmap_converter:/home/allen/Robomaster/rm_ws/install/costmap_converter_msgs:/home/allen/capstone/description_ws/install/ur_yt_sim:/home/allen/capstone/description_ws/install/ur10e_description:/home/allen/capstone/description_ws/install/kuka_agilus_support:/home/allen/capstone/description_ws/install/kuka_resources:/opt/ros/humble:/home/allen/capstone/description_ws/install/kuka_kr3_description /usr/bin/cmake /home/allen/rm_ws/src/rm_navigation/rm_navigation -DAMENT_CMAKE_SYMLINK_INSTALL=1 -DCMAKE_INSTALL_PREFIX=/home/allen/rm_ws/install/rm_navigation
[571.424s] DEBUG:colcon.colcon_core.event_handler.log_command:Invoking command in '/home/allen/rm_ws/build/rm_navigation': CMAKE_PREFIX_PATH=/home/allen/Robomaster/rm_ws/install/teb_local_planner:/home/allen/Robomaster/rm_ws/install/teb_msgs:/home/allen/Robomaster/rm_ws/install/ros2_livox_simulation:/home/allen/Robomaster/rm_ws/install/rmbot2:/home/allen/Robomaster/rm_ws/install/rm_navigation:/home/allen/Robomaster/rm_ws/install/rm_nav_bringup:/home/allen/Robomaster/rm_ws/install/pointcloud_to_laserscan:/home/allen/Robomaster/rm_ws/install/point_lio:/home/allen/Robomaster/rm_ws/install/icp_registration:/home/allen/Robomaster/rm_ws/install/fast_lio:/home/allen/Robomaster/rm_ws/install/livox_ros_driver2:/home/allen/Robomaster/rm_ws/install/linefit_ground_segmentation_ros:/home/allen/Robomaster/rm_ws/install/linefit_ground_segmentation:/home/allen/Robomaster/rm_ws/install/imu_complementary_filter:/home/allen/Robomaster/rm_ws/install/fake_vel_transform:/home/allen/Robomaster/rm_ws/install/costmap_converter:/home/allen/Robomaster/rm_ws/install/costmap_converter_msgs:/home/allen/capstone/description_ws/install/ur_yt_sim:/home/allen/capstone/description_ws/install/ur10e_description:/home/allen/capstone/description_ws/install/kuka_agilus_support:/home/allen/capstone/description_ws/install/kuka_resources:/opt/ros/humble:/home/allen/capstone/description_ws/install/kuka_kr3_description /usr/bin/cmake --build /home/allen/rm_ws/build/rm_navigation -- -j2 -l2
[571.815s] DEBUG:colcon.colcon_core.event_handler.log_command:Invoked command in '/home/allen/rm_ws/build/rm_navigation' returned '0': CMAKE_PREFIX_PATH=/home/allen/Robomaster/rm_ws/install/teb_local_planner:/home/allen/Robomaster/rm_ws/install/teb_msgs:/home/allen/Robomaster/rm_ws/install/ros2_livox_simulation:/home/allen/Robomaster/rm_ws/install/rmbot2:/home/allen/Robomaster/rm_ws/install/rm_navigation:/home/allen/Robomaster/rm_ws/install/rm_nav_bringup:/home/allen/Robomaster/rm_ws/install/pointcloud_to_laserscan:/home/allen/Robomaster/rm_ws/install/point_lio:/home/allen/Robomaster/rm_ws/install/icp_registration:/home/allen/Robomaster/rm_ws/install/fast_lio:/home/allen/Robomaster/rm_ws/install/livox_ros_driver2:/home/allen/Robomaster/rm_ws/install/linefit_ground_segmentation_ros:/home/allen/Robomaster/rm_ws/install/linefit_ground_segmentation:/home/allen/Robomaster/rm_ws/install/imu_complementary_filter:/home/allen/Robomaster/rm_ws/install/fake_vel_transform:/home/allen/Robomaster/rm_ws/install/costmap_converter:/home/allen/Robomaster/rm_ws/install/costmap_converter_msgs:/home/allen/capstone/description_ws/install/ur_yt_sim:/home/allen/capstone/description_ws/install/ur10e_description:/home/allen/capstone/description_ws/install/kuka_agilus_support:/home/allen/capstone/description_ws/install/kuka_resources:/opt/ros/humble:/home/allen/capstone/description_ws/install/kuka_kr3_description /usr/bin/cmake --build /home/allen/rm_ws/build/rm_navigation -- -j2 -l2
[571.824s] DEBUG:colcon.colcon_core.event_handler.log_command:Invoking command in '/home/allen/rm_ws/build/rm_navigation': CMAKE_PREFIX_PATH=/home/allen/Robomaster/rm_ws/install/teb_local_planner:/home/allen/Robomaster/rm_ws/install/teb_msgs:/home/allen/Robomaster/rm_ws/install/ros2_livox_simulation:/home/allen/Robomaster/rm_ws/install/rmbot2:/home/allen/Robomaster/rm_ws/install/rm_navigation:/home/allen/Robomaster/rm_ws/install/rm_nav_bringup:/home/allen/Robomaster/rm_ws/install/pointcloud_to_laserscan:/home/allen/Robomaster/rm_ws/install/point_lio:/home/allen/Robomaster/rm_ws/install/icp_registration:/home/allen/Robomaster/rm_ws/install/fast_lio:/home/allen/Robomaster/rm_ws/install/livox_ros_driver2:/home/allen/Robomaster/rm_ws/install/linefit_ground_segmentation_ros:/home/allen/Robomaster/rm_ws/install/linefit_ground_segmentation:/home/allen/Robomaster/rm_ws/install/imu_complementary_filter:/home/allen/Robomaster/rm_ws/install/fake_vel_transform:/home/allen/Robomaster/rm_ws/install/costmap_converter:/home/allen/Robomaster/rm_ws/install/costmap_converter_msgs:/home/allen/capstone/description_ws/install/ur_yt_sim:/home/allen/capstone/description_ws/install/ur10e_description:/home/allen/capstone/description_ws/install/kuka_agilus_support:/home/allen/capstone/description_ws/install/kuka_resources:/opt/ros/humble:/home/allen/capstone/description_ws/install/kuka_kr3_description /usr/bin/cmake --install /home/allen/rm_ws/build/rm_navigation
[574.078s] Level 1:colcon.colcon_core.environment:create_environment_scripts_only(rm_navigation)
[574.079s] Level 1:colcon.colcon_core.environment:checking '/home/allen/rm_ws/install/rm_navigation' for CMake module files
[574.081s] DEBUG:colcon.colcon_core.event_handler.log_command:Invoked command in '/home/allen/rm_ws/build/rm_navigation' returned '0': CMAKE_PREFIX_PATH=/home/allen/Robomaster/rm_ws/install/teb_local_planner:/home/allen/Robomaster/rm_ws/install/teb_msgs:/home/allen/Robomaster/rm_ws/install/ros2_livox_simulation:/home/allen/Robomaster/rm_ws/install/rmbot2:/home/allen/Robomaster/rm_ws/install/rm_navigation:/home/allen/Robomaster/rm_ws/install/rm_nav_bringup:/home/allen/Robomaster/rm_ws/install/pointcloud_to_laserscan:/home/allen/Robomaster/rm_ws/install/point_lio:/home/allen/Robomaster/rm_ws/install/icp_registration:/home/allen/Robomaster/rm_ws/install/fast_lio:/home/allen/Robomaster/rm_ws/install/livox_ros_driver2:/home/allen/Robomaster/rm_ws/install/linefit_ground_segmentation_ros:/home/allen/Robomaster/rm_ws/install/linefit_ground_segmentation:/home/allen/Robomaster/rm_ws/install/imu_complementary_filter:/home/allen/Robomaster/rm_ws/install/fake_vel_transform:/home/allen/Robomaster/rm_ws/install/costmap_converter:/home/allen/Robomaster/rm_ws/install/costmap_converter_msgs:/home/allen/capstone/description_ws/install/ur_yt_sim:/home/allen/capstone/description_ws/install/ur10e_description:/home/allen/capstone/description_ws/install/kuka_agilus_support:/home/allen/capstone/description_ws/install/kuka_resources:/opt/ros/humble:/home/allen/capstone/description_ws/install/kuka_kr3_description /usr/bin/cmake --install /home/allen/rm_ws/build/rm_navigation
[574.083s] Level 1:colcon.colcon_core.environment:checking '/home/allen/rm_ws/install/rm_navigation' for CMake config files
[574.085s] Level 1:colcon.colcon_core.shell:create_environment_hook('rm_navigation', 'cmake_prefix_path')
[574.085s] INFO:colcon.colcon_core.shell:Creating environment hook '/home/allen/rm_ws/install/rm_navigation/share/rm_navigation/hook/cmake_prefix_path.ps1'
[574.086s] INFO:colcon.colcon_core.shell:Creating environment descriptor '/home/allen/rm_ws/install/rm_navigation/share/rm_navigation/hook/cmake_prefix_path.dsv'
[574.087s] INFO:colcon.colcon_core.shell:Creating environment hook '/home/allen/rm_ws/install/rm_navigation/share/rm_navigation/hook/cmake_prefix_path.sh'
[574.088s] Level 1:colcon.colcon_core.environment:checking '/home/allen/rm_ws/install/rm_navigation/bin'
[574.088s] Level 1:colcon.colcon_core.environment:checking '/home/allen/rm_ws/install/rm_navigation/lib/pkgconfig/rm_navigation.pc'
[574.088s] Level 1:colcon.colcon_core.environment:checking '/home/allen/rm_ws/install/rm_navigation/lib/python3.10/site-packages'
[574.089s] Level 1:colcon.colcon_core.environment:checking '/home/allen/rm_ws/install/rm_navigation/bin'
[574.090s] INFO:colcon.colcon_core.shell:Creating package script '/home/allen/rm_ws/install/rm_navigation/share/rm_navigation/package.ps1'
[574.090s] INFO:colcon.colcon_core.shell:Creating package descriptor '/home/allen/rm_ws/install/rm_navigation/share/rm_navigation/package.dsv'
[574.091s] INFO:colcon.colcon_core.shell:Creating package script '/home/allen/rm_ws/install/rm_navigation/share/rm_navigation/package.sh'
[574.092s] INFO:colcon.colcon_core.shell:Creating package script '/home/allen/rm_ws/install/rm_navigation/share/rm_navigation/package.bash'
[574.093s] INFO:colcon.colcon_core.shell:Creating package script '/home/allen/rm_ws/install/rm_navigation/share/rm_navigation/package.zsh'
[574.093s] Level 1:colcon.colcon_core.environment:create_file_with_runtime_dependencies(/home/allen/rm_ws/install/rm_navigation/share/colcon-core/packages/rm_navigation)
[574.095s] Level 1:colcon.colcon_core.environment:create_environment_scripts_only(rm_navigation)
[574.096s] Level 1:colcon.colcon_core.environment:checking '/home/allen/rm_ws/install/rm_navigation' for CMake module files
[574.099s] Level 1:colcon.colcon_core.environment:checking '/home/allen/rm_ws/install/rm_navigation' for CMake config files
[574.100s] Level 1:colcon.colcon_core.shell:create_environment_hook('rm_navigation', 'cmake_prefix_path')
[574.101s] INFO:colcon.colcon_core.shell:Creating environment hook '/home/allen/rm_ws/install/rm_navigation/share/rm_navigation/hook/cmake_prefix_path.ps1'
[574.107s] INFO:colcon.colcon_core.shell:Creating environment descriptor '/home/allen/rm_ws/install/rm_navigation/share/rm_navigation/hook/cmake_prefix_path.dsv'
[574.118s] INFO:colcon.colcon_core.shell:Creating environment hook '/home/allen/rm_ws/install/rm_navigation/share/rm_navigation/hook/cmake_prefix_path.sh'
[574.124s] Level 1:colcon.colcon_core.environment:checking '/home/allen/rm_ws/install/rm_navigation/bin'
[574.125s] Level 1:colcon.colcon_core.environment:checking '/home/allen/rm_ws/install/rm_navigation/lib/pkgconfig/rm_navigation.pc'
[574.129s] Level 1:colcon.colcon_core.environment:checking '/home/allen/rm_ws/install/rm_navigation/lib/python3.10/site-packages'
[574.130s] Level 1:colcon.colcon_core.environment:checking '/home/allen/rm_ws/install/rm_navigation/bin'
[574.135s] INFO:colcon.colcon_core.shell:Creating package script '/home/allen/rm_ws/install/rm_navigation/share/rm_navigation/package.ps1'
[574.141s] INFO:colcon.colcon_core.shell:Creating package descriptor '/home/allen/rm_ws/install/rm_navigation/share/rm_navigation/package.dsv'
[574.146s] INFO:colcon.colcon_core.shell:Creating package script '/home/allen/rm_ws/install/rm_navigation/share/rm_navigation/package.sh'
[574.152s] INFO:colcon.colcon_core.shell:Creating package script '/home/allen/rm_ws/install/rm_navigation/share/rm_navigation/package.bash'
[574.162s] INFO:colcon.colcon_core.shell:Creating package script '/home/allen/rm_ws/install/rm_navigation/share/rm_navigation/package.zsh'
[574.167s] Level 1:colcon.colcon_core.environment:create_file_with_runtime_dependencies(/home/allen/rm_ws/install/rm_navigation/share/colcon-core/packages/rm_navigation)
[574.172s] INFO:colcon.colcon_ros.task.ament_cmake.build:Building ROS package in '/home/allen/rm_ws/src/rmbot2' with build type 'ament_cmake'
[574.172s] INFO:colcon.colcon_cmake.task.cmake.build:Building CMake package in '/home/allen/rm_ws/src/rmbot2'
[574.173s] INFO:colcon.colcon_core.shell:Skip shell extension 'powershell' for command environment: Not usable outside of PowerShell
[574.177s] DEBUG:colcon.colcon_core.shell:Skip shell extension 'dsv' for command environment
[574.293s] DEBUG:colcon.colcon_core.event_handler.log_command:Invoking command in '/home/allen/rm_ws/build/rmbot2': CMAKE_PREFIX_PATH=/home/allen/Robomaster/rm_ws/install/teb_local_planner:/home/allen/Robomaster/rm_ws/install/teb_msgs:/home/allen/Robomaster/rm_ws/install/ros2_livox_simulation:/home/allen/Robomaster/rm_ws/install/rmbot2:/home/allen/Robomaster/rm_ws/install/rm_navigation:/home/allen/Robomaster/rm_ws/install/rm_nav_bringup:/home/allen/Robomaster/rm_ws/install/pointcloud_to_laserscan:/home/allen/Robomaster/rm_ws/install/point_lio:/home/allen/Robomaster/rm_ws/install/icp_registration:/home/allen/Robomaster/rm_ws/install/fast_lio:/home/allen/Robomaster/rm_ws/install/livox_ros_driver2:/home/allen/Robomaster/rm_ws/install/linefit_ground_segmentation_ros:/home/allen/Robomaster/rm_ws/install/linefit_ground_segmentation:/home/allen/Robomaster/rm_ws/install/imu_complementary_filter:/home/allen/Robomaster/rm_ws/install/fake_vel_transform:/home/allen/Robomaster/rm_ws/install/costmap_converter:/home/allen/Robomaster/rm_ws/install/costmap_converter_msgs:/home/allen/capstone/description_ws/install/ur_yt_sim:/home/allen/capstone/description_ws/install/ur10e_description:/home/allen/capstone/description_ws/install/kuka_agilus_support:/home/allen/capstone/description_ws/install/kuka_resources:/opt/ros/humble:/home/allen/capstone/description_ws/install/kuka_kr3_description /usr/bin/cmake /home/allen/rm_ws/src/rmbot2 -DAMENT_CMAKE_SYMLINK_INSTALL=1 -DCMAKE_INSTALL_PREFIX=/home/allen/rm_ws/install/rmbot2
[583.476s] DEBUG:colcon.colcon_core.event_handler.log_command:Invoked command in '/home/allen/rm_ws/build/rmbot2' returned '0': CMAKE_PREFIX_PATH=/home/allen/Robomaster/rm_ws/install/teb_local_planner:/home/allen/Robomaster/rm_ws/install/teb_msgs:/home/allen/Robomaster/rm_ws/install/ros2_livox_simulation:/home/allen/Robomaster/rm_ws/install/rmbot2:/home/allen/Robomaster/rm_ws/install/rm_navigation:/home/allen/Robomaster/rm_ws/install/rm_nav_bringup:/home/allen/Robomaster/rm_ws/install/pointcloud_to_laserscan:/home/allen/Robomaster/rm_ws/install/point_lio:/home/allen/Robomaster/rm_ws/install/icp_registration:/home/allen/Robomaster/rm_ws/install/fast_lio:/home/allen/Robomaster/rm_ws/install/livox_ros_driver2:/home/allen/Robomaster/rm_ws/install/linefit_ground_segmentation_ros:/home/allen/Robomaster/rm_ws/install/linefit_ground_segmentation:/home/allen/Robomaster/rm_ws/install/imu_complementary_filter:/home/allen/Robomaster/rm_ws/install/fake_vel_transform:/home/allen/Robomaster/rm_ws/install/costmap_converter:/home/allen/Robomaster/rm_ws/install/costmap_converter_msgs:/home/allen/capstone/description_ws/install/ur_yt_sim:/home/allen/capstone/description_ws/install/ur10e_description:/home/allen/capstone/description_ws/install/kuka_agilus_support:/home/allen/capstone/description_ws/install/kuka_resources:/opt/ros/humble:/home/allen/capstone/description_ws/install/kuka_kr3_description /usr/bin/cmake /home/allen/rm_ws/src/rmbot2 -DAMENT_CMAKE_SYMLINK_INSTALL=1 -DCMAKE_INSTALL_PREFIX=/home/allen/rm_ws/install/rmbot2
[583.486s] DEBUG:colcon.colcon_core.event_handler.log_command:Invoking command in '/home/allen/rm_ws/build/rmbot2': CMAKE_PREFIX_PATH=/home/allen/Robomaster/rm_ws/install/teb_local_planner:/home/allen/Robomaster/rm_ws/install/teb_msgs:/home/allen/Robomaster/rm_ws/install/ros2_livox_simulation:/home/allen/Robomaster/rm_ws/install/rmbot2:/home/allen/Robomaster/rm_ws/install/rm_navigation:/home/allen/Robomaster/rm_ws/install/rm_nav_bringup:/home/allen/Robomaster/rm_ws/install/pointcloud_to_laserscan:/home/allen/Robomaster/rm_ws/install/point_lio:/home/allen/Robomaster/rm_ws/install/icp_registration:/home/allen/Robomaster/rm_ws/install/fast_lio:/home/allen/Robomaster/rm_ws/install/livox_ros_driver2:/home/allen/Robomaster/rm_ws/install/linefit_ground_segmentation_ros:/home/allen/Robomaster/rm_ws/install/linefit_ground_segmentation:/home/allen/Robomaster/rm_ws/install/imu_complementary_filter:/home/allen/Robomaster/rm_ws/install/fake_vel_transform:/home/allen/Robomaster/rm_ws/install/costmap_converter:/home/allen/Robomaster/rm_ws/install/costmap_converter_msgs:/home/allen/capstone/description_ws/install/ur_yt_sim:/home/allen/capstone/description_ws/install/ur10e_description:/home/allen/capstone/description_ws/install/kuka_agilus_support:/home/allen/capstone/description_ws/install/kuka_resources:/opt/ros/humble:/home/allen/capstone/description_ws/install/kuka_kr3_description /usr/bin/cmake --build /home/allen/rm_ws/build/rmbot2 -- -j2 -l2
[583.844s] DEBUG:colcon.colcon_core.event_handler.log_command:Invoked command in '/home/allen/rm_ws/build/rmbot2' returned '0': CMAKE_PREFIX_PATH=/home/allen/Robomaster/rm_ws/install/teb_local_planner:/home/allen/Robomaster/rm_ws/install/teb_msgs:/home/allen/Robomaster/rm_ws/install/ros2_livox_simulation:/home/allen/Robomaster/rm_ws/install/rmbot2:/home/allen/Robomaster/rm_ws/install/rm_navigation:/home/allen/Robomaster/rm_ws/install/rm_nav_bringup:/home/allen/Robomaster/rm_ws/install/pointcloud_to_laserscan:/home/allen/Robomaster/rm_ws/install/point_lio:/home/allen/Robomaster/rm_ws/install/icp_registration:/home/allen/Robomaster/rm_ws/install/fast_lio:/home/allen/Robomaster/rm_ws/install/livox_ros_driver2:/home/allen/Robomaster/rm_ws/install/linefit_ground_segmentation_ros:/home/allen/Robomaster/rm_ws/install/linefit_ground_segmentation:/home/allen/Robomaster/rm_ws/install/imu_complementary_filter:/home/allen/Robomaster/rm_ws/install/fake_vel_transform:/home/allen/Robomaster/rm_ws/install/costmap_converter:/home/allen/Robomaster/rm_ws/install/costmap_converter_msgs:/home/allen/capstone/description_ws/install/ur_yt_sim:/home/allen/capstone/description_ws/install/ur10e_description:/home/allen/capstone/description_ws/install/kuka_agilus_support:/home/allen/capstone/description_ws/install/kuka_resources:/opt/ros/humble:/home/allen/capstone/description_ws/install/kuka_kr3_description /usr/bin/cmake --build /home/allen/rm_ws/build/rmbot2 -- -j2 -l2
[583.855s] DEBUG:colcon.colcon_core.event_handler.log_command:Invoking command in '/home/allen/rm_ws/build/rmbot2': CMAKE_PREFIX_PATH=/home/allen/Robomaster/rm_ws/install/teb_local_planner:/home/allen/Robomaster/rm_ws/install/teb_msgs:/home/allen/Robomaster/rm_ws/install/ros2_livox_simulation:/home/allen/Robomaster/rm_ws/install/rmbot2:/home/allen/Robomaster/rm_ws/install/rm_navigation:/home/allen/Robomaster/rm_ws/install/rm_nav_bringup:/home/allen/Robomaster/rm_ws/install/pointcloud_to_laserscan:/home/allen/Robomaster/rm_ws/install/point_lio:/home/allen/Robomaster/rm_ws/install/icp_registration:/home/allen/Robomaster/rm_ws/install/fast_lio:/home/allen/Robomaster/rm_ws/install/livox_ros_driver2:/home/allen/Robomaster/rm_ws/install/linefit_ground_segmentation_ros:/home/allen/Robomaster/rm_ws/install/linefit_ground_segmentation:/home/allen/Robomaster/rm_ws/install/imu_complementary_filter:/home/allen/Robomaster/rm_ws/install/fake_vel_transform:/home/allen/Robomaster/rm_ws/install/costmap_converter:/home/allen/Robomaster/rm_ws/install/costmap_converter_msgs:/home/allen/capstone/description_ws/install/ur_yt_sim:/home/allen/capstone/description_ws/install/ur10e_description:/home/allen/capstone/description_ws/install/kuka_agilus_support:/home/allen/capstone/description_ws/install/kuka_resources:/opt/ros/humble:/home/allen/capstone/description_ws/install/kuka_kr3_description /usr/bin/cmake --install /home/allen/rm_ws/build/rmbot2
[595.122s] Level 1:colcon.colcon_core.environment:create_environment_scripts_only(rmbot2)
[595.123s] Level 1:colcon.colcon_core.environment:checking '/home/allen/rm_ws/install/rmbot2' for CMake module files
[595.127s] Level 1:colcon.colcon_core.environment:checking '/home/allen/rm_ws/install/rmbot2' for CMake config files
[595.125s] DEBUG:colcon.colcon_core.event_handler.log_command:Invoked command in '/home/allen/rm_ws/build/rmbot2' returned '0': CMAKE_PREFIX_PATH=/home/allen/Robomaster/rm_ws/install/teb_local_planner:/home/allen/Robomaster/rm_ws/install/teb_msgs:/home/allen/Robomaster/rm_ws/install/ros2_livox_simulation:/home/allen/Robomaster/rm_ws/install/rmbot2:/home/allen/Robomaster/rm_ws/install/rm_navigation:/home/allen/Robomaster/rm_ws/install/rm_nav_bringup:/home/allen/Robomaster/rm_ws/install/pointcloud_to_laserscan:/home/allen/Robomaster/rm_ws/install/point_lio:/home/allen/Robomaster/rm_ws/install/icp_registration:/home/allen/Robomaster/rm_ws/install/fast_lio:/home/allen/Robomaster/rm_ws/install/livox_ros_driver2:/home/allen/Robomaster/rm_ws/install/linefit_ground_segmentation_ros:/home/allen/Robomaster/rm_ws/install/linefit_ground_segmentation:/home/allen/Robomaster/rm_ws/install/imu_complementary_filter:/home/allen/Robomaster/rm_ws/install/fake_vel_transform:/home/allen/Robomaster/rm_ws/install/costmap_converter:/home/allen/Robomaster/rm_ws/install/costmap_converter_msgs:/home/allen/capstone/description_ws/install/ur_yt_sim:/home/allen/capstone/description_ws/install/ur10e_description:/home/allen/capstone/description_ws/install/kuka_agilus_support:/home/allen/capstone/description_ws/install/kuka_resources:/opt/ros/humble:/home/allen/capstone/description_ws/install/kuka_kr3_description /usr/bin/cmake --install /home/allen/rm_ws/build/rmbot2
[595.149s] Level 1:colcon.colcon_core.shell:create_environment_hook('rmbot2', 'cmake_prefix_path')
[595.150s] INFO:colcon.colcon_core.shell:Creating environment hook '/home/allen/rm_ws/install/rmbot2/share/rmbot2/hook/cmake_prefix_path.ps1'
[595.152s] INFO:colcon.colcon_core.shell:Creating environment descriptor '/home/allen/rm_ws/install/rmbot2/share/rmbot2/hook/cmake_prefix_path.dsv'
[595.152s] INFO:colcon.colcon_core.shell:Creating environment hook '/home/allen/rm_ws/install/rmbot2/share/rmbot2/hook/cmake_prefix_path.sh'
[595.155s] Level 1:colcon.colcon_core.environment:checking '/home/allen/rm_ws/install/rmbot2/bin'
[595.155s] Level 1:colcon.colcon_core.environment:checking '/home/allen/rm_ws/install/rmbot2/lib/pkgconfig/rmbot2.pc'
[595.156s] Level 1:colcon.colcon_core.environment:checking '/home/allen/rm_ws/install/rmbot2/lib/python3.10/site-packages'
[595.157s] Level 1:colcon.colcon_core.environment:checking '/home/allen/rm_ws/install/rmbot2/bin'
[595.159s] INFO:colcon.colcon_core.shell:Creating package script '/home/allen/rm_ws/install/rmbot2/share/rmbot2/package.ps1'
[595.161s] INFO:colcon.colcon_core.shell:Creating package descriptor '/home/allen/rm_ws/install/rmbot2/share/rmbot2/package.dsv'
[595.163s] INFO:colcon.colcon_core.shell:Creating package script '/home/allen/rm_ws/install/rmbot2/share/rmbot2/package.sh'
[595.167s] INFO:colcon.colcon_core.shell:Creating package script '/home/allen/rm_ws/install/rmbot2/share/rmbot2/package.bash'
[595.170s] INFO:colcon.colcon_core.shell:Creating package script '/home/allen/rm_ws/install/rmbot2/share/rmbot2/package.zsh'
[595.173s] Level 1:colcon.colcon_core.environment:create_file_with_runtime_dependencies(/home/allen/rm_ws/install/rmbot2/share/colcon-core/packages/rmbot2)
[595.176s] Level 1:colcon.colcon_core.environment:create_environment_scripts_only(rmbot2)
[595.177s] Level 1:colcon.colcon_core.environment:checking '/home/allen/rm_ws/install/rmbot2' for CMake module files
[595.182s] Level 1:colcon.colcon_core.environment:checking '/home/allen/rm_ws/install/rmbot2' for CMake config files
[595.195s] Level 1:colcon.colcon_core.shell:create_environment_hook('rmbot2', 'cmake_prefix_path')
[595.196s] INFO:colcon.colcon_core.shell:Creating environment hook '/home/allen/rm_ws/install/rmbot2/share/rmbot2/hook/cmake_prefix_path.ps1'
[595.199s] INFO:colcon.colcon_core.shell:Creating environment descriptor '/home/allen/rm_ws/install/rmbot2/share/rmbot2/hook/cmake_prefix_path.dsv'
[595.201s] INFO:colcon.colcon_core.shell:Creating environment hook '/home/allen/rm_ws/install/rmbot2/share/rmbot2/hook/cmake_prefix_path.sh'
[595.203s] Level 1:colcon.colcon_core.environment:checking '/home/allen/rm_ws/install/rmbot2/bin'
[595.203s] Level 1:colcon.colcon_core.environment:checking '/home/allen/rm_ws/install/rmbot2/lib/pkgconfig/rmbot2.pc'
[595.203s] Level 1:colcon.colcon_core.environment:checking '/home/allen/rm_ws/install/rmbot2/lib/python3.10/site-packages'
[595.204s] Level 1:colcon.colcon_core.environment:checking '/home/allen/rm_ws/install/rmbot2/bin'
[595.204s] INFO:colcon.colcon_core.shell:Creating package script '/home/allen/rm_ws/install/rmbot2/share/rmbot2/package.ps1'
[595.206s] INFO:colcon.colcon_core.shell:Creating package descriptor '/home/allen/rm_ws/install/rmbot2/share/rmbot2/package.dsv'
[595.209s] INFO:colcon.colcon_core.shell:Creating package script '/home/allen/rm_ws/install/rmbot2/share/rmbot2/package.sh'
[595.215s] INFO:colcon.colcon_core.shell:Creating package script '/home/allen/rm_ws/install/rmbot2/share/rmbot2/package.bash'
[595.218s] INFO:colcon.colcon_core.shell:Creating package script '/home/allen/rm_ws/install/rmbot2/share/rmbot2/package.zsh'
[595.220s] Level 1:colcon.colcon_core.environment:create_file_with_runtime_dependencies(/home/allen/rm_ws/install/rmbot2/share/colcon-core/packages/rmbot2)
[595.228s] INFO:colcon.colcon_ros.task.ament_cmake.build:Building ROS package in '/home/allen/rm_ws/src/rm_localization/FAST_LIO' with build type 'ament_cmake'
[595.228s] INFO:colcon.colcon_cmake.task.cmake.build:Building CMake package in '/home/allen/rm_ws/src/rm_localization/FAST_LIO'
[595.229s] INFO:colcon.colcon_core.shell:Skip shell extension 'powershell' for command environment: Not usable outside of PowerShell
[595.229s] DEBUG:colcon.colcon_core.shell:Skip shell extension 'dsv' for command environment
[595.356s] DEBUG:colcon.colcon_core.event_handler.log_command:Invoking command in '/home/allen/rm_ws/build/fast_lio': AMENT_PREFIX_PATH=/home/allen/rm_ws/install/livox_ros_driver2:${AMENT_PREFIX_PATH} CMAKE_PREFIX_PATH=/home/allen/rm_ws/install/livox_ros_driver2:/home/allen/Robomaster/rm_ws/install/teb_local_planner:/home/allen/Robomaster/rm_ws/install/teb_msgs:/home/allen/Robomaster/rm_ws/install/ros2_livox_simulation:/home/allen/Robomaster/rm_ws/install/rmbot2:/home/allen/Robomaster/rm_ws/install/rm_navigation:/home/allen/Robomaster/rm_ws/install/rm_nav_bringup:/home/allen/Robomaster/rm_ws/install/pointcloud_to_laserscan:/home/allen/Robomaster/rm_ws/install/point_lio:/home/allen/Robomaster/rm_ws/install/icp_registration:/home/allen/Robomaster/rm_ws/install/fast_lio:/home/allen/Robomaster/rm_ws/install/livox_ros_driver2:/home/allen/Robomaster/rm_ws/install/linefit_ground_segmentation_ros:/home/allen/Robomaster/rm_ws/install/linefit_ground_segmentation:/home/allen/Robomaster/rm_ws/install/imu_complementary_filter:/home/allen/Robomaster/rm_ws/install/fake_vel_transform:/home/allen/Robomaster/rm_ws/install/costmap_converter:/home/allen/Robomaster/rm_ws/install/costmap_converter_msgs:/home/allen/capstone/description_ws/install/ur_yt_sim:/home/allen/capstone/description_ws/install/ur10e_description:/home/allen/capstone/description_ws/install/kuka_agilus_support:/home/allen/capstone/description_ws/install/kuka_resources:/opt/ros/humble:/home/allen/capstone/description_ws/install/kuka_kr3_description LD_LIBRARY_PATH=/home/allen/rm_ws/install/livox_ros_driver2/lib:/home/allen/Robomaster/rm_ws/install/teb_local_planner/lib:/home/allen/Robomaster/rm_ws/install/teb_msgs/lib:/home/allen/Robomaster/rm_ws/install/ros2_livox_simulation/lib:/home/allen/Robomaster/rm_ws/install/pointcloud_to_laserscan/lib:/home/allen/Robomaster/rm_ws/install/icp_registration/lib:/home/allen/Robomaster/rm_ws/install/fast_lio/lib:/home/allen/Robomaster/rm_ws/install/livox_ros_driver2/lib:/home/allen/Robomaster/rm_ws/install/linefit_ground_segmentation/lib:/home/allen/Robomaster/rm_ws/install/imu_complementary_filter/lib:/home/allen/Robomaster/rm_ws/install/fake_vel_transform/lib:/home/allen/Robomaster/rm_ws/install/costmap_converter/lib:/home/allen/Robomaster/rm_ws/install/costmap_converter_msgs/lib:/usr/lib/x86_64-linux-gnu/gazebo-11/plugins:/opt/ros/humble/opt/rviz_ogre_vendor/lib:/opt/ros/humble/lib/x86_64-linux-gnu:/opt/ros/humble/opt/openvdb_vendor/lib:/opt/ros/humble/lib:/usr/local/lib:/usr/local/lib:/usr/local/lib:/usr/local/lib PYTHONPATH=/home/allen/rm_ws/install/livox_ros_driver2/local/lib/python3.10/dist-packages:${PYTHONPATH} /usr/bin/cmake /home/allen/rm_ws/src/rm_localization/FAST_LIO -DAMENT_CMAKE_SYMLINK_INSTALL=1 -DCMAKE_INSTALL_PREFIX=/home/allen/rm_ws/install/fast_lio
[627.745s] DEBUG:colcon.colcon_core.event_handler.log_command:Invoked command in '/home/allen/rm_ws/build/fast_lio' returned '0': AMENT_PREFIX_PATH=/home/allen/rm_ws/install/livox_ros_driver2:${AMENT_PREFIX_PATH} CMAKE_PREFIX_PATH=/home/allen/rm_ws/install/livox_ros_driver2:/home/allen/Robomaster/rm_ws/install/teb_local_planner:/home/allen/Robomaster/rm_ws/install/teb_msgs:/home/allen/Robomaster/rm_ws/install/ros2_livox_simulation:/home/allen/Robomaster/rm_ws/install/rmbot2:/home/allen/Robomaster/rm_ws/install/rm_navigation:/home/allen/Robomaster/rm_ws/install/rm_nav_bringup:/home/allen/Robomaster/rm_ws/install/pointcloud_to_laserscan:/home/allen/Robomaster/rm_ws/install/point_lio:/home/allen/Robomaster/rm_ws/install/icp_registration:/home/allen/Robomaster/rm_ws/install/fast_lio:/home/allen/Robomaster/rm_ws/install/livox_ros_driver2:/home/allen/Robomaster/rm_ws/install/linefit_ground_segmentation_ros:/home/allen/Robomaster/rm_ws/install/linefit_ground_segmentation:/home/allen/Robomaster/rm_ws/install/imu_complementary_filter:/home/allen/Robomaster/rm_ws/install/fake_vel_transform:/home/allen/Robomaster/rm_ws/install/costmap_converter:/home/allen/Robomaster/rm_ws/install/costmap_converter_msgs:/home/allen/capstone/description_ws/install/ur_yt_sim:/home/allen/capstone/description_ws/install/ur10e_description:/home/allen/capstone/description_ws/install/kuka_agilus_support:/home/allen/capstone/description_ws/install/kuka_resources:/opt/ros/humble:/home/allen/capstone/description_ws/install/kuka_kr3_description LD_LIBRARY_PATH=/home/allen/rm_ws/install/livox_ros_driver2/lib:/home/allen/Robomaster/rm_ws/install/teb_local_planner/lib:/home/allen/Robomaster/rm_ws/install/teb_msgs/lib:/home/allen/Robomaster/rm_ws/install/ros2_livox_simulation/lib:/home/allen/Robomaster/rm_ws/install/pointcloud_to_laserscan/lib:/home/allen/Robomaster/rm_ws/install/icp_registration/lib:/home/allen/Robomaster/rm_ws/install/fast_lio/lib:/home/allen/Robomaster/rm_ws/install/livox_ros_driver2/lib:/home/allen/Robomaster/rm_ws/install/linefit_ground_segmentation/lib:/home/allen/Robomaster/rm_ws/install/imu_complementary_filter/lib:/home/allen/Robomaster/rm_ws/install/fake_vel_transform/lib:/home/allen/Robomaster/rm_ws/install/costmap_converter/lib:/home/allen/Robomaster/rm_ws/install/costmap_converter_msgs/lib:/usr/lib/x86_64-linux-gnu/gazebo-11/plugins:/opt/ros/humble/opt/rviz_ogre_vendor/lib:/opt/ros/humble/lib/x86_64-linux-gnu:/opt/ros/humble/opt/openvdb_vendor/lib:/opt/ros/humble/lib:/usr/local/lib:/usr/local/lib:/usr/local/lib:/usr/local/lib PYTHONPATH=/home/allen/rm_ws/install/livox_ros_driver2/local/lib/python3.10/dist-packages:${PYTHONPATH} /usr/bin/cmake /home/allen/rm_ws/src/rm_localization/FAST_LIO -DAMENT_CMAKE_SYMLINK_INSTALL=1 -DCMAKE_INSTALL_PREFIX=/home/allen/rm_ws/install/fast_lio
[627.751s] DEBUG:colcon.colcon_core.event_handler.log_command:Invoking command in '/home/allen/rm_ws/build/fast_lio': AMENT_PREFIX_PATH=/home/allen/rm_ws/install/livox_ros_driver2:${AMENT_PREFIX_PATH} CMAKE_PREFIX_PATH=/home/allen/rm_ws/install/livox_ros_driver2:/home/allen/Robomaster/rm_ws/install/teb_local_planner:/home/allen/Robomaster/rm_ws/install/teb_msgs:/home/allen/Robomaster/rm_ws/install/ros2_livox_simulation:/home/allen/Robomaster/rm_ws/install/rmbot2:/home/allen/Robomaster/rm_ws/install/rm_navigation:/home/allen/Robomaster/rm_ws/install/rm_nav_bringup:/home/allen/Robomaster/rm_ws/install/pointcloud_to_laserscan:/home/allen/Robomaster/rm_ws/install/point_lio:/home/allen/Robomaster/rm_ws/install/icp_registration:/home/allen/Robomaster/rm_ws/install/fast_lio:/home/allen/Robomaster/rm_ws/install/livox_ros_driver2:/home/allen/Robomaster/rm_ws/install/linefit_ground_segmentation_ros:/home/allen/Robomaster/rm_ws/install/linefit_ground_segmentation:/home/allen/Robomaster/rm_ws/install/imu_complementary_filter:/home/allen/Robomaster/rm_ws/install/fake_vel_transform:/home/allen/Robomaster/rm_ws/install/costmap_converter:/home/allen/Robomaster/rm_ws/install/costmap_converter_msgs:/home/allen/capstone/description_ws/install/ur_yt_sim:/home/allen/capstone/description_ws/install/ur10e_description:/home/allen/capstone/description_ws/install/kuka_agilus_support:/home/allen/capstone/description_ws/install/kuka_resources:/opt/ros/humble:/home/allen/capstone/description_ws/install/kuka_kr3_description LD_LIBRARY_PATH=/home/allen/rm_ws/install/livox_ros_driver2/lib:/home/allen/Robomaster/rm_ws/install/teb_local_planner/lib:/home/allen/Robomaster/rm_ws/install/teb_msgs/lib:/home/allen/Robomaster/rm_ws/install/ros2_livox_simulation/lib:/home/allen/Robomaster/rm_ws/install/pointcloud_to_laserscan/lib:/home/allen/Robomaster/rm_ws/install/icp_registration/lib:/home/allen/Robomaster/rm_ws/install/fast_lio/lib:/home/allen/Robomaster/rm_ws/install/livox_ros_driver2/lib:/home/allen/Robomaster/rm_ws/install/linefit_ground_segmentation/lib:/home/allen/Robomaster/rm_ws/install/imu_complementary_filter/lib:/home/allen/Robomaster/rm_ws/install/fake_vel_transform/lib:/home/allen/Robomaster/rm_ws/install/costmap_converter/lib:/home/allen/Robomaster/rm_ws/install/costmap_converter_msgs/lib:/usr/lib/x86_64-linux-gnu/gazebo-11/plugins:/opt/ros/humble/opt/rviz_ogre_vendor/lib:/opt/ros/humble/lib/x86_64-linux-gnu:/opt/ros/humble/opt/openvdb_vendor/lib:/opt/ros/humble/lib:/usr/local/lib:/usr/local/lib:/usr/local/lib:/usr/local/lib PYTHONPATH=/home/allen/rm_ws/install/livox_ros_driver2/local/lib/python3.10/dist-packages:${PYTHONPATH} /usr/bin/cmake --build /home/allen/rm_ws/build/fast_lio -- -j2 -l2
[679.880s] DEBUG:colcon.colcon_core.event_handler.log_command:Invoked command in '/home/allen/rm_ws/build/pointcloud_to_laserscan' returned '0': CMAKE_PREFIX_PATH=/home/allen/Robomaster/rm_ws/install/teb_local_planner:/home/allen/Robomaster/rm_ws/install/teb_msgs:/home/allen/Robomaster/rm_ws/install/ros2_livox_simulation:/home/allen/Robomaster/rm_ws/install/rmbot2:/home/allen/Robomaster/rm_ws/install/rm_navigation:/home/allen/Robomaster/rm_ws/install/rm_nav_bringup:/home/allen/Robomaster/rm_ws/install/pointcloud_to_laserscan:/home/allen/Robomaster/rm_ws/install/point_lio:/home/allen/Robomaster/rm_ws/install/icp_registration:/home/allen/Robomaster/rm_ws/install/fast_lio:/home/allen/Robomaster/rm_ws/install/livox_ros_driver2:/home/allen/Robomaster/rm_ws/install/linefit_ground_segmentation_ros:/home/allen/Robomaster/rm_ws/install/linefit_ground_segmentation:/home/allen/Robomaster/rm_ws/install/imu_complementary_filter:/home/allen/Robomaster/rm_ws/install/fake_vel_transform:/home/allen/Robomaster/rm_ws/install/costmap_converter:/home/allen/Robomaster/rm_ws/install/costmap_converter_msgs:/home/allen/capstone/description_ws/install/ur_yt_sim:/home/allen/capstone/description_ws/install/ur10e_description:/home/allen/capstone/description_ws/install/kuka_agilus_support:/home/allen/capstone/description_ws/install/kuka_resources:/opt/ros/humble:/home/allen/capstone/description_ws/install/kuka_kr3_description /usr/bin/cmake --build /home/allen/rm_ws/build/pointcloud_to_laserscan -- -j2 -l2
[679.881s] DEBUG:colcon.colcon_core.event_handler.log_command:Invoking command in '/home/allen/rm_ws/build/pointcloud_to_laserscan': CMAKE_PREFIX_PATH=/home/allen/Robomaster/rm_ws/install/teb_local_planner:/home/allen/Robomaster/rm_ws/install/teb_msgs:/home/allen/Robomaster/rm_ws/install/ros2_livox_simulation:/home/allen/Robomaster/rm_ws/install/rmbot2:/home/allen/Robomaster/rm_ws/install/rm_navigation:/home/allen/Robomaster/rm_ws/install/rm_nav_bringup:/home/allen/Robomaster/rm_ws/install/pointcloud_to_laserscan:/home/allen/Robomaster/rm_ws/install/point_lio:/home/allen/Robomaster/rm_ws/install/icp_registration:/home/allen/Robomaster/rm_ws/install/fast_lio:/home/allen/Robomaster/rm_ws/install/livox_ros_driver2:/home/allen/Robomaster/rm_ws/install/linefit_ground_segmentation_ros:/home/allen/Robomaster/rm_ws/install/linefit_ground_segmentation:/home/allen/Robomaster/rm_ws/install/imu_complementary_filter:/home/allen/Robomaster/rm_ws/install/fake_vel_transform:/home/allen/Robomaster/rm_ws/install/costmap_converter:/home/allen/Robomaster/rm_ws/install/costmap_converter_msgs:/home/allen/capstone/description_ws/install/ur_yt_sim:/home/allen/capstone/description_ws/install/ur10e_description:/home/allen/capstone/description_ws/install/kuka_agilus_support:/home/allen/capstone/description_ws/install/kuka_resources:/opt/ros/humble:/home/allen/capstone/description_ws/install/kuka_kr3_description /usr/bin/cmake --install /home/allen/rm_ws/build/pointcloud_to_laserscan
[682.856s] Level 1:colcon.colcon_core.environment:create_environment_scripts_only(pointcloud_to_laserscan)
[682.858s] Level 1:colcon.colcon_core.environment:checking '/home/allen/rm_ws/install/pointcloud_to_laserscan' for CMake module files
[682.861s] Level 1:colcon.colcon_core.environment:checking '/home/allen/rm_ws/install/pointcloud_to_laserscan' for CMake config files
[682.857s] DEBUG:colcon.colcon_core.event_handler.log_command:Invoked command in '/home/allen/rm_ws/build/pointcloud_to_laserscan' returned '0': CMAKE_PREFIX_PATH=/home/allen/Robomaster/rm_ws/install/teb_local_planner:/home/allen/Robomaster/rm_ws/install/teb_msgs:/home/allen/Robomaster/rm_ws/install/ros2_livox_simulation:/home/allen/Robomaster/rm_ws/install/rmbot2:/home/allen/Robomaster/rm_ws/install/rm_navigation:/home/allen/Robomaster/rm_ws/install/rm_nav_bringup:/home/allen/Robomaster/rm_ws/install/pointcloud_to_laserscan:/home/allen/Robomaster/rm_ws/install/point_lio:/home/allen/Robomaster/rm_ws/install/icp_registration:/home/allen/Robomaster/rm_ws/install/fast_lio:/home/allen/Robomaster/rm_ws/install/livox_ros_driver2:/home/allen/Robomaster/rm_ws/install/linefit_ground_segmentation_ros:/home/allen/Robomaster/rm_ws/install/linefit_ground_segmentation:/home/allen/Robomaster/rm_ws/install/imu_complementary_filter:/home/allen/Robomaster/rm_ws/install/fake_vel_transform:/home/allen/Robomaster/rm_ws/install/costmap_converter:/home/allen/Robomaster/rm_ws/install/costmap_converter_msgs:/home/allen/capstone/description_ws/install/ur_yt_sim:/home/allen/capstone/description_ws/install/ur10e_description:/home/allen/capstone/description_ws/install/kuka_agilus_support:/home/allen/capstone/description_ws/install/kuka_resources:/opt/ros/humble:/home/allen/capstone/description_ws/install/kuka_kr3_description /usr/bin/cmake --install /home/allen/rm_ws/build/pointcloud_to_laserscan
[682.864s] Level 1:colcon.colcon_core.shell:create_environment_hook('pointcloud_to_laserscan', 'cmake_prefix_path')
[682.865s] INFO:colcon.colcon_core.shell:Creating environment hook '/home/allen/rm_ws/install/pointcloud_to_laserscan/share/pointcloud_to_laserscan/hook/cmake_prefix_path.ps1'
[682.871s] INFO:colcon.colcon_core.shell:Creating environment descriptor '/home/allen/rm_ws/install/pointcloud_to_laserscan/share/pointcloud_to_laserscan/hook/cmake_prefix_path.dsv'
[682.872s] INFO:colcon.colcon_core.shell:Creating environment hook '/home/allen/rm_ws/install/pointcloud_to_laserscan/share/pointcloud_to_laserscan/hook/cmake_prefix_path.sh'
[682.874s] Level 1:colcon.colcon_core.environment:checking '/home/allen/rm_ws/install/pointcloud_to_laserscan/lib'
[682.875s] Level 1:colcon.colcon_core.shell:create_environment_hook('pointcloud_to_laserscan', 'ld_library_path_lib')
[682.876s] INFO:colcon.colcon_core.shell:Creating environment hook '/home/allen/rm_ws/install/pointcloud_to_laserscan/share/pointcloud_to_laserscan/hook/ld_library_path_lib.ps1'
[682.878s] INFO:colcon.colcon_core.shell:Creating environment descriptor '/home/allen/rm_ws/install/pointcloud_to_laserscan/share/pointcloud_to_laserscan/hook/ld_library_path_lib.dsv'
[682.882s] INFO:colcon.colcon_core.shell:Creating environment hook '/home/allen/rm_ws/install/pointcloud_to_laserscan/share/pointcloud_to_laserscan/hook/ld_library_path_lib.sh'
[682.885s] Level 1:colcon.colcon_core.environment:checking '/home/allen/rm_ws/install/pointcloud_to_laserscan/bin'
[682.885s] Level 1:colcon.colcon_core.environment:checking '/home/allen/rm_ws/install/pointcloud_to_laserscan/lib/pkgconfig/pointcloud_to_laserscan.pc'
[682.886s] Level 1:colcon.colcon_core.environment:checking '/home/allen/rm_ws/install/pointcloud_to_laserscan/lib/python3.10/site-packages'
[682.887s] Level 1:colcon.colcon_core.environment:checking '/home/allen/rm_ws/install/pointcloud_to_laserscan/bin'
[682.888s] INFO:colcon.colcon_core.shell:Creating package script '/home/allen/rm_ws/install/pointcloud_to_laserscan/share/pointcloud_to_laserscan/package.ps1'
[682.889s] INFO:colcon.colcon_core.shell:Creating package descriptor '/home/allen/rm_ws/install/pointcloud_to_laserscan/share/pointcloud_to_laserscan/package.dsv'
[682.890s] INFO:colcon.colcon_core.shell:Creating package script '/home/allen/rm_ws/install/pointcloud_to_laserscan/share/pointcloud_to_laserscan/package.sh'
[682.890s] INFO:colcon.colcon_core.shell:Creating package script '/home/allen/rm_ws/install/pointcloud_to_laserscan/share/pointcloud_to_laserscan/package.bash'
[682.891s] INFO:colcon.colcon_core.shell:Creating package script '/home/allen/rm_ws/install/pointcloud_to_laserscan/share/pointcloud_to_laserscan/package.zsh'
[682.893s] Level 1:colcon.colcon_core.environment:create_file_with_runtime_dependencies(/home/allen/rm_ws/install/pointcloud_to_laserscan/share/colcon-core/packages/pointcloud_to_laserscan)
[682.897s] Level 1:colcon.colcon_core.environment:create_environment_scripts_only(pointcloud_to_laserscan)
[682.898s] Level 1:colcon.colcon_core.environment:checking '/home/allen/rm_ws/install/pointcloud_to_laserscan' for CMake module files
[682.902s] Level 1:colcon.colcon_core.environment:checking '/home/allen/rm_ws/install/pointcloud_to_laserscan' for CMake config files
[682.907s] Level 1:colcon.colcon_core.shell:create_environment_hook('pointcloud_to_laserscan', 'cmake_prefix_path')
[682.908s] INFO:colcon.colcon_core.shell:Creating environment hook '/home/allen/rm_ws/install/pointcloud_to_laserscan/share/pointcloud_to_laserscan/hook/cmake_prefix_path.ps1'
[682.909s] INFO:colcon.colcon_core.shell:Creating environment descriptor '/home/allen/rm_ws/install/pointcloud_to_laserscan/share/pointcloud_to_laserscan/hook/cmake_prefix_path.dsv'
[682.913s] INFO:colcon.colcon_core.shell:Creating environment hook '/home/allen/rm_ws/install/pointcloud_to_laserscan/share/pointcloud_to_laserscan/hook/cmake_prefix_path.sh'
[682.918s] Level 1:colcon.colcon_core.environment:checking '/home/allen/rm_ws/install/pointcloud_to_laserscan/lib'
[682.918s] Level 1:colcon.colcon_core.shell:create_environment_hook('pointcloud_to_laserscan', 'ld_library_path_lib')
[682.918s] INFO:colcon.colcon_core.shell:Creating environment hook '/home/allen/rm_ws/install/pointcloud_to_laserscan/share/pointcloud_to_laserscan/hook/ld_library_path_lib.ps1'
[682.921s] INFO:colcon.colcon_core.shell:Creating environment descriptor '/home/allen/rm_ws/install/pointcloud_to_laserscan/share/pointcloud_to_laserscan/hook/ld_library_path_lib.dsv'
[682.924s] INFO:colcon.colcon_core.shell:Creating environment hook '/home/allen/rm_ws/install/pointcloud_to_laserscan/share/pointcloud_to_laserscan/hook/ld_library_path_lib.sh'
[682.926s] Level 1:colcon.colcon_core.environment:checking '/home/allen/rm_ws/install/pointcloud_to_laserscan/bin'
[682.927s] Level 1:colcon.colcon_core.environment:checking '/home/allen/rm_ws/install/pointcloud_to_laserscan/lib/pkgconfig/pointcloud_to_laserscan.pc'
[682.928s] Level 1:colcon.colcon_core.environment:checking '/home/allen/rm_ws/install/pointcloud_to_laserscan/lib/python3.10/site-packages'
[682.929s] Level 1:colcon.colcon_core.environment:checking '/home/allen/rm_ws/install/pointcloud_to_laserscan/bin'
[682.930s] INFO:colcon.colcon_core.shell:Creating package script '/home/allen/rm_ws/install/pointcloud_to_laserscan/share/pointcloud_to_laserscan/package.ps1'
[682.933s] INFO:colcon.colcon_core.shell:Creating package descriptor '/home/allen/rm_ws/install/pointcloud_to_laserscan/share/pointcloud_to_laserscan/package.dsv'
[682.935s] INFO:colcon.colcon_core.shell:Creating package script '/home/allen/rm_ws/install/pointcloud_to_laserscan/share/pointcloud_to_laserscan/package.sh'
[682.938s] INFO:colcon.colcon_core.shell:Creating package script '/home/allen/rm_ws/install/pointcloud_to_laserscan/share/pointcloud_to_laserscan/package.bash'
[682.941s] INFO:colcon.colcon_core.shell:Creating package script '/home/allen/rm_ws/install/pointcloud_to_laserscan/share/pointcloud_to_laserscan/package.zsh'
[682.943s] Level 1:colcon.colcon_core.environment:create_file_with_runtime_dependencies(/home/allen/rm_ws/install/pointcloud_to_laserscan/share/colcon-core/packages/pointcloud_to_laserscan)
[682.946s] INFO:colcon.colcon_ros.task.ament_cmake.build:Building ROS package in '/home/allen/rm_ws/src/rm_localization/icp_registration' with build type 'ament_cmake'
[682.946s] INFO:colcon.colcon_cmake.task.cmake.build:Building CMake package in '/home/allen/rm_ws/src/rm_localization/icp_registration'
[682.947s] INFO:colcon.colcon_core.shell:Skip shell extension 'powershell' for command environment: Not usable outside of PowerShell
[682.948s] DEBUG:colcon.colcon_core.shell:Skip shell extension 'dsv' for command environment
[683.096s] DEBUG:colcon.colcon_core.event_handler.log_command:Invoking command in '/home/allen/rm_ws/build/icp_registration': AMENT_PREFIX_PATH=/home/allen/rm_ws/install/livox_ros_driver2:${AMENT_PREFIX_PATH} CMAKE_PREFIX_PATH=/home/allen/rm_ws/install/livox_ros_driver2:/home/allen/Robomaster/rm_ws/install/teb_local_planner:/home/allen/Robomaster/rm_ws/install/teb_msgs:/home/allen/Robomaster/rm_ws/install/ros2_livox_simulation:/home/allen/Robomaster/rm_ws/install/rmbot2:/home/allen/Robomaster/rm_ws/install/rm_navigation:/home/allen/Robomaster/rm_ws/install/rm_nav_bringup:/home/allen/Robomaster/rm_ws/install/pointcloud_to_laserscan:/home/allen/Robomaster/rm_ws/install/point_lio:/home/allen/Robomaster/rm_ws/install/icp_registration:/home/allen/Robomaster/rm_ws/install/fast_lio:/home/allen/Robomaster/rm_ws/install/livox_ros_driver2:/home/allen/Robomaster/rm_ws/install/linefit_ground_segmentation_ros:/home/allen/Robomaster/rm_ws/install/linefit_ground_segmentation:/home/allen/Robomaster/rm_ws/install/imu_complementary_filter:/home/allen/Robomaster/rm_ws/install/fake_vel_transform:/home/allen/Robomaster/rm_ws/install/costmap_converter:/home/allen/Robomaster/rm_ws/install/costmap_converter_msgs:/home/allen/capstone/description_ws/install/ur_yt_sim:/home/allen/capstone/description_ws/install/ur10e_description:/home/allen/capstone/description_ws/install/kuka_agilus_support:/home/allen/capstone/description_ws/install/kuka_resources:/opt/ros/humble:/home/allen/capstone/description_ws/install/kuka_kr3_description LD_LIBRARY_PATH=/home/allen/rm_ws/install/livox_ros_driver2/lib:/home/allen/Robomaster/rm_ws/install/teb_local_planner/lib:/home/allen/Robomaster/rm_ws/install/teb_msgs/lib:/home/allen/Robomaster/rm_ws/install/ros2_livox_simulation/lib:/home/allen/Robomaster/rm_ws/install/pointcloud_to_laserscan/lib:/home/allen/Robomaster/rm_ws/install/icp_registration/lib:/home/allen/Robomaster/rm_ws/install/fast_lio/lib:/home/allen/Robomaster/rm_ws/install/livox_ros_driver2/lib:/home/allen/Robomaster/rm_ws/install/linefit_ground_segmentation/lib:/home/allen/Robomaster/rm_ws/install/imu_complementary_filter/lib:/home/allen/Robomaster/rm_ws/install/fake_vel_transform/lib:/home/allen/Robomaster/rm_ws/install/costmap_converter/lib:/home/allen/Robomaster/rm_ws/install/costmap_converter_msgs/lib:/usr/lib/x86_64-linux-gnu/gazebo-11/plugins:/opt/ros/humble/opt/rviz_ogre_vendor/lib:/opt/ros/humble/lib/x86_64-linux-gnu:/opt/ros/humble/opt/openvdb_vendor/lib:/opt/ros/humble/lib:/usr/local/lib:/usr/local/lib:/usr/local/lib:/usr/local/lib PYTHONPATH=/home/allen/rm_ws/install/livox_ros_driver2/local/lib/python3.10/dist-packages:${PYTHONPATH} /usr/bin/cmake /home/allen/rm_ws/src/rm_localization/icp_registration -DAMENT_CMAKE_SYMLINK_INSTALL=1 -DCMAKE_INSTALL_PREFIX=/home/allen/rm_ws/install/icp_registration
[707.660s] DEBUG:colcon.colcon_core.event_handler.log_command:Invoked command in '/home/allen/rm_ws/build/icp_registration' returned '0': AMENT_PREFIX_PATH=/home/allen/rm_ws/install/livox_ros_driver2:${AMENT_PREFIX_PATH} CMAKE_PREFIX_PATH=/home/allen/rm_ws/install/livox_ros_driver2:/home/allen/Robomaster/rm_ws/install/teb_local_planner:/home/allen/Robomaster/rm_ws/install/teb_msgs:/home/allen/Robomaster/rm_ws/install/ros2_livox_simulation:/home/allen/Robomaster/rm_ws/install/rmbot2:/home/allen/Robomaster/rm_ws/install/rm_navigation:/home/allen/Robomaster/rm_ws/install/rm_nav_bringup:/home/allen/Robomaster/rm_ws/install/pointcloud_to_laserscan:/home/allen/Robomaster/rm_ws/install/point_lio:/home/allen/Robomaster/rm_ws/install/icp_registration:/home/allen/Robomaster/rm_ws/install/fast_lio:/home/allen/Robomaster/rm_ws/install/livox_ros_driver2:/home/allen/Robomaster/rm_ws/install/linefit_ground_segmentation_ros:/home/allen/Robomaster/rm_ws/install/linefit_ground_segmentation:/home/allen/Robomaster/rm_ws/install/imu_complementary_filter:/home/allen/Robomaster/rm_ws/install/fake_vel_transform:/home/allen/Robomaster/rm_ws/install/costmap_converter:/home/allen/Robomaster/rm_ws/install/costmap_converter_msgs:/home/allen/capstone/description_ws/install/ur_yt_sim:/home/allen/capstone/description_ws/install/ur10e_description:/home/allen/capstone/description_ws/install/kuka_agilus_support:/home/allen/capstone/description_ws/install/kuka_resources:/opt/ros/humble:/home/allen/capstone/description_ws/install/kuka_kr3_description LD_LIBRARY_PATH=/home/allen/rm_ws/install/livox_ros_driver2/lib:/home/allen/Robomaster/rm_ws/install/teb_local_planner/lib:/home/allen/Robomaster/rm_ws/install/teb_msgs/lib:/home/allen/Robomaster/rm_ws/install/ros2_livox_simulation/lib:/home/allen/Robomaster/rm_ws/install/pointcloud_to_laserscan/lib:/home/allen/Robomaster/rm_ws/install/icp_registration/lib:/home/allen/Robomaster/rm_ws/install/fast_lio/lib:/home/allen/Robomaster/rm_ws/install/livox_ros_driver2/lib:/home/allen/Robomaster/rm_ws/install/linefit_ground_segmentation/lib:/home/allen/Robomaster/rm_ws/install/imu_complementary_filter/lib:/home/allen/Robomaster/rm_ws/install/fake_vel_transform/lib:/home/allen/Robomaster/rm_ws/install/costmap_converter/lib:/home/allen/Robomaster/rm_ws/install/costmap_converter_msgs/lib:/usr/lib/x86_64-linux-gnu/gazebo-11/plugins:/opt/ros/humble/opt/rviz_ogre_vendor/lib:/opt/ros/humble/lib/x86_64-linux-gnu:/opt/ros/humble/opt/openvdb_vendor/lib:/opt/ros/humble/lib:/usr/local/lib:/usr/local/lib:/usr/local/lib:/usr/local/lib PYTHONPATH=/home/allen/rm_ws/install/livox_ros_driver2/local/lib/python3.10/dist-packages:${PYTHONPATH} /usr/bin/cmake /home/allen/rm_ws/src/rm_localization/icp_registration -DAMENT_CMAKE_SYMLINK_INSTALL=1 -DCMAKE_INSTALL_PREFIX=/home/allen/rm_ws/install/icp_registration
[707.663s] DEBUG:colcon.colcon_core.event_handler.log_command:Invoking command in '/home/allen/rm_ws/build/icp_registration': AMENT_PREFIX_PATH=/home/allen/rm_ws/install/livox_ros_driver2:${AMENT_PREFIX_PATH} CMAKE_PREFIX_PATH=/home/allen/rm_ws/install/livox_ros_driver2:/home/allen/Robomaster/rm_ws/install/teb_local_planner:/home/allen/Robomaster/rm_ws/install/teb_msgs:/home/allen/Robomaster/rm_ws/install/ros2_livox_simulation:/home/allen/Robomaster/rm_ws/install/rmbot2:/home/allen/Robomaster/rm_ws/install/rm_navigation:/home/allen/Robomaster/rm_ws/install/rm_nav_bringup:/home/allen/Robomaster/rm_ws/install/pointcloud_to_laserscan:/home/allen/Robomaster/rm_ws/install/point_lio:/home/allen/Robomaster/rm_ws/install/icp_registration:/home/allen/Robomaster/rm_ws/install/fast_lio:/home/allen/Robomaster/rm_ws/install/livox_ros_driver2:/home/allen/Robomaster/rm_ws/install/linefit_ground_segmentation_ros:/home/allen/Robomaster/rm_ws/install/linefit_ground_segmentation:/home/allen/Robomaster/rm_ws/install/imu_complementary_filter:/home/allen/Robomaster/rm_ws/install/fake_vel_transform:/home/allen/Robomaster/rm_ws/install/costmap_converter:/home/allen/Robomaster/rm_ws/install/costmap_converter_msgs:/home/allen/capstone/description_ws/install/ur_yt_sim:/home/allen/capstone/description_ws/install/ur10e_description:/home/allen/capstone/description_ws/install/kuka_agilus_support:/home/allen/capstone/description_ws/install/kuka_resources:/opt/ros/humble:/home/allen/capstone/description_ws/install/kuka_kr3_description LD_LIBRARY_PATH=/home/allen/rm_ws/install/livox_ros_driver2/lib:/home/allen/Robomaster/rm_ws/install/teb_local_planner/lib:/home/allen/Robomaster/rm_ws/install/teb_msgs/lib:/home/allen/Robomaster/rm_ws/install/ros2_livox_simulation/lib:/home/allen/Robomaster/rm_ws/install/pointcloud_to_laserscan/lib:/home/allen/Robomaster/rm_ws/install/icp_registration/lib:/home/allen/Robomaster/rm_ws/install/fast_lio/lib:/home/allen/Robomaster/rm_ws/install/livox_ros_driver2/lib:/home/allen/Robomaster/rm_ws/install/linefit_ground_segmentation/lib:/home/allen/Robomaster/rm_ws/install/imu_complementary_filter/lib:/home/allen/Robomaster/rm_ws/install/fake_vel_transform/lib:/home/allen/Robomaster/rm_ws/install/costmap_converter/lib:/home/allen/Robomaster/rm_ws/install/costmap_converter_msgs/lib:/usr/lib/x86_64-linux-gnu/gazebo-11/plugins:/opt/ros/humble/opt/rviz_ogre_vendor/lib:/opt/ros/humble/lib/x86_64-linux-gnu:/opt/ros/humble/opt/openvdb_vendor/lib:/opt/ros/humble/lib:/usr/local/lib:/usr/local/lib:/usr/local/lib:/usr/local/lib PYTHONPATH=/home/allen/rm_ws/install/livox_ros_driver2/local/lib/python3.10/dist-packages:${PYTHONPATH} /usr/bin/cmake --build /home/allen/rm_ws/build/icp_registration -- -j2 -l2
[856.656s] DEBUG:colcon.colcon_core.event_handler.log_command:Invoked command in '/home/allen/rm_ws/build/icp_registration' returned '0': AMENT_PREFIX_PATH=/home/allen/rm_ws/install/livox_ros_driver2:${AMENT_PREFIX_PATH} CMAKE_PREFIX_PATH=/home/allen/rm_ws/install/livox_ros_driver2:/home/allen/Robomaster/rm_ws/install/teb_local_planner:/home/allen/Robomaster/rm_ws/install/teb_msgs:/home/allen/Robomaster/rm_ws/install/ros2_livox_simulation:/home/allen/Robomaster/rm_ws/install/rmbot2:/home/allen/Robomaster/rm_ws/install/rm_navigation:/home/allen/Robomaster/rm_ws/install/rm_nav_bringup:/home/allen/Robomaster/rm_ws/install/pointcloud_to_laserscan:/home/allen/Robomaster/rm_ws/install/point_lio:/home/allen/Robomaster/rm_ws/install/icp_registration:/home/allen/Robomaster/rm_ws/install/fast_lio:/home/allen/Robomaster/rm_ws/install/livox_ros_driver2:/home/allen/Robomaster/rm_ws/install/linefit_ground_segmentation_ros:/home/allen/Robomaster/rm_ws/install/linefit_ground_segmentation:/home/allen/Robomaster/rm_ws/install/imu_complementary_filter:/home/allen/Robomaster/rm_ws/install/fake_vel_transform:/home/allen/Robomaster/rm_ws/install/costmap_converter:/home/allen/Robomaster/rm_ws/install/costmap_converter_msgs:/home/allen/capstone/description_ws/install/ur_yt_sim:/home/allen/capstone/description_ws/install/ur10e_description:/home/allen/capstone/description_ws/install/kuka_agilus_support:/home/allen/capstone/description_ws/install/kuka_resources:/opt/ros/humble:/home/allen/capstone/description_ws/install/kuka_kr3_description LD_LIBRARY_PATH=/home/allen/rm_ws/install/livox_ros_driver2/lib:/home/allen/Robomaster/rm_ws/install/teb_local_planner/lib:/home/allen/Robomaster/rm_ws/install/teb_msgs/lib:/home/allen/Robomaster/rm_ws/install/ros2_livox_simulation/lib:/home/allen/Robomaster/rm_ws/install/pointcloud_to_laserscan/lib:/home/allen/Robomaster/rm_ws/install/icp_registration/lib:/home/allen/Robomaster/rm_ws/install/fast_lio/lib:/home/allen/Robomaster/rm_ws/install/livox_ros_driver2/lib:/home/allen/Robomaster/rm_ws/install/linefit_ground_segmentation/lib:/home/allen/Robomaster/rm_ws/install/imu_complementary_filter/lib:/home/allen/Robomaster/rm_ws/install/fake_vel_transform/lib:/home/allen/Robomaster/rm_ws/install/costmap_converter/lib:/home/allen/Robomaster/rm_ws/install/costmap_converter_msgs/lib:/usr/lib/x86_64-linux-gnu/gazebo-11/plugins:/opt/ros/humble/opt/rviz_ogre_vendor/lib:/opt/ros/humble/lib/x86_64-linux-gnu:/opt/ros/humble/opt/openvdb_vendor/lib:/opt/ros/humble/lib:/usr/local/lib:/usr/local/lib:/usr/local/lib:/usr/local/lib PYTHONPATH=/home/allen/rm_ws/install/livox_ros_driver2/local/lib/python3.10/dist-packages:${PYTHONPATH} /usr/bin/cmake --build /home/allen/rm_ws/build/icp_registration -- -j2 -l2
[856.660s] DEBUG:colcon.colcon_core.event_handler.log_command:Invoking command in '/home/allen/rm_ws/build/icp_registration': AMENT_PREFIX_PATH=/home/allen/rm_ws/install/livox_ros_driver2:${AMENT_PREFIX_PATH} CMAKE_PREFIX_PATH=/home/allen/rm_ws/install/livox_ros_driver2:/home/allen/Robomaster/rm_ws/install/teb_local_planner:/home/allen/Robomaster/rm_ws/install/teb_msgs:/home/allen/Robomaster/rm_ws/install/ros2_livox_simulation:/home/allen/Robomaster/rm_ws/install/rmbot2:/home/allen/Robomaster/rm_ws/install/rm_navigation:/home/allen/Robomaster/rm_ws/install/rm_nav_bringup:/home/allen/Robomaster/rm_ws/install/pointcloud_to_laserscan:/home/allen/Robomaster/rm_ws/install/point_lio:/home/allen/Robomaster/rm_ws/install/icp_registration:/home/allen/Robomaster/rm_ws/install/fast_lio:/home/allen/Robomaster/rm_ws/install/livox_ros_driver2:/home/allen/Robomaster/rm_ws/install/linefit_ground_segmentation_ros:/home/allen/Robomaster/rm_ws/install/linefit_ground_segmentation:/home/allen/Robomaster/rm_ws/install/imu_complementary_filter:/home/allen/Robomaster/rm_ws/install/fake_vel_transform:/home/allen/Robomaster/rm_ws/install/costmap_converter:/home/allen/Robomaster/rm_ws/install/costmap_converter_msgs:/home/allen/capstone/description_ws/install/ur_yt_sim:/home/allen/capstone/description_ws/install/ur10e_description:/home/allen/capstone/description_ws/install/kuka_agilus_support:/home/allen/capstone/description_ws/install/kuka_resources:/opt/ros/humble:/home/allen/capstone/description_ws/install/kuka_kr3_description LD_LIBRARY_PATH=/home/allen/rm_ws/install/livox_ros_driver2/lib:/home/allen/Robomaster/rm_ws/install/teb_local_planner/lib:/home/allen/Robomaster/rm_ws/install/teb_msgs/lib:/home/allen/Robomaster/rm_ws/install/ros2_livox_simulation/lib:/home/allen/Robomaster/rm_ws/install/pointcloud_to_laserscan/lib:/home/allen/Robomaster/rm_ws/install/icp_registration/lib:/home/allen/Robomaster/rm_ws/install/fast_lio/lib:/home/allen/Robomaster/rm_ws/install/livox_ros_driver2/lib:/home/allen/Robomaster/rm_ws/install/linefit_ground_segmentation/lib:/home/allen/Robomaster/rm_ws/install/imu_complementary_filter/lib:/home/allen/Robomaster/rm_ws/install/fake_vel_transform/lib:/home/allen/Robomaster/rm_ws/install/costmap_converter/lib:/home/allen/Robomaster/rm_ws/install/costmap_converter_msgs/lib:/usr/lib/x86_64-linux-gnu/gazebo-11/plugins:/opt/ros/humble/opt/rviz_ogre_vendor/lib:/opt/ros/humble/lib/x86_64-linux-gnu:/opt/ros/humble/opt/openvdb_vendor/lib:/opt/ros/humble/lib:/usr/local/lib:/usr/local/lib:/usr/local/lib:/usr/local/lib PYTHONPATH=/home/allen/rm_ws/install/livox_ros_driver2/local/lib/python3.10/dist-packages:${PYTHONPATH} /usr/bin/cmake --install /home/allen/rm_ws/build/icp_registration
[858.967s] Level 1:colcon.colcon_core.environment:create_environment_scripts_only(icp_registration)
[858.968s] Level 1:colcon.colcon_core.environment:checking '/home/allen/rm_ws/install/icp_registration' for CMake module files
[858.972s] DEBUG:colcon.colcon_core.event_handler.log_command:Invoked command in '/home/allen/rm_ws/build/icp_registration' returned '0': AMENT_PREFIX_PATH=/home/allen/rm_ws/install/livox_ros_driver2:${AMENT_PREFIX_PATH} CMAKE_PREFIX_PATH=/home/allen/rm_ws/install/livox_ros_driver2:/home/allen/Robomaster/rm_ws/install/teb_local_planner:/home/allen/Robomaster/rm_ws/install/teb_msgs:/home/allen/Robomaster/rm_ws/install/ros2_livox_simulation:/home/allen/Robomaster/rm_ws/install/rmbot2:/home/allen/Robomaster/rm_ws/install/rm_navigation:/home/allen/Robomaster/rm_ws/install/rm_nav_bringup:/home/allen/Robomaster/rm_ws/install/pointcloud_to_laserscan:/home/allen/Robomaster/rm_ws/install/point_lio:/home/allen/Robomaster/rm_ws/install/icp_registration:/home/allen/Robomaster/rm_ws/install/fast_lio:/home/allen/Robomaster/rm_ws/install/livox_ros_driver2:/home/allen/Robomaster/rm_ws/install/linefit_ground_segmentation_ros:/home/allen/Robomaster/rm_ws/install/linefit_ground_segmentation:/home/allen/Robomaster/rm_ws/install/imu_complementary_filter:/home/allen/Robomaster/rm_ws/install/fake_vel_transform:/home/allen/Robomaster/rm_ws/install/costmap_converter:/home/allen/Robomaster/rm_ws/install/costmap_converter_msgs:/home/allen/capstone/description_ws/install/ur_yt_sim:/home/allen/capstone/description_ws/install/ur10e_description:/home/allen/capstone/description_ws/install/kuka_agilus_support:/home/allen/capstone/description_ws/install/kuka_resources:/opt/ros/humble:/home/allen/capstone/description_ws/install/kuka_kr3_description LD_LIBRARY_PATH=/home/allen/rm_ws/install/livox_ros_driver2/lib:/home/allen/Robomaster/rm_ws/install/teb_local_planner/lib:/home/allen/Robomaster/rm_ws/install/teb_msgs/lib:/home/allen/Robomaster/rm_ws/install/ros2_livox_simulation/lib:/home/allen/Robomaster/rm_ws/install/pointcloud_to_laserscan/lib:/home/allen/Robomaster/rm_ws/install/icp_registration/lib:/home/allen/Robomaster/rm_ws/install/fast_lio/lib:/home/allen/Robomaster/rm_ws/install/livox_ros_driver2/lib:/home/allen/Robomaster/rm_ws/install/linefit_ground_segmentation/lib:/home/allen/Robomaster/rm_ws/install/imu_complementary_filter/lib:/home/allen/Robomaster/rm_ws/install/fake_vel_transform/lib:/home/allen/Robomaster/rm_ws/install/costmap_converter/lib:/home/allen/Robomaster/rm_ws/install/costmap_converter_msgs/lib:/usr/lib/x86_64-linux-gnu/gazebo-11/plugins:/opt/ros/humble/opt/rviz_ogre_vendor/lib:/opt/ros/humble/lib/x86_64-linux-gnu:/opt/ros/humble/opt/openvdb_vendor/lib:/opt/ros/humble/lib:/usr/local/lib:/usr/local/lib:/usr/local/lib:/usr/local/lib PYTHONPATH=/home/allen/rm_ws/install/livox_ros_driver2/local/lib/python3.10/dist-packages:${PYTHONPATH} /usr/bin/cmake --install /home/allen/rm_ws/build/icp_registration
[858.983s] Level 1:colcon.colcon_core.environment:checking '/home/allen/rm_ws/install/icp_registration' for CMake config files
[858.987s] Level 1:colcon.colcon_core.shell:create_environment_hook('icp_registration', 'cmake_prefix_path')
[858.987s] INFO:colcon.colcon_core.shell:Creating environment hook '/home/allen/rm_ws/install/icp_registration/share/icp_registration/hook/cmake_prefix_path.ps1'
[858.990s] INFO:colcon.colcon_core.shell:Creating environment descriptor '/home/allen/rm_ws/install/icp_registration/share/icp_registration/hook/cmake_prefix_path.dsv'
[858.992s] INFO:colcon.colcon_core.shell:Creating environment hook '/home/allen/rm_ws/install/icp_registration/share/icp_registration/hook/cmake_prefix_path.sh'
[858.994s] Level 1:colcon.colcon_core.environment:checking '/home/allen/rm_ws/install/icp_registration/lib'
[858.994s] Level 1:colcon.colcon_core.shell:create_environment_hook('icp_registration', 'ld_library_path_lib')
[858.994s] INFO:colcon.colcon_core.shell:Creating environment hook '/home/allen/rm_ws/install/icp_registration/share/icp_registration/hook/ld_library_path_lib.ps1'
[858.995s] INFO:colcon.colcon_core.shell:Creating environment descriptor '/home/allen/rm_ws/install/icp_registration/share/icp_registration/hook/ld_library_path_lib.dsv'
[858.995s] INFO:colcon.colcon_core.shell:Creating environment hook '/home/allen/rm_ws/install/icp_registration/share/icp_registration/hook/ld_library_path_lib.sh'
[858.996s] Level 1:colcon.colcon_core.environment:checking '/home/allen/rm_ws/install/icp_registration/bin'
[858.996s] Level 1:colcon.colcon_core.environment:checking '/home/allen/rm_ws/install/icp_registration/lib/pkgconfig/icp_registration.pc'
[858.996s] Level 1:colcon.colcon_core.environment:checking '/home/allen/rm_ws/install/icp_registration/lib/python3.10/site-packages'
[858.996s] Level 1:colcon.colcon_core.environment:checking '/home/allen/rm_ws/install/icp_registration/bin'
[858.997s] INFO:colcon.colcon_core.shell:Creating package script '/home/allen/rm_ws/install/icp_registration/share/icp_registration/package.ps1'
[858.998s] INFO:colcon.colcon_core.shell:Creating package descriptor '/home/allen/rm_ws/install/icp_registration/share/icp_registration/package.dsv'
[858.999s] INFO:colcon.colcon_core.shell:Creating package script '/home/allen/rm_ws/install/icp_registration/share/icp_registration/package.sh'
[859.000s] INFO:colcon.colcon_core.shell:Creating package script '/home/allen/rm_ws/install/icp_registration/share/icp_registration/package.bash'
[859.001s] INFO:colcon.colcon_core.shell:Creating package script '/home/allen/rm_ws/install/icp_registration/share/icp_registration/package.zsh'
[859.003s] Level 1:colcon.colcon_core.environment:create_file_with_runtime_dependencies(/home/allen/rm_ws/install/icp_registration/share/colcon-core/packages/icp_registration)
[859.005s] Level 1:colcon.colcon_core.environment:create_environment_scripts_only(icp_registration)
[859.005s] Level 1:colcon.colcon_core.environment:checking '/home/allen/rm_ws/install/icp_registration' for CMake module files
[859.006s] Level 1:colcon.colcon_core.environment:checking '/home/allen/rm_ws/install/icp_registration' for CMake config files
[859.008s] Level 1:colcon.colcon_core.shell:create_environment_hook('icp_registration', 'cmake_prefix_path')
[859.008s] INFO:colcon.colcon_core.shell:Creating environment hook '/home/allen/rm_ws/install/icp_registration/share/icp_registration/hook/cmake_prefix_path.ps1'
[859.010s] INFO:colcon.colcon_core.shell:Creating environment descriptor '/home/allen/rm_ws/install/icp_registration/share/icp_registration/hook/cmake_prefix_path.dsv'
[859.012s] INFO:colcon.colcon_core.shell:Creating environment hook '/home/allen/rm_ws/install/icp_registration/share/icp_registration/hook/cmake_prefix_path.sh'
[859.013s] Level 1:colcon.colcon_core.environment:checking '/home/allen/rm_ws/install/icp_registration/lib'
[859.013s] Level 1:colcon.colcon_core.shell:create_environment_hook('icp_registration', 'ld_library_path_lib')
[859.014s] INFO:colcon.colcon_core.shell:Creating environment hook '/home/allen/rm_ws/install/icp_registration/share/icp_registration/hook/ld_library_path_lib.ps1'
[859.015s] INFO:colcon.colcon_core.shell:Creating environment descriptor '/home/allen/rm_ws/install/icp_registration/share/icp_registration/hook/ld_library_path_lib.dsv'
[859.016s] INFO:colcon.colcon_core.shell:Creating environment hook '/home/allen/rm_ws/install/icp_registration/share/icp_registration/hook/ld_library_path_lib.sh'
[859.017s] Level 1:colcon.colcon_core.environment:checking '/home/allen/rm_ws/install/icp_registration/bin'
[859.018s] Level 1:colcon.colcon_core.environment:checking '/home/allen/rm_ws/install/icp_registration/lib/pkgconfig/icp_registration.pc'
[859.018s] Level 1:colcon.colcon_core.environment:checking '/home/allen/rm_ws/install/icp_registration/lib/python3.10/site-packages'
[859.019s] Level 1:colcon.colcon_core.environment:checking '/home/allen/rm_ws/install/icp_registration/bin'
[859.020s] INFO:colcon.colcon_core.shell:Creating package script '/home/allen/rm_ws/install/icp_registration/share/icp_registration/package.ps1'
[859.024s] INFO:colcon.colcon_core.shell:Creating package descriptor '/home/allen/rm_ws/install/icp_registration/share/icp_registration/package.dsv'
[859.029s] INFO:colcon.colcon_core.shell:Creating package script '/home/allen/rm_ws/install/icp_registration/share/icp_registration/package.sh'
[859.032s] INFO:colcon.colcon_core.shell:Creating package script '/home/allen/rm_ws/install/icp_registration/share/icp_registration/package.bash'
[859.034s] INFO:colcon.colcon_core.shell:Creating package script '/home/allen/rm_ws/install/icp_registration/share/icp_registration/package.zsh'
[859.036s] Level 1:colcon.colcon_core.environment:create_file_with_runtime_dependencies(/home/allen/rm_ws/install/icp_registration/share/colcon-core/packages/icp_registration)
[859.044s] INFO:colcon.colcon_ros.task.ament_cmake.build:Building ROS package in '/home/allen/rm_ws/src/rm_perception/linefit_ground_segementation_ros2/linefit_ground_segmentation_ros' with build type 'ament_cmake'
[859.045s] INFO:colcon.colcon_cmake.task.cmake.build:Building CMake package in '/home/allen/rm_ws/src/rm_perception/linefit_ground_segementation_ros2/linefit_ground_segmentation_ros'
[859.045s] INFO:colcon.colcon_core.shell:Skip shell extension 'powershell' for command environment: Not usable outside of PowerShell
[859.046s] DEBUG:colcon.colcon_core.shell:Skip shell extension 'dsv' for command environment
[859.184s] DEBUG:colcon.colcon_core.event_handler.log_command:Invoking command in '/home/allen/rm_ws/build/linefit_ground_segmentation_ros': AMENT_PREFIX_PATH=/home/allen/rm_ws/install/linefit_ground_segmentation:${AMENT_PREFIX_PATH} CMAKE_PREFIX_PATH=/home/allen/rm_ws/install/linefit_ground_segmentation:/home/allen/Robomaster/rm_ws/install/teb_local_planner:/home/allen/Robomaster/rm_ws/install/teb_msgs:/home/allen/Robomaster/rm_ws/install/ros2_livox_simulation:/home/allen/Robomaster/rm_ws/install/rmbot2:/home/allen/Robomaster/rm_ws/install/rm_navigation:/home/allen/Robomaster/rm_ws/install/rm_nav_bringup:/home/allen/Robomaster/rm_ws/install/pointcloud_to_laserscan:/home/allen/Robomaster/rm_ws/install/point_lio:/home/allen/Robomaster/rm_ws/install/icp_registration:/home/allen/Robomaster/rm_ws/install/fast_lio:/home/allen/Robomaster/rm_ws/install/livox_ros_driver2:/home/allen/Robomaster/rm_ws/install/linefit_ground_segmentation_ros:/home/allen/Robomaster/rm_ws/install/linefit_ground_segmentation:/home/allen/Robomaster/rm_ws/install/imu_complementary_filter:/home/allen/Robomaster/rm_ws/install/fake_vel_transform:/home/allen/Robomaster/rm_ws/install/costmap_converter:/home/allen/Robomaster/rm_ws/install/costmap_converter_msgs:/home/allen/capstone/description_ws/install/ur_yt_sim:/home/allen/capstone/description_ws/install/ur10e_description:/home/allen/capstone/description_ws/install/kuka_agilus_support:/home/allen/capstone/description_ws/install/kuka_resources:/opt/ros/humble:/home/allen/capstone/description_ws/install/kuka_kr3_description LD_LIBRARY_PATH=/home/allen/rm_ws/install/linefit_ground_segmentation/lib:/home/allen/Robomaster/rm_ws/install/teb_local_planner/lib:/home/allen/Robomaster/rm_ws/install/teb_msgs/lib:/home/allen/Robomaster/rm_ws/install/ros2_livox_simulation/lib:/home/allen/Robomaster/rm_ws/install/pointcloud_to_laserscan/lib:/home/allen/Robomaster/rm_ws/install/icp_registration/lib:/home/allen/Robomaster/rm_ws/install/fast_lio/lib:/home/allen/Robomaster/rm_ws/install/livox_ros_driver2/lib:/home/allen/Robomaster/rm_ws/install/linefit_ground_segmentation/lib:/home/allen/Robomaster/rm_ws/install/imu_complementary_filter/lib:/home/allen/Robomaster/rm_ws/install/fake_vel_transform/lib:/home/allen/Robomaster/rm_ws/install/costmap_converter/lib:/home/allen/Robomaster/rm_ws/install/costmap_converter_msgs/lib:/usr/lib/x86_64-linux-gnu/gazebo-11/plugins:/opt/ros/humble/opt/rviz_ogre_vendor/lib:/opt/ros/humble/lib/x86_64-linux-gnu:/opt/ros/humble/opt/openvdb_vendor/lib:/opt/ros/humble/lib:/usr/local/lib:/usr/local/lib:/usr/local/lib:/usr/local/lib /usr/bin/cmake /home/allen/rm_ws/src/rm_perception/linefit_ground_segementation_ros2/linefit_ground_segmentation_ros -DAMENT_CMAKE_SYMLINK_INSTALL=1 -DCMAKE_INSTALL_PREFIX=/home/allen/rm_ws/install/linefit_ground_segmentation_ros
[885.627s] DEBUG:colcon.colcon_core.event_handler.log_command:Invoked command in '/home/allen/rm_ws/build/linefit_ground_segmentation_ros' returned '0': AMENT_PREFIX_PATH=/home/allen/rm_ws/install/linefit_ground_segmentation:${AMENT_PREFIX_PATH} CMAKE_PREFIX_PATH=/home/allen/rm_ws/install/linefit_ground_segmentation:/home/allen/Robomaster/rm_ws/install/teb_local_planner:/home/allen/Robomaster/rm_ws/install/teb_msgs:/home/allen/Robomaster/rm_ws/install/ros2_livox_simulation:/home/allen/Robomaster/rm_ws/install/rmbot2:/home/allen/Robomaster/rm_ws/install/rm_navigation:/home/allen/Robomaster/rm_ws/install/rm_nav_bringup:/home/allen/Robomaster/rm_ws/install/pointcloud_to_laserscan:/home/allen/Robomaster/rm_ws/install/point_lio:/home/allen/Robomaster/rm_ws/install/icp_registration:/home/allen/Robomaster/rm_ws/install/fast_lio:/home/allen/Robomaster/rm_ws/install/livox_ros_driver2:/home/allen/Robomaster/rm_ws/install/linefit_ground_segmentation_ros:/home/allen/Robomaster/rm_ws/install/linefit_ground_segmentation:/home/allen/Robomaster/rm_ws/install/imu_complementary_filter:/home/allen/Robomaster/rm_ws/install/fake_vel_transform:/home/allen/Robomaster/rm_ws/install/costmap_converter:/home/allen/Robomaster/rm_ws/install/costmap_converter_msgs:/home/allen/capstone/description_ws/install/ur_yt_sim:/home/allen/capstone/description_ws/install/ur10e_description:/home/allen/capstone/description_ws/install/kuka_agilus_support:/home/allen/capstone/description_ws/install/kuka_resources:/opt/ros/humble:/home/allen/capstone/description_ws/install/kuka_kr3_description LD_LIBRARY_PATH=/home/allen/rm_ws/install/linefit_ground_segmentation/lib:/home/allen/Robomaster/rm_ws/install/teb_local_planner/lib:/home/allen/Robomaster/rm_ws/install/teb_msgs/lib:/home/allen/Robomaster/rm_ws/install/ros2_livox_simulation/lib:/home/allen/Robomaster/rm_ws/install/pointcloud_to_laserscan/lib:/home/allen/Robomaster/rm_ws/install/icp_registration/lib:/home/allen/Robomaster/rm_ws/install/fast_lio/lib:/home/allen/Robomaster/rm_ws/install/livox_ros_driver2/lib:/home/allen/Robomaster/rm_ws/install/linefit_ground_segmentation/lib:/home/allen/Robomaster/rm_ws/install/imu_complementary_filter/lib:/home/allen/Robomaster/rm_ws/install/fake_vel_transform/lib:/home/allen/Robomaster/rm_ws/install/costmap_converter/lib:/home/allen/Robomaster/rm_ws/install/costmap_converter_msgs/lib:/usr/lib/x86_64-linux-gnu/gazebo-11/plugins:/opt/ros/humble/opt/rviz_ogre_vendor/lib:/opt/ros/humble/lib/x86_64-linux-gnu:/opt/ros/humble/opt/openvdb_vendor/lib:/opt/ros/humble/lib:/usr/local/lib:/usr/local/lib:/usr/local/lib:/usr/local/lib /usr/bin/cmake /home/allen/rm_ws/src/rm_perception/linefit_ground_segementation_ros2/linefit_ground_segmentation_ros -DAMENT_CMAKE_SYMLINK_INSTALL=1 -DCMAKE_INSTALL_PREFIX=/home/allen/rm_ws/install/linefit_ground_segmentation_ros
[885.632s] DEBUG:colcon.colcon_core.event_handler.log_command:Invoking command in '/home/allen/rm_ws/build/linefit_ground_segmentation_ros': AMENT_PREFIX_PATH=/home/allen/rm_ws/install/linefit_ground_segmentation:${AMENT_PREFIX_PATH} CMAKE_PREFIX_PATH=/home/allen/rm_ws/install/linefit_ground_segmentation:/home/allen/Robomaster/rm_ws/install/teb_local_planner:/home/allen/Robomaster/rm_ws/install/teb_msgs:/home/allen/Robomaster/rm_ws/install/ros2_livox_simulation:/home/allen/Robomaster/rm_ws/install/rmbot2:/home/allen/Robomaster/rm_ws/install/rm_navigation:/home/allen/Robomaster/rm_ws/install/rm_nav_bringup:/home/allen/Robomaster/rm_ws/install/pointcloud_to_laserscan:/home/allen/Robomaster/rm_ws/install/point_lio:/home/allen/Robomaster/rm_ws/install/icp_registration:/home/allen/Robomaster/rm_ws/install/fast_lio:/home/allen/Robomaster/rm_ws/install/livox_ros_driver2:/home/allen/Robomaster/rm_ws/install/linefit_ground_segmentation_ros:/home/allen/Robomaster/rm_ws/install/linefit_ground_segmentation:/home/allen/Robomaster/rm_ws/install/imu_complementary_filter:/home/allen/Robomaster/rm_ws/install/fake_vel_transform:/home/allen/Robomaster/rm_ws/install/costmap_converter:/home/allen/Robomaster/rm_ws/install/costmap_converter_msgs:/home/allen/capstone/description_ws/install/ur_yt_sim:/home/allen/capstone/description_ws/install/ur10e_description:/home/allen/capstone/description_ws/install/kuka_agilus_support:/home/allen/capstone/description_ws/install/kuka_resources:/opt/ros/humble:/home/allen/capstone/description_ws/install/kuka_kr3_description LD_LIBRARY_PATH=/home/allen/rm_ws/install/linefit_ground_segmentation/lib:/home/allen/Robomaster/rm_ws/install/teb_local_planner/lib:/home/allen/Robomaster/rm_ws/install/teb_msgs/lib:/home/allen/Robomaster/rm_ws/install/ros2_livox_simulation/lib:/home/allen/Robomaster/rm_ws/install/pointcloud_to_laserscan/lib:/home/allen/Robomaster/rm_ws/install/icp_registration/lib:/home/allen/Robomaster/rm_ws/install/fast_lio/lib:/home/allen/Robomaster/rm_ws/install/livox_ros_driver2/lib:/home/allen/Robomaster/rm_ws/install/linefit_ground_segmentation/lib:/home/allen/Robomaster/rm_ws/install/imu_complementary_filter/lib:/home/allen/Robomaster/rm_ws/install/fake_vel_transform/lib:/home/allen/Robomaster/rm_ws/install/costmap_converter/lib:/home/allen/Robomaster/rm_ws/install/costmap_converter_msgs/lib:/usr/lib/x86_64-linux-gnu/gazebo-11/plugins:/opt/ros/humble/opt/rviz_ogre_vendor/lib:/opt/ros/humble/lib/x86_64-linux-gnu:/opt/ros/humble/opt/openvdb_vendor/lib:/opt/ros/humble/lib:/usr/local/lib:/usr/local/lib:/usr/local/lib:/usr/local/lib /usr/bin/cmake --build /home/allen/rm_ws/build/linefit_ground_segmentation_ros -- -j2 -l2
[949.803s] DEBUG:colcon.colcon_core.event_handler.log_command:Invoked command in '/home/allen/rm_ws/build/fast_lio' returned '0': AMENT_PREFIX_PATH=/home/allen/rm_ws/install/livox_ros_driver2:${AMENT_PREFIX_PATH} CMAKE_PREFIX_PATH=/home/allen/rm_ws/install/livox_ros_driver2:/home/allen/Robomaster/rm_ws/install/teb_local_planner:/home/allen/Robomaster/rm_ws/install/teb_msgs:/home/allen/Robomaster/rm_ws/install/ros2_livox_simulation:/home/allen/Robomaster/rm_ws/install/rmbot2:/home/allen/Robomaster/rm_ws/install/rm_navigation:/home/allen/Robomaster/rm_ws/install/rm_nav_bringup:/home/allen/Robomaster/rm_ws/install/pointcloud_to_laserscan:/home/allen/Robomaster/rm_ws/install/point_lio:/home/allen/Robomaster/rm_ws/install/icp_registration:/home/allen/Robomaster/rm_ws/install/fast_lio:/home/allen/Robomaster/rm_ws/install/livox_ros_driver2:/home/allen/Robomaster/rm_ws/install/linefit_ground_segmentation_ros:/home/allen/Robomaster/rm_ws/install/linefit_ground_segmentation:/home/allen/Robomaster/rm_ws/install/imu_complementary_filter:/home/allen/Robomaster/rm_ws/install/fake_vel_transform:/home/allen/Robomaster/rm_ws/install/costmap_converter:/home/allen/Robomaster/rm_ws/install/costmap_converter_msgs:/home/allen/capstone/description_ws/install/ur_yt_sim:/home/allen/capstone/description_ws/install/ur10e_description:/home/allen/capstone/description_ws/install/kuka_agilus_support:/home/allen/capstone/description_ws/install/kuka_resources:/opt/ros/humble:/home/allen/capstone/description_ws/install/kuka_kr3_description LD_LIBRARY_PATH=/home/allen/rm_ws/install/livox_ros_driver2/lib:/home/allen/Robomaster/rm_ws/install/teb_local_planner/lib:/home/allen/Robomaster/rm_ws/install/teb_msgs/lib:/home/allen/Robomaster/rm_ws/install/ros2_livox_simulation/lib:/home/allen/Robomaster/rm_ws/install/pointcloud_to_laserscan/lib:/home/allen/Robomaster/rm_ws/install/icp_registration/lib:/home/allen/Robomaster/rm_ws/install/fast_lio/lib:/home/allen/Robomaster/rm_ws/install/livox_ros_driver2/lib:/home/allen/Robomaster/rm_ws/install/linefit_ground_segmentation/lib:/home/allen/Robomaster/rm_ws/install/imu_complementary_filter/lib:/home/allen/Robomaster/rm_ws/install/fake_vel_transform/lib:/home/allen/Robomaster/rm_ws/install/costmap_converter/lib:/home/allen/Robomaster/rm_ws/install/costmap_converter_msgs/lib:/usr/lib/x86_64-linux-gnu/gazebo-11/plugins:/opt/ros/humble/opt/rviz_ogre_vendor/lib:/opt/ros/humble/lib/x86_64-linux-gnu:/opt/ros/humble/opt/openvdb_vendor/lib:/opt/ros/humble/lib:/usr/local/lib:/usr/local/lib:/usr/local/lib:/usr/local/lib PYTHONPATH=/home/allen/rm_ws/install/livox_ros_driver2/local/lib/python3.10/dist-packages:${PYTHONPATH} /usr/bin/cmake --build /home/allen/rm_ws/build/fast_lio -- -j2 -l2
[949.808s] DEBUG:colcon.colcon_core.event_handler.log_command:Invoking command in '/home/allen/rm_ws/build/fast_lio': AMENT_PREFIX_PATH=/home/allen/rm_ws/install/livox_ros_driver2:${AMENT_PREFIX_PATH} CMAKE_PREFIX_PATH=/home/allen/rm_ws/install/livox_ros_driver2:/home/allen/Robomaster/rm_ws/install/teb_local_planner:/home/allen/Robomaster/rm_ws/install/teb_msgs:/home/allen/Robomaster/rm_ws/install/ros2_livox_simulation:/home/allen/Robomaster/rm_ws/install/rmbot2:/home/allen/Robomaster/rm_ws/install/rm_navigation:/home/allen/Robomaster/rm_ws/install/rm_nav_bringup:/home/allen/Robomaster/rm_ws/install/pointcloud_to_laserscan:/home/allen/Robomaster/rm_ws/install/point_lio:/home/allen/Robomaster/rm_ws/install/icp_registration:/home/allen/Robomaster/rm_ws/install/fast_lio:/home/allen/Robomaster/rm_ws/install/livox_ros_driver2:/home/allen/Robomaster/rm_ws/install/linefit_ground_segmentation_ros:/home/allen/Robomaster/rm_ws/install/linefit_ground_segmentation:/home/allen/Robomaster/rm_ws/install/imu_complementary_filter:/home/allen/Robomaster/rm_ws/install/fake_vel_transform:/home/allen/Robomaster/rm_ws/install/costmap_converter:/home/allen/Robomaster/rm_ws/install/costmap_converter_msgs:/home/allen/capstone/description_ws/install/ur_yt_sim:/home/allen/capstone/description_ws/install/ur10e_description:/home/allen/capstone/description_ws/install/kuka_agilus_support:/home/allen/capstone/description_ws/install/kuka_resources:/opt/ros/humble:/home/allen/capstone/description_ws/install/kuka_kr3_description LD_LIBRARY_PATH=/home/allen/rm_ws/install/livox_ros_driver2/lib:/home/allen/Robomaster/rm_ws/install/teb_local_planner/lib:/home/allen/Robomaster/rm_ws/install/teb_msgs/lib:/home/allen/Robomaster/rm_ws/install/ros2_livox_simulation/lib:/home/allen/Robomaster/rm_ws/install/pointcloud_to_laserscan/lib:/home/allen/Robomaster/rm_ws/install/icp_registration/lib:/home/allen/Robomaster/rm_ws/install/fast_lio/lib:/home/allen/Robomaster/rm_ws/install/livox_ros_driver2/lib:/home/allen/Robomaster/rm_ws/install/linefit_ground_segmentation/lib:/home/allen/Robomaster/rm_ws/install/imu_complementary_filter/lib:/home/allen/Robomaster/rm_ws/install/fake_vel_transform/lib:/home/allen/Robomaster/rm_ws/install/costmap_converter/lib:/home/allen/Robomaster/rm_ws/install/costmap_converter_msgs/lib:/usr/lib/x86_64-linux-gnu/gazebo-11/plugins:/opt/ros/humble/opt/rviz_ogre_vendor/lib:/opt/ros/humble/lib/x86_64-linux-gnu:/opt/ros/humble/opt/openvdb_vendor/lib:/opt/ros/humble/lib:/usr/local/lib:/usr/local/lib:/usr/local/lib:/usr/local/lib PYTHONPATH=/home/allen/rm_ws/install/livox_ros_driver2/local/lib/python3.10/dist-packages:${PYTHONPATH} /usr/bin/cmake --install /home/allen/rm_ws/build/fast_lio
[956.089s] Level 1:colcon.colcon_core.environment:create_environment_scripts_only(fast_lio)
[956.090s] Level 1:colcon.colcon_core.environment:checking '/home/allen/rm_ws/install/fast_lio' for CMake module files
[956.094s] DEBUG:colcon.colcon_core.event_handler.log_command:Invoked command in '/home/allen/rm_ws/build/fast_lio' returned '0': AMENT_PREFIX_PATH=/home/allen/rm_ws/install/livox_ros_driver2:${AMENT_PREFIX_PATH} CMAKE_PREFIX_PATH=/home/allen/rm_ws/install/livox_ros_driver2:/home/allen/Robomaster/rm_ws/install/teb_local_planner:/home/allen/Robomaster/rm_ws/install/teb_msgs:/home/allen/Robomaster/rm_ws/install/ros2_livox_simulation:/home/allen/Robomaster/rm_ws/install/rmbot2:/home/allen/Robomaster/rm_ws/install/rm_navigation:/home/allen/Robomaster/rm_ws/install/rm_nav_bringup:/home/allen/Robomaster/rm_ws/install/pointcloud_to_laserscan:/home/allen/Robomaster/rm_ws/install/point_lio:/home/allen/Robomaster/rm_ws/install/icp_registration:/home/allen/Robomaster/rm_ws/install/fast_lio:/home/allen/Robomaster/rm_ws/install/livox_ros_driver2:/home/allen/Robomaster/rm_ws/install/linefit_ground_segmentation_ros:/home/allen/Robomaster/rm_ws/install/linefit_ground_segmentation:/home/allen/Robomaster/rm_ws/install/imu_complementary_filter:/home/allen/Robomaster/rm_ws/install/fake_vel_transform:/home/allen/Robomaster/rm_ws/install/costmap_converter:/home/allen/Robomaster/rm_ws/install/costmap_converter_msgs:/home/allen/capstone/description_ws/install/ur_yt_sim:/home/allen/capstone/description_ws/install/ur10e_description:/home/allen/capstone/description_ws/install/kuka_agilus_support:/home/allen/capstone/description_ws/install/kuka_resources:/opt/ros/humble:/home/allen/capstone/description_ws/install/kuka_kr3_description LD_LIBRARY_PATH=/home/allen/rm_ws/install/livox_ros_driver2/lib:/home/allen/Robomaster/rm_ws/install/teb_local_planner/lib:/home/allen/Robomaster/rm_ws/install/teb_msgs/lib:/home/allen/Robomaster/rm_ws/install/ros2_livox_simulation/lib:/home/allen/Robomaster/rm_ws/install/pointcloud_to_laserscan/lib:/home/allen/Robomaster/rm_ws/install/icp_registration/lib:/home/allen/Robomaster/rm_ws/install/fast_lio/lib:/home/allen/Robomaster/rm_ws/install/livox_ros_driver2/lib:/home/allen/Robomaster/rm_ws/install/linefit_ground_segmentation/lib:/home/allen/Robomaster/rm_ws/install/imu_complementary_filter/lib:/home/allen/Robomaster/rm_ws/install/fake_vel_transform/lib:/home/allen/Robomaster/rm_ws/install/costmap_converter/lib:/home/allen/Robomaster/rm_ws/install/costmap_converter_msgs/lib:/usr/lib/x86_64-linux-gnu/gazebo-11/plugins:/opt/ros/humble/opt/rviz_ogre_vendor/lib:/opt/ros/humble/lib/x86_64-linux-gnu:/opt/ros/humble/opt/openvdb_vendor/lib:/opt/ros/humble/lib:/usr/local/lib:/usr/local/lib:/usr/local/lib:/usr/local/lib PYTHONPATH=/home/allen/rm_ws/install/livox_ros_driver2/local/lib/python3.10/dist-packages:${PYTHONPATH} /usr/bin/cmake --install /home/allen/rm_ws/build/fast_lio
[956.095s] Level 1:colcon.colcon_core.environment:checking '/home/allen/rm_ws/install/fast_lio' for CMake config files
[956.098s] Level 1:colcon.colcon_core.shell:create_environment_hook('fast_lio', 'cmake_prefix_path')
[956.098s] INFO:colcon.colcon_core.shell:Creating environment hook '/home/allen/rm_ws/install/fast_lio/share/fast_lio/hook/cmake_prefix_path.ps1'
[956.099s] INFO:colcon.colcon_core.shell:Creating environment descriptor '/home/allen/rm_ws/install/fast_lio/share/fast_lio/hook/cmake_prefix_path.dsv'
[956.100s] INFO:colcon.colcon_core.shell:Creating environment hook '/home/allen/rm_ws/install/fast_lio/share/fast_lio/hook/cmake_prefix_path.sh'
[956.102s] Level 1:colcon.colcon_core.environment:checking '/home/allen/rm_ws/install/fast_lio/lib'
[956.102s] Level 1:colcon.colcon_core.shell:create_environment_hook('fast_lio', 'ld_library_path_lib')
[956.103s] INFO:colcon.colcon_core.shell:Creating environment hook '/home/allen/rm_ws/install/fast_lio/share/fast_lio/hook/ld_library_path_lib.ps1'
[956.104s] INFO:colcon.colcon_core.shell:Creating environment descriptor '/home/allen/rm_ws/install/fast_lio/share/fast_lio/hook/ld_library_path_lib.dsv'
[956.106s] INFO:colcon.colcon_core.shell:Creating environment hook '/home/allen/rm_ws/install/fast_lio/share/fast_lio/hook/ld_library_path_lib.sh'
[956.108s] Level 1:colcon.colcon_core.environment:checking '/home/allen/rm_ws/install/fast_lio/bin'
[956.108s] Level 1:colcon.colcon_core.environment:checking '/home/allen/rm_ws/install/fast_lio/lib/pkgconfig/fast_lio.pc'
[956.109s] Level 1:colcon.colcon_core.environment:checking '/home/allen/rm_ws/install/fast_lio/lib/python3.10/site-packages'
[956.109s] Level 1:colcon.colcon_core.environment:checking '/home/allen/rm_ws/install/fast_lio/bin'
[956.111s] INFO:colcon.colcon_core.shell:Creating package script '/home/allen/rm_ws/install/fast_lio/share/fast_lio/package.ps1'
[956.113s] INFO:colcon.colcon_core.shell:Creating package descriptor '/home/allen/rm_ws/install/fast_lio/share/fast_lio/package.dsv'
[956.117s] INFO:colcon.colcon_core.shell:Creating package script '/home/allen/rm_ws/install/fast_lio/share/fast_lio/package.sh'
[956.118s] INFO:colcon.colcon_core.shell:Creating package script '/home/allen/rm_ws/install/fast_lio/share/fast_lio/package.bash'
[956.119s] INFO:colcon.colcon_core.shell:Creating package script '/home/allen/rm_ws/install/fast_lio/share/fast_lio/package.zsh'
[956.121s] Level 1:colcon.colcon_core.environment:create_file_with_runtime_dependencies(/home/allen/rm_ws/install/fast_lio/share/colcon-core/packages/fast_lio)
[956.127s] Level 1:colcon.colcon_core.environment:create_environment_scripts_only(fast_lio)
[956.130s] Level 1:colcon.colcon_core.environment:checking '/home/allen/rm_ws/install/fast_lio' for CMake module files
[956.135s] Level 1:colcon.colcon_core.environment:checking '/home/allen/rm_ws/install/fast_lio' for CMake config files
[956.140s] Level 1:colcon.colcon_core.shell:create_environment_hook('fast_lio', 'cmake_prefix_path')
[956.141s] INFO:colcon.colcon_core.shell:Creating environment hook '/home/allen/rm_ws/install/fast_lio/share/fast_lio/hook/cmake_prefix_path.ps1'
[956.144s] INFO:colcon.colcon_core.shell:Creating environment descriptor '/home/allen/rm_ws/install/fast_lio/share/fast_lio/hook/cmake_prefix_path.dsv'
[956.146s] INFO:colcon.colcon_core.shell:Creating environment hook '/home/allen/rm_ws/install/fast_lio/share/fast_lio/hook/cmake_prefix_path.sh'
[956.149s] Level 1:colcon.colcon_core.environment:checking '/home/allen/rm_ws/install/fast_lio/lib'
[956.149s] Level 1:colcon.colcon_core.shell:create_environment_hook('fast_lio', 'ld_library_path_lib')
[956.150s] INFO:colcon.colcon_core.shell:Creating environment hook '/home/allen/rm_ws/install/fast_lio/share/fast_lio/hook/ld_library_path_lib.ps1'
[956.152s] INFO:colcon.colcon_core.shell:Creating environment descriptor '/home/allen/rm_ws/install/fast_lio/share/fast_lio/hook/ld_library_path_lib.dsv'
[956.155s] INFO:colcon.colcon_core.shell:Creating environment hook '/home/allen/rm_ws/install/fast_lio/share/fast_lio/hook/ld_library_path_lib.sh'
[956.159s] Level 1:colcon.colcon_core.environment:checking '/home/allen/rm_ws/install/fast_lio/bin'
[956.160s] Level 1:colcon.colcon_core.environment:checking '/home/allen/rm_ws/install/fast_lio/lib/pkgconfig/fast_lio.pc'
[956.160s] Level 1:colcon.colcon_core.environment:checking '/home/allen/rm_ws/install/fast_lio/lib/python3.10/site-packages'
[956.161s] Level 1:colcon.colcon_core.environment:checking '/home/allen/rm_ws/install/fast_lio/bin'
[956.165s] INFO:colcon.colcon_core.shell:Creating package script '/home/allen/rm_ws/install/fast_lio/share/fast_lio/package.ps1'
[956.169s] INFO:colcon.colcon_core.shell:Creating package descriptor '/home/allen/rm_ws/install/fast_lio/share/fast_lio/package.dsv'
[956.172s] INFO:colcon.colcon_core.shell:Creating package script '/home/allen/rm_ws/install/fast_lio/share/fast_lio/package.sh'
[956.174s] INFO:colcon.colcon_core.shell:Creating package script '/home/allen/rm_ws/install/fast_lio/share/fast_lio/package.bash'
[956.176s] INFO:colcon.colcon_core.shell:Creating package script '/home/allen/rm_ws/install/fast_lio/share/fast_lio/package.zsh'
[956.178s] Level 1:colcon.colcon_core.environment:create_file_with_runtime_dependencies(/home/allen/rm_ws/install/fast_lio/share/colcon-core/packages/fast_lio)
[956.180s] INFO:colcon.colcon_ros.task.ament_cmake.build:Building ROS package in '/home/allen/rm_ws/src/rm_localization/point_lio' with build type 'ament_cmake'
[956.180s] INFO:colcon.colcon_cmake.task.cmake.build:Building CMake package in '/home/allen/rm_ws/src/rm_localization/point_lio'
[956.183s] INFO:colcon.colcon_core.shell:Skip shell extension 'powershell' for command environment: Not usable outside of PowerShell
[956.183s] DEBUG:colcon.colcon_core.shell:Skip shell extension 'dsv' for command environment
[956.338s] DEBUG:colcon.colcon_core.event_handler.log_command:Invoking command in '/home/allen/rm_ws/build/point_lio': AMENT_PREFIX_PATH=/home/allen/rm_ws/install/livox_ros_driver2:${AMENT_PREFIX_PATH} CMAKE_PREFIX_PATH=/home/allen/rm_ws/install/livox_ros_driver2:/home/allen/Robomaster/rm_ws/install/teb_local_planner:/home/allen/Robomaster/rm_ws/install/teb_msgs:/home/allen/Robomaster/rm_ws/install/ros2_livox_simulation:/home/allen/Robomaster/rm_ws/install/rmbot2:/home/allen/Robomaster/rm_ws/install/rm_navigation:/home/allen/Robomaster/rm_ws/install/rm_nav_bringup:/home/allen/Robomaster/rm_ws/install/pointcloud_to_laserscan:/home/allen/Robomaster/rm_ws/install/point_lio:/home/allen/Robomaster/rm_ws/install/icp_registration:/home/allen/Robomaster/rm_ws/install/fast_lio:/home/allen/Robomaster/rm_ws/install/livox_ros_driver2:/home/allen/Robomaster/rm_ws/install/linefit_ground_segmentation_ros:/home/allen/Robomaster/rm_ws/install/linefit_ground_segmentation:/home/allen/Robomaster/rm_ws/install/imu_complementary_filter:/home/allen/Robomaster/rm_ws/install/fake_vel_transform:/home/allen/Robomaster/rm_ws/install/costmap_converter:/home/allen/Robomaster/rm_ws/install/costmap_converter_msgs:/home/allen/capstone/description_ws/install/ur_yt_sim:/home/allen/capstone/description_ws/install/ur10e_description:/home/allen/capstone/description_ws/install/kuka_agilus_support:/home/allen/capstone/description_ws/install/kuka_resources:/opt/ros/humble:/home/allen/capstone/description_ws/install/kuka_kr3_description LD_LIBRARY_PATH=/home/allen/rm_ws/install/livox_ros_driver2/lib:/home/allen/Robomaster/rm_ws/install/teb_local_planner/lib:/home/allen/Robomaster/rm_ws/install/teb_msgs/lib:/home/allen/Robomaster/rm_ws/install/ros2_livox_simulation/lib:/home/allen/Robomaster/rm_ws/install/pointcloud_to_laserscan/lib:/home/allen/Robomaster/rm_ws/install/icp_registration/lib:/home/allen/Robomaster/rm_ws/install/fast_lio/lib:/home/allen/Robomaster/rm_ws/install/livox_ros_driver2/lib:/home/allen/Robomaster/rm_ws/install/linefit_ground_segmentation/lib:/home/allen/Robomaster/rm_ws/install/imu_complementary_filter/lib:/home/allen/Robomaster/rm_ws/install/fake_vel_transform/lib:/home/allen/Robomaster/rm_ws/install/costmap_converter/lib:/home/allen/Robomaster/rm_ws/install/costmap_converter_msgs/lib:/usr/lib/x86_64-linux-gnu/gazebo-11/plugins:/opt/ros/humble/opt/rviz_ogre_vendor/lib:/opt/ros/humble/lib/x86_64-linux-gnu:/opt/ros/humble/opt/openvdb_vendor/lib:/opt/ros/humble/lib:/usr/local/lib:/usr/local/lib:/usr/local/lib:/usr/local/lib PYTHONPATH=/home/allen/rm_ws/install/livox_ros_driver2/local/lib/python3.10/dist-packages:${PYTHONPATH} /usr/bin/cmake /home/allen/rm_ws/src/rm_localization/point_lio -DAMENT_CMAKE_SYMLINK_INSTALL=1 -DCMAKE_INSTALL_PREFIX=/home/allen/rm_ws/install/point_lio
[998.574s] DEBUG:colcon.colcon_core.event_handler.log_command:Invoked command in '/home/allen/rm_ws/build/point_lio' returned '0': AMENT_PREFIX_PATH=/home/allen/rm_ws/install/livox_ros_driver2:${AMENT_PREFIX_PATH} CMAKE_PREFIX_PATH=/home/allen/rm_ws/install/livox_ros_driver2:/home/allen/Robomaster/rm_ws/install/teb_local_planner:/home/allen/Robomaster/rm_ws/install/teb_msgs:/home/allen/Robomaster/rm_ws/install/ros2_livox_simulation:/home/allen/Robomaster/rm_ws/install/rmbot2:/home/allen/Robomaster/rm_ws/install/rm_navigation:/home/allen/Robomaster/rm_ws/install/rm_nav_bringup:/home/allen/Robomaster/rm_ws/install/pointcloud_to_laserscan:/home/allen/Robomaster/rm_ws/install/point_lio:/home/allen/Robomaster/rm_ws/install/icp_registration:/home/allen/Robomaster/rm_ws/install/fast_lio:/home/allen/Robomaster/rm_ws/install/livox_ros_driver2:/home/allen/Robomaster/rm_ws/install/linefit_ground_segmentation_ros:/home/allen/Robomaster/rm_ws/install/linefit_ground_segmentation:/home/allen/Robomaster/rm_ws/install/imu_complementary_filter:/home/allen/Robomaster/rm_ws/install/fake_vel_transform:/home/allen/Robomaster/rm_ws/install/costmap_converter:/home/allen/Robomaster/rm_ws/install/costmap_converter_msgs:/home/allen/capstone/description_ws/install/ur_yt_sim:/home/allen/capstone/description_ws/install/ur10e_description:/home/allen/capstone/description_ws/install/kuka_agilus_support:/home/allen/capstone/description_ws/install/kuka_resources:/opt/ros/humble:/home/allen/capstone/description_ws/install/kuka_kr3_description LD_LIBRARY_PATH=/home/allen/rm_ws/install/livox_ros_driver2/lib:/home/allen/Robomaster/rm_ws/install/teb_local_planner/lib:/home/allen/Robomaster/rm_ws/install/teb_msgs/lib:/home/allen/Robomaster/rm_ws/install/ros2_livox_simulation/lib:/home/allen/Robomaster/rm_ws/install/pointcloud_to_laserscan/lib:/home/allen/Robomaster/rm_ws/install/icp_registration/lib:/home/allen/Robomaster/rm_ws/install/fast_lio/lib:/home/allen/Robomaster/rm_ws/install/livox_ros_driver2/lib:/home/allen/Robomaster/rm_ws/install/linefit_ground_segmentation/lib:/home/allen/Robomaster/rm_ws/install/imu_complementary_filter/lib:/home/allen/Robomaster/rm_ws/install/fake_vel_transform/lib:/home/allen/Robomaster/rm_ws/install/costmap_converter/lib:/home/allen/Robomaster/rm_ws/install/costmap_converter_msgs/lib:/usr/lib/x86_64-linux-gnu/gazebo-11/plugins:/opt/ros/humble/opt/rviz_ogre_vendor/lib:/opt/ros/humble/lib/x86_64-linux-gnu:/opt/ros/humble/opt/openvdb_vendor/lib:/opt/ros/humble/lib:/usr/local/lib:/usr/local/lib:/usr/local/lib:/usr/local/lib PYTHONPATH=/home/allen/rm_ws/install/livox_ros_driver2/local/lib/python3.10/dist-packages:${PYTHONPATH} /usr/bin/cmake /home/allen/rm_ws/src/rm_localization/point_lio -DAMENT_CMAKE_SYMLINK_INSTALL=1 -DCMAKE_INSTALL_PREFIX=/home/allen/rm_ws/install/point_lio
[998.585s] DEBUG:colcon.colcon_core.event_handler.log_command:Invoking command in '/home/allen/rm_ws/build/point_lio': AMENT_PREFIX_PATH=/home/allen/rm_ws/install/livox_ros_driver2:${AMENT_PREFIX_PATH} CMAKE_PREFIX_PATH=/home/allen/rm_ws/install/livox_ros_driver2:/home/allen/Robomaster/rm_ws/install/teb_local_planner:/home/allen/Robomaster/rm_ws/install/teb_msgs:/home/allen/Robomaster/rm_ws/install/ros2_livox_simulation:/home/allen/Robomaster/rm_ws/install/rmbot2:/home/allen/Robomaster/rm_ws/install/rm_navigation:/home/allen/Robomaster/rm_ws/install/rm_nav_bringup:/home/allen/Robomaster/rm_ws/install/pointcloud_to_laserscan:/home/allen/Robomaster/rm_ws/install/point_lio:/home/allen/Robomaster/rm_ws/install/icp_registration:/home/allen/Robomaster/rm_ws/install/fast_lio:/home/allen/Robomaster/rm_ws/install/livox_ros_driver2:/home/allen/Robomaster/rm_ws/install/linefit_ground_segmentation_ros:/home/allen/Robomaster/rm_ws/install/linefit_ground_segmentation:/home/allen/Robomaster/rm_ws/install/imu_complementary_filter:/home/allen/Robomaster/rm_ws/install/fake_vel_transform:/home/allen/Robomaster/rm_ws/install/costmap_converter:/home/allen/Robomaster/rm_ws/install/costmap_converter_msgs:/home/allen/capstone/description_ws/install/ur_yt_sim:/home/allen/capstone/description_ws/install/ur10e_description:/home/allen/capstone/description_ws/install/kuka_agilus_support:/home/allen/capstone/description_ws/install/kuka_resources:/opt/ros/humble:/home/allen/capstone/description_ws/install/kuka_kr3_description LD_LIBRARY_PATH=/home/allen/rm_ws/install/livox_ros_driver2/lib:/home/allen/Robomaster/rm_ws/install/teb_local_planner/lib:/home/allen/Robomaster/rm_ws/install/teb_msgs/lib:/home/allen/Robomaster/rm_ws/install/ros2_livox_simulation/lib:/home/allen/Robomaster/rm_ws/install/pointcloud_to_laserscan/lib:/home/allen/Robomaster/rm_ws/install/icp_registration/lib:/home/allen/Robomaster/rm_ws/install/fast_lio/lib:/home/allen/Robomaster/rm_ws/install/livox_ros_driver2/lib:/home/allen/Robomaster/rm_ws/install/linefit_ground_segmentation/lib:/home/allen/Robomaster/rm_ws/install/imu_complementary_filter/lib:/home/allen/Robomaster/rm_ws/install/fake_vel_transform/lib:/home/allen/Robomaster/rm_ws/install/costmap_converter/lib:/home/allen/Robomaster/rm_ws/install/costmap_converter_msgs/lib:/usr/lib/x86_64-linux-gnu/gazebo-11/plugins:/opt/ros/humble/opt/rviz_ogre_vendor/lib:/opt/ros/humble/lib/x86_64-linux-gnu:/opt/ros/humble/opt/openvdb_vendor/lib:/opt/ros/humble/lib:/usr/local/lib:/usr/local/lib:/usr/local/lib:/usr/local/lib PYTHONPATH=/home/allen/rm_ws/install/livox_ros_driver2/local/lib/python3.10/dist-packages:${PYTHONPATH} /usr/bin/cmake --build /home/allen/rm_ws/build/point_lio -- -j2 -l2
[1021.657s] DEBUG:colcon.colcon_core.event_handler.log_command:Invoked command in '/home/allen/rm_ws/build/linefit_ground_segmentation_ros' returned '0': AMENT_PREFIX_PATH=/home/allen/rm_ws/install/linefit_ground_segmentation:${AMENT_PREFIX_PATH} CMAKE_PREFIX_PATH=/home/allen/rm_ws/install/linefit_ground_segmentation:/home/allen/Robomaster/rm_ws/install/teb_local_planner:/home/allen/Robomaster/rm_ws/install/teb_msgs:/home/allen/Robomaster/rm_ws/install/ros2_livox_simulation:/home/allen/Robomaster/rm_ws/install/rmbot2:/home/allen/Robomaster/rm_ws/install/rm_navigation:/home/allen/Robomaster/rm_ws/install/rm_nav_bringup:/home/allen/Robomaster/rm_ws/install/pointcloud_to_laserscan:/home/allen/Robomaster/rm_ws/install/point_lio:/home/allen/Robomaster/rm_ws/install/icp_registration:/home/allen/Robomaster/rm_ws/install/fast_lio:/home/allen/Robomaster/rm_ws/install/livox_ros_driver2:/home/allen/Robomaster/rm_ws/install/linefit_ground_segmentation_ros:/home/allen/Robomaster/rm_ws/install/linefit_ground_segmentation:/home/allen/Robomaster/rm_ws/install/imu_complementary_filter:/home/allen/Robomaster/rm_ws/install/fake_vel_transform:/home/allen/Robomaster/rm_ws/install/costmap_converter:/home/allen/Robomaster/rm_ws/install/costmap_converter_msgs:/home/allen/capstone/description_ws/install/ur_yt_sim:/home/allen/capstone/description_ws/install/ur10e_description:/home/allen/capstone/description_ws/install/kuka_agilus_support:/home/allen/capstone/description_ws/install/kuka_resources:/opt/ros/humble:/home/allen/capstone/description_ws/install/kuka_kr3_description LD_LIBRARY_PATH=/home/allen/rm_ws/install/linefit_ground_segmentation/lib:/home/allen/Robomaster/rm_ws/install/teb_local_planner/lib:/home/allen/Robomaster/rm_ws/install/teb_msgs/lib:/home/allen/Robomaster/rm_ws/install/ros2_livox_simulation/lib:/home/allen/Robomaster/rm_ws/install/pointcloud_to_laserscan/lib:/home/allen/Robomaster/rm_ws/install/icp_registration/lib:/home/allen/Robomaster/rm_ws/install/fast_lio/lib:/home/allen/Robomaster/rm_ws/install/livox_ros_driver2/lib:/home/allen/Robomaster/rm_ws/install/linefit_ground_segmentation/lib:/home/allen/Robomaster/rm_ws/install/imu_complementary_filter/lib:/home/allen/Robomaster/rm_ws/install/fake_vel_transform/lib:/home/allen/Robomaster/rm_ws/install/costmap_converter/lib:/home/allen/Robomaster/rm_ws/install/costmap_converter_msgs/lib:/usr/lib/x86_64-linux-gnu/gazebo-11/plugins:/opt/ros/humble/opt/rviz_ogre_vendor/lib:/opt/ros/humble/lib/x86_64-linux-gnu:/opt/ros/humble/opt/openvdb_vendor/lib:/opt/ros/humble/lib:/usr/local/lib:/usr/local/lib:/usr/local/lib:/usr/local/lib /usr/bin/cmake --build /home/allen/rm_ws/build/linefit_ground_segmentation_ros -- -j2 -l2
[1021.660s] DEBUG:colcon.colcon_core.event_handler.log_command:Invoking command in '/home/allen/rm_ws/build/linefit_ground_segmentation_ros': AMENT_PREFIX_PATH=/home/allen/rm_ws/install/linefit_ground_segmentation:${AMENT_PREFIX_PATH} CMAKE_PREFIX_PATH=/home/allen/rm_ws/install/linefit_ground_segmentation:/home/allen/Robomaster/rm_ws/install/teb_local_planner:/home/allen/Robomaster/rm_ws/install/teb_msgs:/home/allen/Robomaster/rm_ws/install/ros2_livox_simulation:/home/allen/Robomaster/rm_ws/install/rmbot2:/home/allen/Robomaster/rm_ws/install/rm_navigation:/home/allen/Robomaster/rm_ws/install/rm_nav_bringup:/home/allen/Robomaster/rm_ws/install/pointcloud_to_laserscan:/home/allen/Robomaster/rm_ws/install/point_lio:/home/allen/Robomaster/rm_ws/install/icp_registration:/home/allen/Robomaster/rm_ws/install/fast_lio:/home/allen/Robomaster/rm_ws/install/livox_ros_driver2:/home/allen/Robomaster/rm_ws/install/linefit_ground_segmentation_ros:/home/allen/Robomaster/rm_ws/install/linefit_ground_segmentation:/home/allen/Robomaster/rm_ws/install/imu_complementary_filter:/home/allen/Robomaster/rm_ws/install/fake_vel_transform:/home/allen/Robomaster/rm_ws/install/costmap_converter:/home/allen/Robomaster/rm_ws/install/costmap_converter_msgs:/home/allen/capstone/description_ws/install/ur_yt_sim:/home/allen/capstone/description_ws/install/ur10e_description:/home/allen/capstone/description_ws/install/kuka_agilus_support:/home/allen/capstone/description_ws/install/kuka_resources:/opt/ros/humble:/home/allen/capstone/description_ws/install/kuka_kr3_description LD_LIBRARY_PATH=/home/allen/rm_ws/install/linefit_ground_segmentation/lib:/home/allen/Robomaster/rm_ws/install/teb_local_planner/lib:/home/allen/Robomaster/rm_ws/install/teb_msgs/lib:/home/allen/Robomaster/rm_ws/install/ros2_livox_simulation/lib:/home/allen/Robomaster/rm_ws/install/pointcloud_to_laserscan/lib:/home/allen/Robomaster/rm_ws/install/icp_registration/lib:/home/allen/Robomaster/rm_ws/install/fast_lio/lib:/home/allen/Robomaster/rm_ws/install/livox_ros_driver2/lib:/home/allen/Robomaster/rm_ws/install/linefit_ground_segmentation/lib:/home/allen/Robomaster/rm_ws/install/imu_complementary_filter/lib:/home/allen/Robomaster/rm_ws/install/fake_vel_transform/lib:/home/allen/Robomaster/rm_ws/install/costmap_converter/lib:/home/allen/Robomaster/rm_ws/install/costmap_converter_msgs/lib:/usr/lib/x86_64-linux-gnu/gazebo-11/plugins:/opt/ros/humble/opt/rviz_ogre_vendor/lib:/opt/ros/humble/lib/x86_64-linux-gnu:/opt/ros/humble/opt/openvdb_vendor/lib:/opt/ros/humble/lib:/usr/local/lib:/usr/local/lib:/usr/local/lib:/usr/local/lib /usr/bin/cmake --install /home/allen/rm_ws/build/linefit_ground_segmentation_ros
[1023.736s] Level 1:colcon.colcon_core.environment:create_environment_scripts_only(linefit_ground_segmentation_ros)
[1023.738s] Level 1:colcon.colcon_core.environment:checking '/home/allen/rm_ws/install/linefit_ground_segmentation_ros' for CMake module files
[1023.737s] DEBUG:colcon.colcon_core.event_handler.log_command:Invoked command in '/home/allen/rm_ws/build/linefit_ground_segmentation_ros' returned '0': AMENT_PREFIX_PATH=/home/allen/rm_ws/install/linefit_ground_segmentation:${AMENT_PREFIX_PATH} CMAKE_PREFIX_PATH=/home/allen/rm_ws/install/linefit_ground_segmentation:/home/allen/Robomaster/rm_ws/install/teb_local_planner:/home/allen/Robomaster/rm_ws/install/teb_msgs:/home/allen/Robomaster/rm_ws/install/ros2_livox_simulation:/home/allen/Robomaster/rm_ws/install/rmbot2:/home/allen/Robomaster/rm_ws/install/rm_navigation:/home/allen/Robomaster/rm_ws/install/rm_nav_bringup:/home/allen/Robomaster/rm_ws/install/pointcloud_to_laserscan:/home/allen/Robomaster/rm_ws/install/point_lio:/home/allen/Robomaster/rm_ws/install/icp_registration:/home/allen/Robomaster/rm_ws/install/fast_lio:/home/allen/Robomaster/rm_ws/install/livox_ros_driver2:/home/allen/Robomaster/rm_ws/install/linefit_ground_segmentation_ros:/home/allen/Robomaster/rm_ws/install/linefit_ground_segmentation:/home/allen/Robomaster/rm_ws/install/imu_complementary_filter:/home/allen/Robomaster/rm_ws/install/fake_vel_transform:/home/allen/Robomaster/rm_ws/install/costmap_converter:/home/allen/Robomaster/rm_ws/install/costmap_converter_msgs:/home/allen/capstone/description_ws/install/ur_yt_sim:/home/allen/capstone/description_ws/install/ur10e_description:/home/allen/capstone/description_ws/install/kuka_agilus_support:/home/allen/capstone/description_ws/install/kuka_resources:/opt/ros/humble:/home/allen/capstone/description_ws/install/kuka_kr3_description LD_LIBRARY_PATH=/home/allen/rm_ws/install/linefit_ground_segmentation/lib:/home/allen/Robomaster/rm_ws/install/teb_local_planner/lib:/home/allen/Robomaster/rm_ws/install/teb_msgs/lib:/home/allen/Robomaster/rm_ws/install/ros2_livox_simulation/lib:/home/allen/Robomaster/rm_ws/install/pointcloud_to_laserscan/lib:/home/allen/Robomaster/rm_ws/install/icp_registration/lib:/home/allen/Robomaster/rm_ws/install/fast_lio/lib:/home/allen/Robomaster/rm_ws/install/livox_ros_driver2/lib:/home/allen/Robomaster/rm_ws/install/linefit_ground_segmentation/lib:/home/allen/Robomaster/rm_ws/install/imu_complementary_filter/lib:/home/allen/Robomaster/rm_ws/install/fake_vel_transform/lib:/home/allen/Robomaster/rm_ws/install/costmap_converter/lib:/home/allen/Robomaster/rm_ws/install/costmap_converter_msgs/lib:/usr/lib/x86_64-linux-gnu/gazebo-11/plugins:/opt/ros/humble/opt/rviz_ogre_vendor/lib:/opt/ros/humble/lib/x86_64-linux-gnu:/opt/ros/humble/opt/openvdb_vendor/lib:/opt/ros/humble/lib:/usr/local/lib:/usr/local/lib:/usr/local/lib:/usr/local/lib /usr/bin/cmake --install /home/allen/rm_ws/build/linefit_ground_segmentation_ros
[1023.741s] Level 1:colcon.colcon_core.environment:checking '/home/allen/rm_ws/install/linefit_ground_segmentation_ros' for CMake config files
[1023.743s] Level 1:colcon.colcon_core.shell:create_environment_hook('linefit_ground_segmentation_ros', 'cmake_prefix_path')
[1023.744s] INFO:colcon.colcon_core.shell:Creating environment hook '/home/allen/rm_ws/install/linefit_ground_segmentation_ros/share/linefit_ground_segmentation_ros/hook/cmake_prefix_path.ps1'
[1023.746s] INFO:colcon.colcon_core.shell:Creating environment descriptor '/home/allen/rm_ws/install/linefit_ground_segmentation_ros/share/linefit_ground_segmentation_ros/hook/cmake_prefix_path.dsv'
[1023.747s] INFO:colcon.colcon_core.shell:Creating environment hook '/home/allen/rm_ws/install/linefit_ground_segmentation_ros/share/linefit_ground_segmentation_ros/hook/cmake_prefix_path.sh'
[1023.749s] Level 1:colcon.colcon_core.environment:checking '/home/allen/rm_ws/install/linefit_ground_segmentation_ros/lib'
[1023.750s] Level 1:colcon.colcon_core.environment:checking '/home/allen/rm_ws/install/linefit_ground_segmentation_ros/bin'
[1023.750s] Level 1:colcon.colcon_core.environment:checking '/home/allen/rm_ws/install/linefit_ground_segmentation_ros/lib/pkgconfig/linefit_ground_segmentation_ros.pc'
[1023.751s] Level 1:colcon.colcon_core.environment:checking '/home/allen/rm_ws/install/linefit_ground_segmentation_ros/lib/python3.10/site-packages'
[1023.751s] Level 1:colcon.colcon_core.environment:checking '/home/allen/rm_ws/install/linefit_ground_segmentation_ros/bin'
[1023.752s] INFO:colcon.colcon_core.shell:Creating package script '/home/allen/rm_ws/install/linefit_ground_segmentation_ros/share/linefit_ground_segmentation_ros/package.ps1'
[1023.754s] INFO:colcon.colcon_core.shell:Creating package descriptor '/home/allen/rm_ws/install/linefit_ground_segmentation_ros/share/linefit_ground_segmentation_ros/package.dsv'
[1023.756s] INFO:colcon.colcon_core.shell:Creating package script '/home/allen/rm_ws/install/linefit_ground_segmentation_ros/share/linefit_ground_segmentation_ros/package.sh'
[1023.758s] INFO:colcon.colcon_core.shell:Creating package script '/home/allen/rm_ws/install/linefit_ground_segmentation_ros/share/linefit_ground_segmentation_ros/package.bash'
[1023.760s] INFO:colcon.colcon_core.shell:Creating package script '/home/allen/rm_ws/install/linefit_ground_segmentation_ros/share/linefit_ground_segmentation_ros/package.zsh'
[1023.761s] Level 1:colcon.colcon_core.environment:create_file_with_runtime_dependencies(/home/allen/rm_ws/install/linefit_ground_segmentation_ros/share/colcon-core/packages/linefit_ground_segmentation_ros)
[1023.764s] Level 1:colcon.colcon_core.environment:create_environment_scripts_only(linefit_ground_segmentation_ros)
[1023.765s] Level 1:colcon.colcon_core.environment:checking '/home/allen/rm_ws/install/linefit_ground_segmentation_ros' for CMake module files
[1023.768s] Level 1:colcon.colcon_core.environment:checking '/home/allen/rm_ws/install/linefit_ground_segmentation_ros' for CMake config files
[1023.771s] Level 1:colcon.colcon_core.shell:create_environment_hook('linefit_ground_segmentation_ros', 'cmake_prefix_path')
[1023.771s] INFO:colcon.colcon_core.shell:Creating environment hook '/home/allen/rm_ws/install/linefit_ground_segmentation_ros/share/linefit_ground_segmentation_ros/hook/cmake_prefix_path.ps1'
[1023.774s] INFO:colcon.colcon_core.shell:Creating environment descriptor '/home/allen/rm_ws/install/linefit_ground_segmentation_ros/share/linefit_ground_segmentation_ros/hook/cmake_prefix_path.dsv'
[1023.777s] INFO:colcon.colcon_core.shell:Creating environment hook '/home/allen/rm_ws/install/linefit_ground_segmentation_ros/share/linefit_ground_segmentation_ros/hook/cmake_prefix_path.sh'
[1023.782s] Level 1:colcon.colcon_core.environment:checking '/home/allen/rm_ws/install/linefit_ground_segmentation_ros/lib'
[1023.782s] Level 1:colcon.colcon_core.environment:checking '/home/allen/rm_ws/install/linefit_ground_segmentation_ros/bin'
[1023.782s] Level 1:colcon.colcon_core.environment:checking '/home/allen/rm_ws/install/linefit_ground_segmentation_ros/lib/pkgconfig/linefit_ground_segmentation_ros.pc'
[1023.783s] Level 1:colcon.colcon_core.environment:checking '/home/allen/rm_ws/install/linefit_ground_segmentation_ros/lib/python3.10/site-packages'
[1023.783s] Level 1:colcon.colcon_core.environment:checking '/home/allen/rm_ws/install/linefit_ground_segmentation_ros/bin'
[1023.783s] INFO:colcon.colcon_core.shell:Creating package script '/home/allen/rm_ws/install/linefit_ground_segmentation_ros/share/linefit_ground_segmentation_ros/package.ps1'
[1023.785s] INFO:colcon.colcon_core.shell:Creating package descriptor '/home/allen/rm_ws/install/linefit_ground_segmentation_ros/share/linefit_ground_segmentation_ros/package.dsv'
[1023.787s] INFO:colcon.colcon_core.shell:Creating package script '/home/allen/rm_ws/install/linefit_ground_segmentation_ros/share/linefit_ground_segmentation_ros/package.sh'
[1023.789s] INFO:colcon.colcon_core.shell:Creating package script '/home/allen/rm_ws/install/linefit_ground_segmentation_ros/share/linefit_ground_segmentation_ros/package.bash'
[1023.793s] INFO:colcon.colcon_core.shell:Creating package script '/home/allen/rm_ws/install/linefit_ground_segmentation_ros/share/linefit_ground_segmentation_ros/package.zsh'
[1023.794s] Level 1:colcon.colcon_core.environment:create_file_with_runtime_dependencies(/home/allen/rm_ws/install/linefit_ground_segmentation_ros/share/colcon-core/packages/linefit_ground_segmentation_ros)
[1023.798s] INFO:colcon.colcon_ros.task.ament_cmake.build:Building ROS package in '/home/allen/rm_ws/src/livox_laser_simulation_RO2' with build type 'ament_cmake'
[1023.798s] INFO:colcon.colcon_cmake.task.cmake.build:Building CMake package in '/home/allen/rm_ws/src/livox_laser_simulation_RO2'
[1023.799s] INFO:colcon.colcon_core.shell:Skip shell extension 'powershell' for command environment: Not usable outside of PowerShell
[1023.802s] DEBUG:colcon.colcon_core.shell:Skip shell extension 'dsv' for command environment
[1023.938s] DEBUG:colcon.colcon_core.event_handler.log_command:Invoking command in '/home/allen/rm_ws/build/ros2_livox_simulation': AMENT_PREFIX_PATH=/home/allen/rm_ws/install/livox_ros_driver2:${AMENT_PREFIX_PATH} CMAKE_PREFIX_PATH=/home/allen/rm_ws/install/livox_ros_driver2:/home/allen/Robomaster/rm_ws/install/teb_local_planner:/home/allen/Robomaster/rm_ws/install/teb_msgs:/home/allen/Robomaster/rm_ws/install/ros2_livox_simulation:/home/allen/Robomaster/rm_ws/install/rmbot2:/home/allen/Robomaster/rm_ws/install/rm_navigation:/home/allen/Robomaster/rm_ws/install/rm_nav_bringup:/home/allen/Robomaster/rm_ws/install/pointcloud_to_laserscan:/home/allen/Robomaster/rm_ws/install/point_lio:/home/allen/Robomaster/rm_ws/install/icp_registration:/home/allen/Robomaster/rm_ws/install/fast_lio:/home/allen/Robomaster/rm_ws/install/livox_ros_driver2:/home/allen/Robomaster/rm_ws/install/linefit_ground_segmentation_ros:/home/allen/Robomaster/rm_ws/install/linefit_ground_segmentation:/home/allen/Robomaster/rm_ws/install/imu_complementary_filter:/home/allen/Robomaster/rm_ws/install/fake_vel_transform:/home/allen/Robomaster/rm_ws/install/costmap_converter:/home/allen/Robomaster/rm_ws/install/costmap_converter_msgs:/home/allen/capstone/description_ws/install/ur_yt_sim:/home/allen/capstone/description_ws/install/ur10e_description:/home/allen/capstone/description_ws/install/kuka_agilus_support:/home/allen/capstone/description_ws/install/kuka_resources:/opt/ros/humble:/home/allen/capstone/description_ws/install/kuka_kr3_description LD_LIBRARY_PATH=/home/allen/rm_ws/install/livox_ros_driver2/lib:/home/allen/Robomaster/rm_ws/install/teb_local_planner/lib:/home/allen/Robomaster/rm_ws/install/teb_msgs/lib:/home/allen/Robomaster/rm_ws/install/ros2_livox_simulation/lib:/home/allen/Robomaster/rm_ws/install/pointcloud_to_laserscan/lib:/home/allen/Robomaster/rm_ws/install/icp_registration/lib:/home/allen/Robomaster/rm_ws/install/fast_lio/lib:/home/allen/Robomaster/rm_ws/install/livox_ros_driver2/lib:/home/allen/Robomaster/rm_ws/install/linefit_ground_segmentation/lib:/home/allen/Robomaster/rm_ws/install/imu_complementary_filter/lib:/home/allen/Robomaster/rm_ws/install/fake_vel_transform/lib:/home/allen/Robomaster/rm_ws/install/costmap_converter/lib:/home/allen/Robomaster/rm_ws/install/costmap_converter_msgs/lib:/usr/lib/x86_64-linux-gnu/gazebo-11/plugins:/opt/ros/humble/opt/rviz_ogre_vendor/lib:/opt/ros/humble/lib/x86_64-linux-gnu:/opt/ros/humble/opt/openvdb_vendor/lib:/opt/ros/humble/lib:/usr/local/lib:/usr/local/lib:/usr/local/lib:/usr/local/lib PYTHONPATH=/home/allen/rm_ws/install/livox_ros_driver2/local/lib/python3.10/dist-packages:${PYTHONPATH} /usr/bin/cmake /home/allen/rm_ws/src/livox_laser_simulation_RO2 -DAMENT_CMAKE_SYMLINK_INSTALL=1 -DCMAKE_INSTALL_PREFIX=/home/allen/rm_ws/install/ros2_livox_simulation
[1059.890s] DEBUG:colcon.colcon_core.event_handler.log_command:Invoked command in '/home/allen/rm_ws/build/ros2_livox_simulation' returned '0': AMENT_PREFIX_PATH=/home/allen/rm_ws/install/livox_ros_driver2:${AMENT_PREFIX_PATH} CMAKE_PREFIX_PATH=/home/allen/rm_ws/install/livox_ros_driver2:/home/allen/Robomaster/rm_ws/install/teb_local_planner:/home/allen/Robomaster/rm_ws/install/teb_msgs:/home/allen/Robomaster/rm_ws/install/ros2_livox_simulation:/home/allen/Robomaster/rm_ws/install/rmbot2:/home/allen/Robomaster/rm_ws/install/rm_navigation:/home/allen/Robomaster/rm_ws/install/rm_nav_bringup:/home/allen/Robomaster/rm_ws/install/pointcloud_to_laserscan:/home/allen/Robomaster/rm_ws/install/point_lio:/home/allen/Robomaster/rm_ws/install/icp_registration:/home/allen/Robomaster/rm_ws/install/fast_lio:/home/allen/Robomaster/rm_ws/install/livox_ros_driver2:/home/allen/Robomaster/rm_ws/install/linefit_ground_segmentation_ros:/home/allen/Robomaster/rm_ws/install/linefit_ground_segmentation:/home/allen/Robomaster/rm_ws/install/imu_complementary_filter:/home/allen/Robomaster/rm_ws/install/fake_vel_transform:/home/allen/Robomaster/rm_ws/install/costmap_converter:/home/allen/Robomaster/rm_ws/install/costmap_converter_msgs:/home/allen/capstone/description_ws/install/ur_yt_sim:/home/allen/capstone/description_ws/install/ur10e_description:/home/allen/capstone/description_ws/install/kuka_agilus_support:/home/allen/capstone/description_ws/install/kuka_resources:/opt/ros/humble:/home/allen/capstone/description_ws/install/kuka_kr3_description LD_LIBRARY_PATH=/home/allen/rm_ws/install/livox_ros_driver2/lib:/home/allen/Robomaster/rm_ws/install/teb_local_planner/lib:/home/allen/Robomaster/rm_ws/install/teb_msgs/lib:/home/allen/Robomaster/rm_ws/install/ros2_livox_simulation/lib:/home/allen/Robomaster/rm_ws/install/pointcloud_to_laserscan/lib:/home/allen/Robomaster/rm_ws/install/icp_registration/lib:/home/allen/Robomaster/rm_ws/install/fast_lio/lib:/home/allen/Robomaster/rm_ws/install/livox_ros_driver2/lib:/home/allen/Robomaster/rm_ws/install/linefit_ground_segmentation/lib:/home/allen/Robomaster/rm_ws/install/imu_complementary_filter/lib:/home/allen/Robomaster/rm_ws/install/fake_vel_transform/lib:/home/allen/Robomaster/rm_ws/install/costmap_converter/lib:/home/allen/Robomaster/rm_ws/install/costmap_converter_msgs/lib:/usr/lib/x86_64-linux-gnu/gazebo-11/plugins:/opt/ros/humble/opt/rviz_ogre_vendor/lib:/opt/ros/humble/lib/x86_64-linux-gnu:/opt/ros/humble/opt/openvdb_vendor/lib:/opt/ros/humble/lib:/usr/local/lib:/usr/local/lib:/usr/local/lib:/usr/local/lib PYTHONPATH=/home/allen/rm_ws/install/livox_ros_driver2/local/lib/python3.10/dist-packages:${PYTHONPATH} /usr/bin/cmake /home/allen/rm_ws/src/livox_laser_simulation_RO2 -DAMENT_CMAKE_SYMLINK_INSTALL=1 -DCMAKE_INSTALL_PREFIX=/home/allen/rm_ws/install/ros2_livox_simulation
[1059.894s] DEBUG:colcon.colcon_core.event_handler.log_command:Invoking command in '/home/allen/rm_ws/build/ros2_livox_simulation': AMENT_PREFIX_PATH=/home/allen/rm_ws/install/livox_ros_driver2:${AMENT_PREFIX_PATH} CMAKE_PREFIX_PATH=/home/allen/rm_ws/install/livox_ros_driver2:/home/allen/Robomaster/rm_ws/install/teb_local_planner:/home/allen/Robomaster/rm_ws/install/teb_msgs:/home/allen/Robomaster/rm_ws/install/ros2_livox_simulation:/home/allen/Robomaster/rm_ws/install/rmbot2:/home/allen/Robomaster/rm_ws/install/rm_navigation:/home/allen/Robomaster/rm_ws/install/rm_nav_bringup:/home/allen/Robomaster/rm_ws/install/pointcloud_to_laserscan:/home/allen/Robomaster/rm_ws/install/point_lio:/home/allen/Robomaster/rm_ws/install/icp_registration:/home/allen/Robomaster/rm_ws/install/fast_lio:/home/allen/Robomaster/rm_ws/install/livox_ros_driver2:/home/allen/Robomaster/rm_ws/install/linefit_ground_segmentation_ros:/home/allen/Robomaster/rm_ws/install/linefit_ground_segmentation:/home/allen/Robomaster/rm_ws/install/imu_complementary_filter:/home/allen/Robomaster/rm_ws/install/fake_vel_transform:/home/allen/Robomaster/rm_ws/install/costmap_converter:/home/allen/Robomaster/rm_ws/install/costmap_converter_msgs:/home/allen/capstone/description_ws/install/ur_yt_sim:/home/allen/capstone/description_ws/install/ur10e_description:/home/allen/capstone/description_ws/install/kuka_agilus_support:/home/allen/capstone/description_ws/install/kuka_resources:/opt/ros/humble:/home/allen/capstone/description_ws/install/kuka_kr3_description LD_LIBRARY_PATH=/home/allen/rm_ws/install/livox_ros_driver2/lib:/home/allen/Robomaster/rm_ws/install/teb_local_planner/lib:/home/allen/Robomaster/rm_ws/install/teb_msgs/lib:/home/allen/Robomaster/rm_ws/install/ros2_livox_simulation/lib:/home/allen/Robomaster/rm_ws/install/pointcloud_to_laserscan/lib:/home/allen/Robomaster/rm_ws/install/icp_registration/lib:/home/allen/Robomaster/rm_ws/install/fast_lio/lib:/home/allen/Robomaster/rm_ws/install/livox_ros_driver2/lib:/home/allen/Robomaster/rm_ws/install/linefit_ground_segmentation/lib:/home/allen/Robomaster/rm_ws/install/imu_complementary_filter/lib:/home/allen/Robomaster/rm_ws/install/fake_vel_transform/lib:/home/allen/Robomaster/rm_ws/install/costmap_converter/lib:/home/allen/Robomaster/rm_ws/install/costmap_converter_msgs/lib:/usr/lib/x86_64-linux-gnu/gazebo-11/plugins:/opt/ros/humble/opt/rviz_ogre_vendor/lib:/opt/ros/humble/lib/x86_64-linux-gnu:/opt/ros/humble/opt/openvdb_vendor/lib:/opt/ros/humble/lib:/usr/local/lib:/usr/local/lib:/usr/local/lib:/usr/local/lib PYTHONPATH=/home/allen/rm_ws/install/livox_ros_driver2/local/lib/python3.10/dist-packages:${PYTHONPATH} /usr/bin/cmake --build /home/allen/rm_ws/build/ros2_livox_simulation -- -j2 -l2
[1175.535s] DEBUG:colcon.colcon_core.event_handler.log_command:Invoked command in '/home/allen/rm_ws/build/ros2_livox_simulation' returned '0': AMENT_PREFIX_PATH=/home/allen/rm_ws/install/livox_ros_driver2:${AMENT_PREFIX_PATH} CMAKE_PREFIX_PATH=/home/allen/rm_ws/install/livox_ros_driver2:/home/allen/Robomaster/rm_ws/install/teb_local_planner:/home/allen/Robomaster/rm_ws/install/teb_msgs:/home/allen/Robomaster/rm_ws/install/ros2_livox_simulation:/home/allen/Robomaster/rm_ws/install/rmbot2:/home/allen/Robomaster/rm_ws/install/rm_navigation:/home/allen/Robomaster/rm_ws/install/rm_nav_bringup:/home/allen/Robomaster/rm_ws/install/pointcloud_to_laserscan:/home/allen/Robomaster/rm_ws/install/point_lio:/home/allen/Robomaster/rm_ws/install/icp_registration:/home/allen/Robomaster/rm_ws/install/fast_lio:/home/allen/Robomaster/rm_ws/install/livox_ros_driver2:/home/allen/Robomaster/rm_ws/install/linefit_ground_segmentation_ros:/home/allen/Robomaster/rm_ws/install/linefit_ground_segmentation:/home/allen/Robomaster/rm_ws/install/imu_complementary_filter:/home/allen/Robomaster/rm_ws/install/fake_vel_transform:/home/allen/Robomaster/rm_ws/install/costmap_converter:/home/allen/Robomaster/rm_ws/install/costmap_converter_msgs:/home/allen/capstone/description_ws/install/ur_yt_sim:/home/allen/capstone/description_ws/install/ur10e_description:/home/allen/capstone/description_ws/install/kuka_agilus_support:/home/allen/capstone/description_ws/install/kuka_resources:/opt/ros/humble:/home/allen/capstone/description_ws/install/kuka_kr3_description LD_LIBRARY_PATH=/home/allen/rm_ws/install/livox_ros_driver2/lib:/home/allen/Robomaster/rm_ws/install/teb_local_planner/lib:/home/allen/Robomaster/rm_ws/install/teb_msgs/lib:/home/allen/Robomaster/rm_ws/install/ros2_livox_simulation/lib:/home/allen/Robomaster/rm_ws/install/pointcloud_to_laserscan/lib:/home/allen/Robomaster/rm_ws/install/icp_registration/lib:/home/allen/Robomaster/rm_ws/install/fast_lio/lib:/home/allen/Robomaster/rm_ws/install/livox_ros_driver2/lib:/home/allen/Robomaster/rm_ws/install/linefit_ground_segmentation/lib:/home/allen/Robomaster/rm_ws/install/imu_complementary_filter/lib:/home/allen/Robomaster/rm_ws/install/fake_vel_transform/lib:/home/allen/Robomaster/rm_ws/install/costmap_converter/lib:/home/allen/Robomaster/rm_ws/install/costmap_converter_msgs/lib:/usr/lib/x86_64-linux-gnu/gazebo-11/plugins:/opt/ros/humble/opt/rviz_ogre_vendor/lib:/opt/ros/humble/lib/x86_64-linux-gnu:/opt/ros/humble/opt/openvdb_vendor/lib:/opt/ros/humble/lib:/usr/local/lib:/usr/local/lib:/usr/local/lib:/usr/local/lib PYTHONPATH=/home/allen/rm_ws/install/livox_ros_driver2/local/lib/python3.10/dist-packages:${PYTHONPATH} /usr/bin/cmake --build /home/allen/rm_ws/build/ros2_livox_simulation -- -j2 -l2
[1175.537s] DEBUG:colcon.colcon_core.event_handler.log_command:Invoking command in '/home/allen/rm_ws/build/ros2_livox_simulation': AMENT_PREFIX_PATH=/home/allen/rm_ws/install/livox_ros_driver2:${AMENT_PREFIX_PATH} CMAKE_PREFIX_PATH=/home/allen/rm_ws/install/livox_ros_driver2:/home/allen/Robomaster/rm_ws/install/teb_local_planner:/home/allen/Robomaster/rm_ws/install/teb_msgs:/home/allen/Robomaster/rm_ws/install/ros2_livox_simulation:/home/allen/Robomaster/rm_ws/install/rmbot2:/home/allen/Robomaster/rm_ws/install/rm_navigation:/home/allen/Robomaster/rm_ws/install/rm_nav_bringup:/home/allen/Robomaster/rm_ws/install/pointcloud_to_laserscan:/home/allen/Robomaster/rm_ws/install/point_lio:/home/allen/Robomaster/rm_ws/install/icp_registration:/home/allen/Robomaster/rm_ws/install/fast_lio:/home/allen/Robomaster/rm_ws/install/livox_ros_driver2:/home/allen/Robomaster/rm_ws/install/linefit_ground_segmentation_ros:/home/allen/Robomaster/rm_ws/install/linefit_ground_segmentation:/home/allen/Robomaster/rm_ws/install/imu_complementary_filter:/home/allen/Robomaster/rm_ws/install/fake_vel_transform:/home/allen/Robomaster/rm_ws/install/costmap_converter:/home/allen/Robomaster/rm_ws/install/costmap_converter_msgs:/home/allen/capstone/description_ws/install/ur_yt_sim:/home/allen/capstone/description_ws/install/ur10e_description:/home/allen/capstone/description_ws/install/kuka_agilus_support:/home/allen/capstone/description_ws/install/kuka_resources:/opt/ros/humble:/home/allen/capstone/description_ws/install/kuka_kr3_description LD_LIBRARY_PATH=/home/allen/rm_ws/install/livox_ros_driver2/lib:/home/allen/Robomaster/rm_ws/install/teb_local_planner/lib:/home/allen/Robomaster/rm_ws/install/teb_msgs/lib:/home/allen/Robomaster/rm_ws/install/ros2_livox_simulation/lib:/home/allen/Robomaster/rm_ws/install/pointcloud_to_laserscan/lib:/home/allen/Robomaster/rm_ws/install/icp_registration/lib:/home/allen/Robomaster/rm_ws/install/fast_lio/lib:/home/allen/Robomaster/rm_ws/install/livox_ros_driver2/lib:/home/allen/Robomaster/rm_ws/install/linefit_ground_segmentation/lib:/home/allen/Robomaster/rm_ws/install/imu_complementary_filter/lib:/home/allen/Robomaster/rm_ws/install/fake_vel_transform/lib:/home/allen/Robomaster/rm_ws/install/costmap_converter/lib:/home/allen/Robomaster/rm_ws/install/costmap_converter_msgs/lib:/usr/lib/x86_64-linux-gnu/gazebo-11/plugins:/opt/ros/humble/opt/rviz_ogre_vendor/lib:/opt/ros/humble/lib/x86_64-linux-gnu:/opt/ros/humble/opt/openvdb_vendor/lib:/opt/ros/humble/lib:/usr/local/lib:/usr/local/lib:/usr/local/lib:/usr/local/lib PYTHONPATH=/home/allen/rm_ws/install/livox_ros_driver2/local/lib/python3.10/dist-packages:${PYTHONPATH} /usr/bin/cmake --install /home/allen/rm_ws/build/ros2_livox_simulation
[1177.761s] Level 1:colcon.colcon_core.environment:create_environment_scripts_only(ros2_livox_simulation)
[1177.763s] Level 1:colcon.colcon_core.environment:checking '/home/allen/rm_ws/install/ros2_livox_simulation' for CMake module files
[1177.764s] DEBUG:colcon.colcon_core.event_handler.log_command:Invoked command in '/home/allen/rm_ws/build/ros2_livox_simulation' returned '0': AMENT_PREFIX_PATH=/home/allen/rm_ws/install/livox_ros_driver2:${AMENT_PREFIX_PATH} CMAKE_PREFIX_PATH=/home/allen/rm_ws/install/livox_ros_driver2:/home/allen/Robomaster/rm_ws/install/teb_local_planner:/home/allen/Robomaster/rm_ws/install/teb_msgs:/home/allen/Robomaster/rm_ws/install/ros2_livox_simulation:/home/allen/Robomaster/rm_ws/install/rmbot2:/home/allen/Robomaster/rm_ws/install/rm_navigation:/home/allen/Robomaster/rm_ws/install/rm_nav_bringup:/home/allen/Robomaster/rm_ws/install/pointcloud_to_laserscan:/home/allen/Robomaster/rm_ws/install/point_lio:/home/allen/Robomaster/rm_ws/install/icp_registration:/home/allen/Robomaster/rm_ws/install/fast_lio:/home/allen/Robomaster/rm_ws/install/livox_ros_driver2:/home/allen/Robomaster/rm_ws/install/linefit_ground_segmentation_ros:/home/allen/Robomaster/rm_ws/install/linefit_ground_segmentation:/home/allen/Robomaster/rm_ws/install/imu_complementary_filter:/home/allen/Robomaster/rm_ws/install/fake_vel_transform:/home/allen/Robomaster/rm_ws/install/costmap_converter:/home/allen/Robomaster/rm_ws/install/costmap_converter_msgs:/home/allen/capstone/description_ws/install/ur_yt_sim:/home/allen/capstone/description_ws/install/ur10e_description:/home/allen/capstone/description_ws/install/kuka_agilus_support:/home/allen/capstone/description_ws/install/kuka_resources:/opt/ros/humble:/home/allen/capstone/description_ws/install/kuka_kr3_description LD_LIBRARY_PATH=/home/allen/rm_ws/install/livox_ros_driver2/lib:/home/allen/Robomaster/rm_ws/install/teb_local_planner/lib:/home/allen/Robomaster/rm_ws/install/teb_msgs/lib:/home/allen/Robomaster/rm_ws/install/ros2_livox_simulation/lib:/home/allen/Robomaster/rm_ws/install/pointcloud_to_laserscan/lib:/home/allen/Robomaster/rm_ws/install/icp_registration/lib:/home/allen/Robomaster/rm_ws/install/fast_lio/lib:/home/allen/Robomaster/rm_ws/install/livox_ros_driver2/lib:/home/allen/Robomaster/rm_ws/install/linefit_ground_segmentation/lib:/home/allen/Robomaster/rm_ws/install/imu_complementary_filter/lib:/home/allen/Robomaster/rm_ws/install/fake_vel_transform/lib:/home/allen/Robomaster/rm_ws/install/costmap_converter/lib:/home/allen/Robomaster/rm_ws/install/costmap_converter_msgs/lib:/usr/lib/x86_64-linux-gnu/gazebo-11/plugins:/opt/ros/humble/opt/rviz_ogre_vendor/lib:/opt/ros/humble/lib/x86_64-linux-gnu:/opt/ros/humble/opt/openvdb_vendor/lib:/opt/ros/humble/lib:/usr/local/lib:/usr/local/lib:/usr/local/lib:/usr/local/lib PYTHONPATH=/home/allen/rm_ws/install/livox_ros_driver2/local/lib/python3.10/dist-packages:${PYTHONPATH} /usr/bin/cmake --install /home/allen/rm_ws/build/ros2_livox_simulation
[1177.767s] Level 1:colcon.colcon_core.environment:checking '/home/allen/rm_ws/install/ros2_livox_simulation' for CMake config files
[1177.769s] Level 1:colcon.colcon_core.shell:create_environment_hook('ros2_livox_simulation', 'cmake_prefix_path')
[1177.770s] INFO:colcon.colcon_core.shell:Creating environment hook '/home/allen/rm_ws/install/ros2_livox_simulation/share/ros2_livox_simulation/hook/cmake_prefix_path.ps1'
[1177.771s] INFO:colcon.colcon_core.shell:Creating environment descriptor '/home/allen/rm_ws/install/ros2_livox_simulation/share/ros2_livox_simulation/hook/cmake_prefix_path.dsv'
[1177.772s] INFO:colcon.colcon_core.shell:Creating environment hook '/home/allen/rm_ws/install/ros2_livox_simulation/share/ros2_livox_simulation/hook/cmake_prefix_path.sh'
[1177.774s] Level 1:colcon.colcon_core.environment:checking '/home/allen/rm_ws/install/ros2_livox_simulation/lib'
[1177.774s] Level 1:colcon.colcon_core.shell:create_environment_hook('ros2_livox_simulation', 'ld_library_path_lib')
[1177.774s] INFO:colcon.colcon_core.shell:Creating environment hook '/home/allen/rm_ws/install/ros2_livox_simulation/share/ros2_livox_simulation/hook/ld_library_path_lib.ps1'
[1177.776s] INFO:colcon.colcon_core.shell:Creating environment descriptor '/home/allen/rm_ws/install/ros2_livox_simulation/share/ros2_livox_simulation/hook/ld_library_path_lib.dsv'
[1177.777s] INFO:colcon.colcon_core.shell:Creating environment hook '/home/allen/rm_ws/install/ros2_livox_simulation/share/ros2_livox_simulation/hook/ld_library_path_lib.sh'
[1177.778s] Level 1:colcon.colcon_core.environment:checking '/home/allen/rm_ws/install/ros2_livox_simulation/bin'
[1177.778s] Level 1:colcon.colcon_core.environment:checking '/home/allen/rm_ws/install/ros2_livox_simulation/lib/pkgconfig/ros2_livox_simulation.pc'
[1177.779s] Level 1:colcon.colcon_core.environment:checking '/home/allen/rm_ws/install/ros2_livox_simulation/lib/python3.10/site-packages'
[1177.779s] Level 1:colcon.colcon_core.environment:checking '/home/allen/rm_ws/install/ros2_livox_simulation/bin'
[1177.780s] INFO:colcon.colcon_core.shell:Creating package script '/home/allen/rm_ws/install/ros2_livox_simulation/share/ros2_livox_simulation/package.ps1'
[1177.784s] INFO:colcon.colcon_core.shell:Creating package descriptor '/home/allen/rm_ws/install/ros2_livox_simulation/share/ros2_livox_simulation/package.dsv'
[1177.785s] INFO:colcon.colcon_core.shell:Creating package script '/home/allen/rm_ws/install/ros2_livox_simulation/share/ros2_livox_simulation/package.sh'
[1177.787s] INFO:colcon.colcon_core.shell:Creating package script '/home/allen/rm_ws/install/ros2_livox_simulation/share/ros2_livox_simulation/package.bash'
[1177.788s] INFO:colcon.colcon_core.shell:Creating package script '/home/allen/rm_ws/install/ros2_livox_simulation/share/ros2_livox_simulation/package.zsh'
[1177.789s] Level 1:colcon.colcon_core.environment:create_file_with_runtime_dependencies(/home/allen/rm_ws/install/ros2_livox_simulation/share/colcon-core/packages/ros2_livox_simulation)
[1177.791s] Level 1:colcon.colcon_core.environment:create_environment_scripts_only(ros2_livox_simulation)
[1177.793s] Level 1:colcon.colcon_core.environment:checking '/home/allen/rm_ws/install/ros2_livox_simulation' for CMake module files
[1177.794s] Level 1:colcon.colcon_core.environment:checking '/home/allen/rm_ws/install/ros2_livox_simulation' for CMake config files
[1177.796s] Level 1:colcon.colcon_core.shell:create_environment_hook('ros2_livox_simulation', 'cmake_prefix_path')
[1177.797s] INFO:colcon.colcon_core.shell:Creating environment hook '/home/allen/rm_ws/install/ros2_livox_simulation/share/ros2_livox_simulation/hook/cmake_prefix_path.ps1'
[1177.799s] INFO:colcon.colcon_core.shell:Creating environment descriptor '/home/allen/rm_ws/install/ros2_livox_simulation/share/ros2_livox_simulation/hook/cmake_prefix_path.dsv'
[1177.801s] INFO:colcon.colcon_core.shell:Creating environment hook '/home/allen/rm_ws/install/ros2_livox_simulation/share/ros2_livox_simulation/hook/cmake_prefix_path.sh'
[1177.803s] Level 1:colcon.colcon_core.environment:checking '/home/allen/rm_ws/install/ros2_livox_simulation/lib'
[1177.803s] Level 1:colcon.colcon_core.shell:create_environment_hook('ros2_livox_simulation', 'ld_library_path_lib')
[1177.804s] INFO:colcon.colcon_core.shell:Creating environment hook '/home/allen/rm_ws/install/ros2_livox_simulation/share/ros2_livox_simulation/hook/ld_library_path_lib.ps1'
[1177.805s] INFO:colcon.colcon_core.shell:Creating environment descriptor '/home/allen/rm_ws/install/ros2_livox_simulation/share/ros2_livox_simulation/hook/ld_library_path_lib.dsv'
[1177.806s] INFO:colcon.colcon_core.shell:Creating environment hook '/home/allen/rm_ws/install/ros2_livox_simulation/share/ros2_livox_simulation/hook/ld_library_path_lib.sh'
[1177.809s] Level 1:colcon.colcon_core.environment:checking '/home/allen/rm_ws/install/ros2_livox_simulation/bin'
[1177.809s] Level 1:colcon.colcon_core.environment:checking '/home/allen/rm_ws/install/ros2_livox_simulation/lib/pkgconfig/ros2_livox_simulation.pc'
[1177.809s] Level 1:colcon.colcon_core.environment:checking '/home/allen/rm_ws/install/ros2_livox_simulation/lib/python3.10/site-packages'
[1177.809s] Level 1:colcon.colcon_core.environment:checking '/home/allen/rm_ws/install/ros2_livox_simulation/bin'
[1177.810s] INFO:colcon.colcon_core.shell:Creating package script '/home/allen/rm_ws/install/ros2_livox_simulation/share/ros2_livox_simulation/package.ps1'
[1177.811s] INFO:colcon.colcon_core.shell:Creating package descriptor '/home/allen/rm_ws/install/ros2_livox_simulation/share/ros2_livox_simulation/package.dsv'
[1177.813s] INFO:colcon.colcon_core.shell:Creating package script '/home/allen/rm_ws/install/ros2_livox_simulation/share/ros2_livox_simulation/package.sh'
[1177.816s] INFO:colcon.colcon_core.shell:Creating package script '/home/allen/rm_ws/install/ros2_livox_simulation/share/ros2_livox_simulation/package.bash'
[1177.817s] INFO:colcon.colcon_core.shell:Creating package script '/home/allen/rm_ws/install/ros2_livox_simulation/share/ros2_livox_simulation/package.zsh'
[1177.818s] Level 1:colcon.colcon_core.environment:create_file_with_runtime_dependencies(/home/allen/rm_ws/install/ros2_livox_simulation/share/colcon-core/packages/ros2_livox_simulation)
[1177.820s] INFO:colcon.colcon_ros.task.ament_cmake.build:Building ROS package in '/home/allen/rm_ws/src/rm_navigation/teb_local_planner/teb_local_planner' with build type 'ament_cmake'
[1177.820s] INFO:colcon.colcon_cmake.task.cmake.build:Building CMake package in '/home/allen/rm_ws/src/rm_navigation/teb_local_planner/teb_local_planner'
[1177.821s] INFO:colcon.colcon_core.shell:Skip shell extension 'powershell' for command environment: Not usable outside of PowerShell
[1177.821s] DEBUG:colcon.colcon_core.shell:Skip shell extension 'dsv' for command environment
[1178.124s] DEBUG:colcon.colcon_core.event_handler.log_command:Invoking command in '/home/allen/rm_ws/build/teb_local_planner': AMENT_PREFIX_PATH=/home/allen/rm_ws/install/teb_msgs:/home/allen/rm_ws/install/costmap_converter:/home/allen/rm_ws/install/costmap_converter_msgs:${AMENT_PREFIX_PATH} CMAKE_PREFIX_PATH=/home/allen/rm_ws/install/teb_msgs:/home/allen/rm_ws/install/costmap_converter:/home/allen/rm_ws/install/costmap_converter_msgs:/home/allen/Robomaster/rm_ws/install/teb_local_planner:/home/allen/Robomaster/rm_ws/install/teb_msgs:/home/allen/Robomaster/rm_ws/install/ros2_livox_simulation:/home/allen/Robomaster/rm_ws/install/rmbot2:/home/allen/Robomaster/rm_ws/install/rm_navigation:/home/allen/Robomaster/rm_ws/install/rm_nav_bringup:/home/allen/Robomaster/rm_ws/install/pointcloud_to_laserscan:/home/allen/Robomaster/rm_ws/install/point_lio:/home/allen/Robomaster/rm_ws/install/icp_registration:/home/allen/Robomaster/rm_ws/install/fast_lio:/home/allen/Robomaster/rm_ws/install/livox_ros_driver2:/home/allen/Robomaster/rm_ws/install/linefit_ground_segmentation_ros:/home/allen/Robomaster/rm_ws/install/linefit_ground_segmentation:/home/allen/Robomaster/rm_ws/install/imu_complementary_filter:/home/allen/Robomaster/rm_ws/install/fake_vel_transform:/home/allen/Robomaster/rm_ws/install/costmap_converter:/home/allen/Robomaster/rm_ws/install/costmap_converter_msgs:/home/allen/capstone/description_ws/install/ur_yt_sim:/home/allen/capstone/description_ws/install/ur10e_description:/home/allen/capstone/description_ws/install/kuka_agilus_support:/home/allen/capstone/description_ws/install/kuka_resources:/opt/ros/humble:/home/allen/capstone/description_ws/install/kuka_kr3_description LD_LIBRARY_PATH=/home/allen/rm_ws/install/teb_msgs/lib:/home/allen/rm_ws/install/costmap_converter/lib:/home/allen/rm_ws/install/costmap_converter_msgs/lib:/home/allen/Robomaster/rm_ws/install/teb_local_planner/lib:/home/allen/Robomaster/rm_ws/install/teb_msgs/lib:/home/allen/Robomaster/rm_ws/install/ros2_livox_simulation/lib:/home/allen/Robomaster/rm_ws/install/pointcloud_to_laserscan/lib:/home/allen/Robomaster/rm_ws/install/icp_registration/lib:/home/allen/Robomaster/rm_ws/install/fast_lio/lib:/home/allen/Robomaster/rm_ws/install/livox_ros_driver2/lib:/home/allen/Robomaster/rm_ws/install/linefit_ground_segmentation/lib:/home/allen/Robomaster/rm_ws/install/imu_complementary_filter/lib:/home/allen/Robomaster/rm_ws/install/fake_vel_transform/lib:/home/allen/Robomaster/rm_ws/install/costmap_converter/lib:/home/allen/Robomaster/rm_ws/install/costmap_converter_msgs/lib:/usr/lib/x86_64-linux-gnu/gazebo-11/plugins:/opt/ros/humble/opt/rviz_ogre_vendor/lib:/opt/ros/humble/lib/x86_64-linux-gnu:/opt/ros/humble/opt/openvdb_vendor/lib:/opt/ros/humble/lib:/usr/local/lib:/usr/local/lib:/usr/local/lib:/usr/local/lib PATH=/home/allen/rm_ws/install/costmap_converter/bin:${PATH} PYTHONPATH=/home/allen/rm_ws/install/teb_msgs/local/lib/python3.10/dist-packages:/home/allen/rm_ws/install/costmap_converter_msgs/local/lib/python3.10/dist-packages:${PYTHONPATH} /usr/bin/cmake /home/allen/rm_ws/src/rm_navigation/teb_local_planner/teb_local_planner -DAMENT_CMAKE_SYMLINK_INSTALL=1 -DCMAKE_INSTALL_PREFIX=/home/allen/rm_ws/install/teb_local_planner
[1210.387s] DEBUG:colcon.colcon_core.event_handler.log_command:Invoked command in '/home/allen/rm_ws/build/teb_local_planner' returned '0': AMENT_PREFIX_PATH=/home/allen/rm_ws/install/teb_msgs:/home/allen/rm_ws/install/costmap_converter:/home/allen/rm_ws/install/costmap_converter_msgs:${AMENT_PREFIX_PATH} CMAKE_PREFIX_PATH=/home/allen/rm_ws/install/teb_msgs:/home/allen/rm_ws/install/costmap_converter:/home/allen/rm_ws/install/costmap_converter_msgs:/home/allen/Robomaster/rm_ws/install/teb_local_planner:/home/allen/Robomaster/rm_ws/install/teb_msgs:/home/allen/Robomaster/rm_ws/install/ros2_livox_simulation:/home/allen/Robomaster/rm_ws/install/rmbot2:/home/allen/Robomaster/rm_ws/install/rm_navigation:/home/allen/Robomaster/rm_ws/install/rm_nav_bringup:/home/allen/Robomaster/rm_ws/install/pointcloud_to_laserscan:/home/allen/Robomaster/rm_ws/install/point_lio:/home/allen/Robomaster/rm_ws/install/icp_registration:/home/allen/Robomaster/rm_ws/install/fast_lio:/home/allen/Robomaster/rm_ws/install/livox_ros_driver2:/home/allen/Robomaster/rm_ws/install/linefit_ground_segmentation_ros:/home/allen/Robomaster/rm_ws/install/linefit_ground_segmentation:/home/allen/Robomaster/rm_ws/install/imu_complementary_filter:/home/allen/Robomaster/rm_ws/install/fake_vel_transform:/home/allen/Robomaster/rm_ws/install/costmap_converter:/home/allen/Robomaster/rm_ws/install/costmap_converter_msgs:/home/allen/capstone/description_ws/install/ur_yt_sim:/home/allen/capstone/description_ws/install/ur10e_description:/home/allen/capstone/description_ws/install/kuka_agilus_support:/home/allen/capstone/description_ws/install/kuka_resources:/opt/ros/humble:/home/allen/capstone/description_ws/install/kuka_kr3_description LD_LIBRARY_PATH=/home/allen/rm_ws/install/teb_msgs/lib:/home/allen/rm_ws/install/costmap_converter/lib:/home/allen/rm_ws/install/costmap_converter_msgs/lib:/home/allen/Robomaster/rm_ws/install/teb_local_planner/lib:/home/allen/Robomaster/rm_ws/install/teb_msgs/lib:/home/allen/Robomaster/rm_ws/install/ros2_livox_simulation/lib:/home/allen/Robomaster/rm_ws/install/pointcloud_to_laserscan/lib:/home/allen/Robomaster/rm_ws/install/icp_registration/lib:/home/allen/Robomaster/rm_ws/install/fast_lio/lib:/home/allen/Robomaster/rm_ws/install/livox_ros_driver2/lib:/home/allen/Robomaster/rm_ws/install/linefit_ground_segmentation/lib:/home/allen/Robomaster/rm_ws/install/imu_complementary_filter/lib:/home/allen/Robomaster/rm_ws/install/fake_vel_transform/lib:/home/allen/Robomaster/rm_ws/install/costmap_converter/lib:/home/allen/Robomaster/rm_ws/install/costmap_converter_msgs/lib:/usr/lib/x86_64-linux-gnu/gazebo-11/plugins:/opt/ros/humble/opt/rviz_ogre_vendor/lib:/opt/ros/humble/lib/x86_64-linux-gnu:/opt/ros/humble/opt/openvdb_vendor/lib:/opt/ros/humble/lib:/usr/local/lib:/usr/local/lib:/usr/local/lib:/usr/local/lib PATH=/home/allen/rm_ws/install/costmap_converter/bin:${PATH} PYTHONPATH=/home/allen/rm_ws/install/teb_msgs/local/lib/python3.10/dist-packages:/home/allen/rm_ws/install/costmap_converter_msgs/local/lib/python3.10/dist-packages:${PYTHONPATH} /usr/bin/cmake /home/allen/rm_ws/src/rm_navigation/teb_local_planner/teb_local_planner -DAMENT_CMAKE_SYMLINK_INSTALL=1 -DCMAKE_INSTALL_PREFIX=/home/allen/rm_ws/install/teb_local_planner
[1210.398s] DEBUG:colcon.colcon_core.event_handler.log_command:Invoking command in '/home/allen/rm_ws/build/teb_local_planner': AMENT_PREFIX_PATH=/home/allen/rm_ws/install/teb_msgs:/home/allen/rm_ws/install/costmap_converter:/home/allen/rm_ws/install/costmap_converter_msgs:${AMENT_PREFIX_PATH} CMAKE_PREFIX_PATH=/home/allen/rm_ws/install/teb_msgs:/home/allen/rm_ws/install/costmap_converter:/home/allen/rm_ws/install/costmap_converter_msgs:/home/allen/Robomaster/rm_ws/install/teb_local_planner:/home/allen/Robomaster/rm_ws/install/teb_msgs:/home/allen/Robomaster/rm_ws/install/ros2_livox_simulation:/home/allen/Robomaster/rm_ws/install/rmbot2:/home/allen/Robomaster/rm_ws/install/rm_navigation:/home/allen/Robomaster/rm_ws/install/rm_nav_bringup:/home/allen/Robomaster/rm_ws/install/pointcloud_to_laserscan:/home/allen/Robomaster/rm_ws/install/point_lio:/home/allen/Robomaster/rm_ws/install/icp_registration:/home/allen/Robomaster/rm_ws/install/fast_lio:/home/allen/Robomaster/rm_ws/install/livox_ros_driver2:/home/allen/Robomaster/rm_ws/install/linefit_ground_segmentation_ros:/home/allen/Robomaster/rm_ws/install/linefit_ground_segmentation:/home/allen/Robomaster/rm_ws/install/imu_complementary_filter:/home/allen/Robomaster/rm_ws/install/fake_vel_transform:/home/allen/Robomaster/rm_ws/install/costmap_converter:/home/allen/Robomaster/rm_ws/install/costmap_converter_msgs:/home/allen/capstone/description_ws/install/ur_yt_sim:/home/allen/capstone/description_ws/install/ur10e_description:/home/allen/capstone/description_ws/install/kuka_agilus_support:/home/allen/capstone/description_ws/install/kuka_resources:/opt/ros/humble:/home/allen/capstone/description_ws/install/kuka_kr3_description LD_LIBRARY_PATH=/home/allen/rm_ws/install/teb_msgs/lib:/home/allen/rm_ws/install/costmap_converter/lib:/home/allen/rm_ws/install/costmap_converter_msgs/lib:/home/allen/Robomaster/rm_ws/install/teb_local_planner/lib:/home/allen/Robomaster/rm_ws/install/teb_msgs/lib:/home/allen/Robomaster/rm_ws/install/ros2_livox_simulation/lib:/home/allen/Robomaster/rm_ws/install/pointcloud_to_laserscan/lib:/home/allen/Robomaster/rm_ws/install/icp_registration/lib:/home/allen/Robomaster/rm_ws/install/fast_lio/lib:/home/allen/Robomaster/rm_ws/install/livox_ros_driver2/lib:/home/allen/Robomaster/rm_ws/install/linefit_ground_segmentation/lib:/home/allen/Robomaster/rm_ws/install/imu_complementary_filter/lib:/home/allen/Robomaster/rm_ws/install/fake_vel_transform/lib:/home/allen/Robomaster/rm_ws/install/costmap_converter/lib:/home/allen/Robomaster/rm_ws/install/costmap_converter_msgs/lib:/usr/lib/x86_64-linux-gnu/gazebo-11/plugins:/opt/ros/humble/opt/rviz_ogre_vendor/lib:/opt/ros/humble/lib/x86_64-linux-gnu:/opt/ros/humble/opt/openvdb_vendor/lib:/opt/ros/humble/lib:/usr/local/lib:/usr/local/lib:/usr/local/lib:/usr/local/lib PATH=/home/allen/rm_ws/install/costmap_converter/bin:${PATH} PYTHONPATH=/home/allen/rm_ws/install/teb_msgs/local/lib/python3.10/dist-packages:/home/allen/rm_ws/install/costmap_converter_msgs/local/lib/python3.10/dist-packages:${PYTHONPATH} /usr/bin/cmake --build /home/allen/rm_ws/build/teb_local_planner -- -j2 -l2
[1459.987s] DEBUG:colcon.colcon_core.event_handler.log_command:Invoked command in '/home/allen/rm_ws/build/point_lio' returned '0': AMENT_PREFIX_PATH=/home/allen/rm_ws/install/livox_ros_driver2:${AMENT_PREFIX_PATH} CMAKE_PREFIX_PATH=/home/allen/rm_ws/install/livox_ros_driver2:/home/allen/Robomaster/rm_ws/install/teb_local_planner:/home/allen/Robomaster/rm_ws/install/teb_msgs:/home/allen/Robomaster/rm_ws/install/ros2_livox_simulation:/home/allen/Robomaster/rm_ws/install/rmbot2:/home/allen/Robomaster/rm_ws/install/rm_navigation:/home/allen/Robomaster/rm_ws/install/rm_nav_bringup:/home/allen/Robomaster/rm_ws/install/pointcloud_to_laserscan:/home/allen/Robomaster/rm_ws/install/point_lio:/home/allen/Robomaster/rm_ws/install/icp_registration:/home/allen/Robomaster/rm_ws/install/fast_lio:/home/allen/Robomaster/rm_ws/install/livox_ros_driver2:/home/allen/Robomaster/rm_ws/install/linefit_ground_segmentation_ros:/home/allen/Robomaster/rm_ws/install/linefit_ground_segmentation:/home/allen/Robomaster/rm_ws/install/imu_complementary_filter:/home/allen/Robomaster/rm_ws/install/fake_vel_transform:/home/allen/Robomaster/rm_ws/install/costmap_converter:/home/allen/Robomaster/rm_ws/install/costmap_converter_msgs:/home/allen/capstone/description_ws/install/ur_yt_sim:/home/allen/capstone/description_ws/install/ur10e_description:/home/allen/capstone/description_ws/install/kuka_agilus_support:/home/allen/capstone/description_ws/install/kuka_resources:/opt/ros/humble:/home/allen/capstone/description_ws/install/kuka_kr3_description LD_LIBRARY_PATH=/home/allen/rm_ws/install/livox_ros_driver2/lib:/home/allen/Robomaster/rm_ws/install/teb_local_planner/lib:/home/allen/Robomaster/rm_ws/install/teb_msgs/lib:/home/allen/Robomaster/rm_ws/install/ros2_livox_simulation/lib:/home/allen/Robomaster/rm_ws/install/pointcloud_to_laserscan/lib:/home/allen/Robomaster/rm_ws/install/icp_registration/lib:/home/allen/Robomaster/rm_ws/install/fast_lio/lib:/home/allen/Robomaster/rm_ws/install/livox_ros_driver2/lib:/home/allen/Robomaster/rm_ws/install/linefit_ground_segmentation/lib:/home/allen/Robomaster/rm_ws/install/imu_complementary_filter/lib:/home/allen/Robomaster/rm_ws/install/fake_vel_transform/lib:/home/allen/Robomaster/rm_ws/install/costmap_converter/lib:/home/allen/Robomaster/rm_ws/install/costmap_converter_msgs/lib:/usr/lib/x86_64-linux-gnu/gazebo-11/plugins:/opt/ros/humble/opt/rviz_ogre_vendor/lib:/opt/ros/humble/lib/x86_64-linux-gnu:/opt/ros/humble/opt/openvdb_vendor/lib:/opt/ros/humble/lib:/usr/local/lib:/usr/local/lib:/usr/local/lib:/usr/local/lib PYTHONPATH=/home/allen/rm_ws/install/livox_ros_driver2/local/lib/python3.10/dist-packages:${PYTHONPATH} /usr/bin/cmake --build /home/allen/rm_ws/build/point_lio -- -j2 -l2
[1459.992s] DEBUG:colcon.colcon_core.event_handler.log_command:Invoking command in '/home/allen/rm_ws/build/point_lio': AMENT_PREFIX_PATH=/home/allen/rm_ws/install/livox_ros_driver2:${AMENT_PREFIX_PATH} CMAKE_PREFIX_PATH=/home/allen/rm_ws/install/livox_ros_driver2:/home/allen/Robomaster/rm_ws/install/teb_local_planner:/home/allen/Robomaster/rm_ws/install/teb_msgs:/home/allen/Robomaster/rm_ws/install/ros2_livox_simulation:/home/allen/Robomaster/rm_ws/install/rmbot2:/home/allen/Robomaster/rm_ws/install/rm_navigation:/home/allen/Robomaster/rm_ws/install/rm_nav_bringup:/home/allen/Robomaster/rm_ws/install/pointcloud_to_laserscan:/home/allen/Robomaster/rm_ws/install/point_lio:/home/allen/Robomaster/rm_ws/install/icp_registration:/home/allen/Robomaster/rm_ws/install/fast_lio:/home/allen/Robomaster/rm_ws/install/livox_ros_driver2:/home/allen/Robomaster/rm_ws/install/linefit_ground_segmentation_ros:/home/allen/Robomaster/rm_ws/install/linefit_ground_segmentation:/home/allen/Robomaster/rm_ws/install/imu_complementary_filter:/home/allen/Robomaster/rm_ws/install/fake_vel_transform:/home/allen/Robomaster/rm_ws/install/costmap_converter:/home/allen/Robomaster/rm_ws/install/costmap_converter_msgs:/home/allen/capstone/description_ws/install/ur_yt_sim:/home/allen/capstone/description_ws/install/ur10e_description:/home/allen/capstone/description_ws/install/kuka_agilus_support:/home/allen/capstone/description_ws/install/kuka_resources:/opt/ros/humble:/home/allen/capstone/description_ws/install/kuka_kr3_description LD_LIBRARY_PATH=/home/allen/rm_ws/install/livox_ros_driver2/lib:/home/allen/Robomaster/rm_ws/install/teb_local_planner/lib:/home/allen/Robomaster/rm_ws/install/teb_msgs/lib:/home/allen/Robomaster/rm_ws/install/ros2_livox_simulation/lib:/home/allen/Robomaster/rm_ws/install/pointcloud_to_laserscan/lib:/home/allen/Robomaster/rm_ws/install/icp_registration/lib:/home/allen/Robomaster/rm_ws/install/fast_lio/lib:/home/allen/Robomaster/rm_ws/install/livox_ros_driver2/lib:/home/allen/Robomaster/rm_ws/install/linefit_ground_segmentation/lib:/home/allen/Robomaster/rm_ws/install/imu_complementary_filter/lib:/home/allen/Robomaster/rm_ws/install/fake_vel_transform/lib:/home/allen/Robomaster/rm_ws/install/costmap_converter/lib:/home/allen/Robomaster/rm_ws/install/costmap_converter_msgs/lib:/usr/lib/x86_64-linux-gnu/gazebo-11/plugins:/opt/ros/humble/opt/rviz_ogre_vendor/lib:/opt/ros/humble/lib/x86_64-linux-gnu:/opt/ros/humble/opt/openvdb_vendor/lib:/opt/ros/humble/lib:/usr/local/lib:/usr/local/lib:/usr/local/lib:/usr/local/lib PYTHONPATH=/home/allen/rm_ws/install/livox_ros_driver2/local/lib/python3.10/dist-packages:${PYTHONPATH} /usr/bin/cmake --install /home/allen/rm_ws/build/point_lio
[1462.841s] Level 1:colcon.colcon_core.environment:create_environment_scripts_only(point_lio)
[1462.842s] Level 1:colcon.colcon_core.environment:checking '/home/allen/rm_ws/install/point_lio' for CMake module files
[1462.844s] Level 1:colcon.colcon_core.environment:checking '/home/allen/rm_ws/install/point_lio' for CMake config files
[1462.845s] DEBUG:colcon.colcon_core.event_handler.log_command:Invoked command in '/home/allen/rm_ws/build/point_lio' returned '0': AMENT_PREFIX_PATH=/home/allen/rm_ws/install/livox_ros_driver2:${AMENT_PREFIX_PATH} CMAKE_PREFIX_PATH=/home/allen/rm_ws/install/livox_ros_driver2:/home/allen/Robomaster/rm_ws/install/teb_local_planner:/home/allen/Robomaster/rm_ws/install/teb_msgs:/home/allen/Robomaster/rm_ws/install/ros2_livox_simulation:/home/allen/Robomaster/rm_ws/install/rmbot2:/home/allen/Robomaster/rm_ws/install/rm_navigation:/home/allen/Robomaster/rm_ws/install/rm_nav_bringup:/home/allen/Robomaster/rm_ws/install/pointcloud_to_laserscan:/home/allen/Robomaster/rm_ws/install/point_lio:/home/allen/Robomaster/rm_ws/install/icp_registration:/home/allen/Robomaster/rm_ws/install/fast_lio:/home/allen/Robomaster/rm_ws/install/livox_ros_driver2:/home/allen/Robomaster/rm_ws/install/linefit_ground_segmentation_ros:/home/allen/Robomaster/rm_ws/install/linefit_ground_segmentation:/home/allen/Robomaster/rm_ws/install/imu_complementary_filter:/home/allen/Robomaster/rm_ws/install/fake_vel_transform:/home/allen/Robomaster/rm_ws/install/costmap_converter:/home/allen/Robomaster/rm_ws/install/costmap_converter_msgs:/home/allen/capstone/description_ws/install/ur_yt_sim:/home/allen/capstone/description_ws/install/ur10e_description:/home/allen/capstone/description_ws/install/kuka_agilus_support:/home/allen/capstone/description_ws/install/kuka_resources:/opt/ros/humble:/home/allen/capstone/description_ws/install/kuka_kr3_description LD_LIBRARY_PATH=/home/allen/rm_ws/install/livox_ros_driver2/lib:/home/allen/Robomaster/rm_ws/install/teb_local_planner/lib:/home/allen/Robomaster/rm_ws/install/teb_msgs/lib:/home/allen/Robomaster/rm_ws/install/ros2_livox_simulation/lib:/home/allen/Robomaster/rm_ws/install/pointcloud_to_laserscan/lib:/home/allen/Robomaster/rm_ws/install/icp_registration/lib:/home/allen/Robomaster/rm_ws/install/fast_lio/lib:/home/allen/Robomaster/rm_ws/install/livox_ros_driver2/lib:/home/allen/Robomaster/rm_ws/install/linefit_ground_segmentation/lib:/home/allen/Robomaster/rm_ws/install/imu_complementary_filter/lib:/home/allen/Robomaster/rm_ws/install/fake_vel_transform/lib:/home/allen/Robomaster/rm_ws/install/costmap_converter/lib:/home/allen/Robomaster/rm_ws/install/costmap_converter_msgs/lib:/usr/lib/x86_64-linux-gnu/gazebo-11/plugins:/opt/ros/humble/opt/rviz_ogre_vendor/lib:/opt/ros/humble/lib/x86_64-linux-gnu:/opt/ros/humble/opt/openvdb_vendor/lib:/opt/ros/humble/lib:/usr/local/lib:/usr/local/lib:/usr/local/lib:/usr/local/lib PYTHONPATH=/home/allen/rm_ws/install/livox_ros_driver2/local/lib/python3.10/dist-packages:${PYTHONPATH} /usr/bin/cmake --install /home/allen/rm_ws/build/point_lio
[1462.847s] Level 1:colcon.colcon_core.shell:create_environment_hook('point_lio', 'cmake_prefix_path')
[1462.847s] INFO:colcon.colcon_core.shell:Creating environment hook '/home/allen/rm_ws/install/point_lio/share/point_lio/hook/cmake_prefix_path.ps1'
[1462.848s] INFO:colcon.colcon_core.shell:Creating environment descriptor '/home/allen/rm_ws/install/point_lio/share/point_lio/hook/cmake_prefix_path.dsv'
[1462.852s] INFO:colcon.colcon_core.shell:Creating environment hook '/home/allen/rm_ws/install/point_lio/share/point_lio/hook/cmake_prefix_path.sh'
[1462.853s] Level 1:colcon.colcon_core.environment:checking '/home/allen/rm_ws/install/point_lio/lib'
[1462.853s] Level 1:colcon.colcon_core.environment:checking '/home/allen/rm_ws/install/point_lio/bin'
[1462.854s] Level 1:colcon.colcon_core.environment:checking '/home/allen/rm_ws/install/point_lio/lib/pkgconfig/point_lio.pc'
[1462.854s] Level 1:colcon.colcon_core.environment:checking '/home/allen/rm_ws/install/point_lio/lib/python3.10/site-packages'
[1462.855s] Level 1:colcon.colcon_core.environment:checking '/home/allen/rm_ws/install/point_lio/bin'
[1462.855s] INFO:colcon.colcon_core.shell:Creating package script '/home/allen/rm_ws/install/point_lio/share/point_lio/package.ps1'
[1462.856s] INFO:colcon.colcon_core.shell:Creating package descriptor '/home/allen/rm_ws/install/point_lio/share/point_lio/package.dsv'
[1462.858s] INFO:colcon.colcon_core.shell:Creating package script '/home/allen/rm_ws/install/point_lio/share/point_lio/package.sh'
[1462.859s] INFO:colcon.colcon_core.shell:Creating package script '/home/allen/rm_ws/install/point_lio/share/point_lio/package.bash'
[1462.860s] INFO:colcon.colcon_core.shell:Creating package script '/home/allen/rm_ws/install/point_lio/share/point_lio/package.zsh'
[1462.862s] Level 1:colcon.colcon_core.environment:create_file_with_runtime_dependencies(/home/allen/rm_ws/install/point_lio/share/colcon-core/packages/point_lio)
[1462.863s] Level 1:colcon.colcon_core.environment:create_environment_scripts_only(point_lio)
[1462.863s] Level 1:colcon.colcon_core.environment:checking '/home/allen/rm_ws/install/point_lio' for CMake module files
[1462.866s] Level 1:colcon.colcon_core.environment:checking '/home/allen/rm_ws/install/point_lio' for CMake config files
[1462.869s] Level 1:colcon.colcon_core.shell:create_environment_hook('point_lio', 'cmake_prefix_path')
[1462.870s] INFO:colcon.colcon_core.shell:Creating environment hook '/home/allen/rm_ws/install/point_lio/share/point_lio/hook/cmake_prefix_path.ps1'
[1462.873s] INFO:colcon.colcon_core.shell:Creating environment descriptor '/home/allen/rm_ws/install/point_lio/share/point_lio/hook/cmake_prefix_path.dsv'
[1462.876s] INFO:colcon.colcon_core.shell:Creating environment hook '/home/allen/rm_ws/install/point_lio/share/point_lio/hook/cmake_prefix_path.sh'
[1462.879s] Level 1:colcon.colcon_core.environment:checking '/home/allen/rm_ws/install/point_lio/lib'
[1462.882s] Level 1:colcon.colcon_core.environment:checking '/home/allen/rm_ws/install/point_lio/bin'
[1462.882s] Level 1:colcon.colcon_core.environment:checking '/home/allen/rm_ws/install/point_lio/lib/pkgconfig/point_lio.pc'
[1462.882s] Level 1:colcon.colcon_core.environment:checking '/home/allen/rm_ws/install/point_lio/lib/python3.10/site-packages'
[1462.882s] Level 1:colcon.colcon_core.environment:checking '/home/allen/rm_ws/install/point_lio/bin'
[1462.883s] INFO:colcon.colcon_core.shell:Creating package script '/home/allen/rm_ws/install/point_lio/share/point_lio/package.ps1'
[1462.885s] INFO:colcon.colcon_core.shell:Creating package descriptor '/home/allen/rm_ws/install/point_lio/share/point_lio/package.dsv'
[1462.887s] INFO:colcon.colcon_core.shell:Creating package script '/home/allen/rm_ws/install/point_lio/share/point_lio/package.sh'
[1462.888s] INFO:colcon.colcon_core.shell:Creating package script '/home/allen/rm_ws/install/point_lio/share/point_lio/package.bash'
[1462.891s] INFO:colcon.colcon_core.shell:Creating package script '/home/allen/rm_ws/install/point_lio/share/point_lio/package.zsh'
[1462.894s] Level 1:colcon.colcon_core.environment:create_file_with_runtime_dependencies(/home/allen/rm_ws/install/point_lio/share/colcon-core/packages/point_lio)
[1681.688s] DEBUG:colcon.colcon_core.event_handler.log_command:Invoked command in '/home/allen/rm_ws/build/teb_local_planner' returned '0': AMENT_PREFIX_PATH=/home/allen/rm_ws/install/teb_msgs:/home/allen/rm_ws/install/costmap_converter:/home/allen/rm_ws/install/costmap_converter_msgs:${AMENT_PREFIX_PATH} CMAKE_PREFIX_PATH=/home/allen/rm_ws/install/teb_msgs:/home/allen/rm_ws/install/costmap_converter:/home/allen/rm_ws/install/costmap_converter_msgs:/home/allen/Robomaster/rm_ws/install/teb_local_planner:/home/allen/Robomaster/rm_ws/install/teb_msgs:/home/allen/Robomaster/rm_ws/install/ros2_livox_simulation:/home/allen/Robomaster/rm_ws/install/rmbot2:/home/allen/Robomaster/rm_ws/install/rm_navigation:/home/allen/Robomaster/rm_ws/install/rm_nav_bringup:/home/allen/Robomaster/rm_ws/install/pointcloud_to_laserscan:/home/allen/Robomaster/rm_ws/install/point_lio:/home/allen/Robomaster/rm_ws/install/icp_registration:/home/allen/Robomaster/rm_ws/install/fast_lio:/home/allen/Robomaster/rm_ws/install/livox_ros_driver2:/home/allen/Robomaster/rm_ws/install/linefit_ground_segmentation_ros:/home/allen/Robomaster/rm_ws/install/linefit_ground_segmentation:/home/allen/Robomaster/rm_ws/install/imu_complementary_filter:/home/allen/Robomaster/rm_ws/install/fake_vel_transform:/home/allen/Robomaster/rm_ws/install/costmap_converter:/home/allen/Robomaster/rm_ws/install/costmap_converter_msgs:/home/allen/capstone/description_ws/install/ur_yt_sim:/home/allen/capstone/description_ws/install/ur10e_description:/home/allen/capstone/description_ws/install/kuka_agilus_support:/home/allen/capstone/description_ws/install/kuka_resources:/opt/ros/humble:/home/allen/capstone/description_ws/install/kuka_kr3_description LD_LIBRARY_PATH=/home/allen/rm_ws/install/teb_msgs/lib:/home/allen/rm_ws/install/costmap_converter/lib:/home/allen/rm_ws/install/costmap_converter_msgs/lib:/home/allen/Robomaster/rm_ws/install/teb_local_planner/lib:/home/allen/Robomaster/rm_ws/install/teb_msgs/lib:/home/allen/Robomaster/rm_ws/install/ros2_livox_simulation/lib:/home/allen/Robomaster/rm_ws/install/pointcloud_to_laserscan/lib:/home/allen/Robomaster/rm_ws/install/icp_registration/lib:/home/allen/Robomaster/rm_ws/install/fast_lio/lib:/home/allen/Robomaster/rm_ws/install/livox_ros_driver2/lib:/home/allen/Robomaster/rm_ws/install/linefit_ground_segmentation/lib:/home/allen/Robomaster/rm_ws/install/imu_complementary_filter/lib:/home/allen/Robomaster/rm_ws/install/fake_vel_transform/lib:/home/allen/Robomaster/rm_ws/install/costmap_converter/lib:/home/allen/Robomaster/rm_ws/install/costmap_converter_msgs/lib:/usr/lib/x86_64-linux-gnu/gazebo-11/plugins:/opt/ros/humble/opt/rviz_ogre_vendor/lib:/opt/ros/humble/lib/x86_64-linux-gnu:/opt/ros/humble/opt/openvdb_vendor/lib:/opt/ros/humble/lib:/usr/local/lib:/usr/local/lib:/usr/local/lib:/usr/local/lib PATH=/home/allen/rm_ws/install/costmap_converter/bin:${PATH} PYTHONPATH=/home/allen/rm_ws/install/teb_msgs/local/lib/python3.10/dist-packages:/home/allen/rm_ws/install/costmap_converter_msgs/local/lib/python3.10/dist-packages:${PYTHONPATH} /usr/bin/cmake --build /home/allen/rm_ws/build/teb_local_planner -- -j2 -l2
[1681.701s] DEBUG:colcon.colcon_core.event_handler.log_command:Invoking command in '/home/allen/rm_ws/build/teb_local_planner': AMENT_PREFIX_PATH=/home/allen/rm_ws/install/teb_msgs:/home/allen/rm_ws/install/costmap_converter:/home/allen/rm_ws/install/costmap_converter_msgs:${AMENT_PREFIX_PATH} CMAKE_PREFIX_PATH=/home/allen/rm_ws/install/teb_msgs:/home/allen/rm_ws/install/costmap_converter:/home/allen/rm_ws/install/costmap_converter_msgs:/home/allen/Robomaster/rm_ws/install/teb_local_planner:/home/allen/Robomaster/rm_ws/install/teb_msgs:/home/allen/Robomaster/rm_ws/install/ros2_livox_simulation:/home/allen/Robomaster/rm_ws/install/rmbot2:/home/allen/Robomaster/rm_ws/install/rm_navigation:/home/allen/Robomaster/rm_ws/install/rm_nav_bringup:/home/allen/Robomaster/rm_ws/install/pointcloud_to_laserscan:/home/allen/Robomaster/rm_ws/install/point_lio:/home/allen/Robomaster/rm_ws/install/icp_registration:/home/allen/Robomaster/rm_ws/install/fast_lio:/home/allen/Robomaster/rm_ws/install/livox_ros_driver2:/home/allen/Robomaster/rm_ws/install/linefit_ground_segmentation_ros:/home/allen/Robomaster/rm_ws/install/linefit_ground_segmentation:/home/allen/Robomaster/rm_ws/install/imu_complementary_filter:/home/allen/Robomaster/rm_ws/install/fake_vel_transform:/home/allen/Robomaster/rm_ws/install/costmap_converter:/home/allen/Robomaster/rm_ws/install/costmap_converter_msgs:/home/allen/capstone/description_ws/install/ur_yt_sim:/home/allen/capstone/description_ws/install/ur10e_description:/home/allen/capstone/description_ws/install/kuka_agilus_support:/home/allen/capstone/description_ws/install/kuka_resources:/opt/ros/humble:/home/allen/capstone/description_ws/install/kuka_kr3_description LD_LIBRARY_PATH=/home/allen/rm_ws/install/teb_msgs/lib:/home/allen/rm_ws/install/costmap_converter/lib:/home/allen/rm_ws/install/costmap_converter_msgs/lib:/home/allen/Robomaster/rm_ws/install/teb_local_planner/lib:/home/allen/Robomaster/rm_ws/install/teb_msgs/lib:/home/allen/Robomaster/rm_ws/install/ros2_livox_simulation/lib:/home/allen/Robomaster/rm_ws/install/pointcloud_to_laserscan/lib:/home/allen/Robomaster/rm_ws/install/icp_registration/lib:/home/allen/Robomaster/rm_ws/install/fast_lio/lib:/home/allen/Robomaster/rm_ws/install/livox_ros_driver2/lib:/home/allen/Robomaster/rm_ws/install/linefit_ground_segmentation/lib:/home/allen/Robomaster/rm_ws/install/imu_complementary_filter/lib:/home/allen/Robomaster/rm_ws/install/fake_vel_transform/lib:/home/allen/Robomaster/rm_ws/install/costmap_converter/lib:/home/allen/Robomaster/rm_ws/install/costmap_converter_msgs/lib:/usr/lib/x86_64-linux-gnu/gazebo-11/plugins:/opt/ros/humble/opt/rviz_ogre_vendor/lib:/opt/ros/humble/lib/x86_64-linux-gnu:/opt/ros/humble/opt/openvdb_vendor/lib:/opt/ros/humble/lib:/usr/local/lib:/usr/local/lib:/usr/local/lib:/usr/local/lib PATH=/home/allen/rm_ws/install/costmap_converter/bin:${PATH} PYTHONPATH=/home/allen/rm_ws/install/teb_msgs/local/lib/python3.10/dist-packages:/home/allen/rm_ws/install/costmap_converter_msgs/local/lib/python3.10/dist-packages:${PYTHONPATH} /usr/bin/cmake --install /home/allen/rm_ws/build/teb_local_planner
[1686.021s] Level 1:colcon.colcon_core.environment:create_environment_scripts_only(teb_local_planner)
[1686.021s] Level 1:colcon.colcon_core.environment:checking '/home/allen/rm_ws/install/teb_local_planner' for CMake module files
[1686.025s] DEBUG:colcon.colcon_core.event_handler.log_command:Invoked command in '/home/allen/rm_ws/build/teb_local_planner' returned '0': AMENT_PREFIX_PATH=/home/allen/rm_ws/install/teb_msgs:/home/allen/rm_ws/install/costmap_converter:/home/allen/rm_ws/install/costmap_converter_msgs:${AMENT_PREFIX_PATH} CMAKE_PREFIX_PATH=/home/allen/rm_ws/install/teb_msgs:/home/allen/rm_ws/install/costmap_converter:/home/allen/rm_ws/install/costmap_converter_msgs:/home/allen/Robomaster/rm_ws/install/teb_local_planner:/home/allen/Robomaster/rm_ws/install/teb_msgs:/home/allen/Robomaster/rm_ws/install/ros2_livox_simulation:/home/allen/Robomaster/rm_ws/install/rmbot2:/home/allen/Robomaster/rm_ws/install/rm_navigation:/home/allen/Robomaster/rm_ws/install/rm_nav_bringup:/home/allen/Robomaster/rm_ws/install/pointcloud_to_laserscan:/home/allen/Robomaster/rm_ws/install/point_lio:/home/allen/Robomaster/rm_ws/install/icp_registration:/home/allen/Robomaster/rm_ws/install/fast_lio:/home/allen/Robomaster/rm_ws/install/livox_ros_driver2:/home/allen/Robomaster/rm_ws/install/linefit_ground_segmentation_ros:/home/allen/Robomaster/rm_ws/install/linefit_ground_segmentation:/home/allen/Robomaster/rm_ws/install/imu_complementary_filter:/home/allen/Robomaster/rm_ws/install/fake_vel_transform:/home/allen/Robomaster/rm_ws/install/costmap_converter:/home/allen/Robomaster/rm_ws/install/costmap_converter_msgs:/home/allen/capstone/description_ws/install/ur_yt_sim:/home/allen/capstone/description_ws/install/ur10e_description:/home/allen/capstone/description_ws/install/kuka_agilus_support:/home/allen/capstone/description_ws/install/kuka_resources:/opt/ros/humble:/home/allen/capstone/description_ws/install/kuka_kr3_description LD_LIBRARY_PATH=/home/allen/rm_ws/install/teb_msgs/lib:/home/allen/rm_ws/install/costmap_converter/lib:/home/allen/rm_ws/install/costmap_converter_msgs/lib:/home/allen/Robomaster/rm_ws/install/teb_local_planner/lib:/home/allen/Robomaster/rm_ws/install/teb_msgs/lib:/home/allen/Robomaster/rm_ws/install/ros2_livox_simulation/lib:/home/allen/Robomaster/rm_ws/install/pointcloud_to_laserscan/lib:/home/allen/Robomaster/rm_ws/install/icp_registration/lib:/home/allen/Robomaster/rm_ws/install/fast_lio/lib:/home/allen/Robomaster/rm_ws/install/livox_ros_driver2/lib:/home/allen/Robomaster/rm_ws/install/linefit_ground_segmentation/lib:/home/allen/Robomaster/rm_ws/install/imu_complementary_filter/lib:/home/allen/Robomaster/rm_ws/install/fake_vel_transform/lib:/home/allen/Robomaster/rm_ws/install/costmap_converter/lib:/home/allen/Robomaster/rm_ws/install/costmap_converter_msgs/lib:/usr/lib/x86_64-linux-gnu/gazebo-11/plugins:/opt/ros/humble/opt/rviz_ogre_vendor/lib:/opt/ros/humble/lib/x86_64-linux-gnu:/opt/ros/humble/opt/openvdb_vendor/lib:/opt/ros/humble/lib:/usr/local/lib:/usr/local/lib:/usr/local/lib:/usr/local/lib PATH=/home/allen/rm_ws/install/costmap_converter/bin:${PATH} PYTHONPATH=/home/allen/rm_ws/install/teb_msgs/local/lib/python3.10/dist-packages:/home/allen/rm_ws/install/costmap_converter_msgs/local/lib/python3.10/dist-packages:${PYTHONPATH} /usr/bin/cmake --install /home/allen/rm_ws/build/teb_local_planner
[1686.027s] Level 1:colcon.colcon_core.environment:checking '/home/allen/rm_ws/install/teb_local_planner' for CMake config files
[1686.029s] Level 1:colcon.colcon_core.shell:create_environment_hook('teb_local_planner', 'cmake_prefix_path')
[1686.029s] INFO:colcon.colcon_core.shell:Creating environment hook '/home/allen/rm_ws/install/teb_local_planner/share/teb_local_planner/hook/cmake_prefix_path.ps1'
[1686.030s] INFO:colcon.colcon_core.shell:Creating environment descriptor '/home/allen/rm_ws/install/teb_local_planner/share/teb_local_planner/hook/cmake_prefix_path.dsv'
[1686.031s] INFO:colcon.colcon_core.shell:Creating environment hook '/home/allen/rm_ws/install/teb_local_planner/share/teb_local_planner/hook/cmake_prefix_path.sh'
[1686.033s] Level 1:colcon.colcon_core.environment:checking '/home/allen/rm_ws/install/teb_local_planner/lib'
[1686.033s] Level 1:colcon.colcon_core.shell:create_environment_hook('teb_local_planner', 'ld_library_path_lib')
[1686.033s] INFO:colcon.colcon_core.shell:Creating environment hook '/home/allen/rm_ws/install/teb_local_planner/share/teb_local_planner/hook/ld_library_path_lib.ps1'
[1686.035s] INFO:colcon.colcon_core.shell:Creating environment descriptor '/home/allen/rm_ws/install/teb_local_planner/share/teb_local_planner/hook/ld_library_path_lib.dsv'
[1686.035s] INFO:colcon.colcon_core.shell:Creating environment hook '/home/allen/rm_ws/install/teb_local_planner/share/teb_local_planner/hook/ld_library_path_lib.sh'
[1686.036s] Level 1:colcon.colcon_core.environment:checking '/home/allen/rm_ws/install/teb_local_planner/bin'
[1686.036s] Level 1:colcon.colcon_core.environment:checking '/home/allen/rm_ws/install/teb_local_planner/lib/pkgconfig/teb_local_planner.pc'
[1686.036s] Level 1:colcon.colcon_core.environment:checking '/home/allen/rm_ws/install/teb_local_planner/lib/python3.10/site-packages'
[1686.036s] Level 1:colcon.colcon_core.environment:checking '/home/allen/rm_ws/install/teb_local_planner/bin'
[1686.037s] INFO:colcon.colcon_core.shell:Creating package script '/home/allen/rm_ws/install/teb_local_planner/share/teb_local_planner/package.ps1'
[1686.038s] INFO:colcon.colcon_core.shell:Creating package descriptor '/home/allen/rm_ws/install/teb_local_planner/share/teb_local_planner/package.dsv'
[1686.040s] INFO:colcon.colcon_core.shell:Creating package script '/home/allen/rm_ws/install/teb_local_planner/share/teb_local_planner/package.sh'
[1686.041s] INFO:colcon.colcon_core.shell:Creating package script '/home/allen/rm_ws/install/teb_local_planner/share/teb_local_planner/package.bash'
[1686.042s] INFO:colcon.colcon_core.shell:Creating package script '/home/allen/rm_ws/install/teb_local_planner/share/teb_local_planner/package.zsh'
[1686.043s] Level 1:colcon.colcon_core.environment:create_file_with_runtime_dependencies(/home/allen/rm_ws/install/teb_local_planner/share/colcon-core/packages/teb_local_planner)
[1686.045s] Level 1:colcon.colcon_core.environment:create_environment_scripts_only(teb_local_planner)
[1686.045s] Level 1:colcon.colcon_core.environment:checking '/home/allen/rm_ws/install/teb_local_planner' for CMake module files
[1686.049s] Level 1:colcon.colcon_core.environment:checking '/home/allen/rm_ws/install/teb_local_planner' for CMake config files
[1686.051s] Level 1:colcon.colcon_core.shell:create_environment_hook('teb_local_planner', 'cmake_prefix_path')
[1686.051s] INFO:colcon.colcon_core.shell:Creating environment hook '/home/allen/rm_ws/install/teb_local_planner/share/teb_local_planner/hook/cmake_prefix_path.ps1'
[1686.053s] INFO:colcon.colcon_core.shell:Creating environment descriptor '/home/allen/rm_ws/install/teb_local_planner/share/teb_local_planner/hook/cmake_prefix_path.dsv'
[1686.058s] INFO:colcon.colcon_core.shell:Creating environment hook '/home/allen/rm_ws/install/teb_local_planner/share/teb_local_planner/hook/cmake_prefix_path.sh'
[1686.061s] Level 1:colcon.colcon_core.environment:checking '/home/allen/rm_ws/install/teb_local_planner/lib'
[1686.061s] Level 1:colcon.colcon_core.shell:create_environment_hook('teb_local_planner', 'ld_library_path_lib')
[1686.062s] INFO:colcon.colcon_core.shell:Creating environment hook '/home/allen/rm_ws/install/teb_local_planner/share/teb_local_planner/hook/ld_library_path_lib.ps1'
[1686.063s] INFO:colcon.colcon_core.shell:Creating environment descriptor '/home/allen/rm_ws/install/teb_local_planner/share/teb_local_planner/hook/ld_library_path_lib.dsv'
[1686.065s] INFO:colcon.colcon_core.shell:Creating environment hook '/home/allen/rm_ws/install/teb_local_planner/share/teb_local_planner/hook/ld_library_path_lib.sh'
[1686.066s] Level 1:colcon.colcon_core.environment:checking '/home/allen/rm_ws/install/teb_local_planner/bin'
[1686.067s] Level 1:colcon.colcon_core.environment:checking '/home/allen/rm_ws/install/teb_local_planner/lib/pkgconfig/teb_local_planner.pc'
[1686.067s] Level 1:colcon.colcon_core.environment:checking '/home/allen/rm_ws/install/teb_local_planner/lib/python3.10/site-packages'
[1686.067s] Level 1:colcon.colcon_core.environment:checking '/home/allen/rm_ws/install/teb_local_planner/bin'
[1686.068s] INFO:colcon.colcon_core.shell:Creating package script '/home/allen/rm_ws/install/teb_local_planner/share/teb_local_planner/package.ps1'
[1686.069s] INFO:colcon.colcon_core.shell:Creating package descriptor '/home/allen/rm_ws/install/teb_local_planner/share/teb_local_planner/package.dsv'
[1686.071s] INFO:colcon.colcon_core.shell:Creating package script '/home/allen/rm_ws/install/teb_local_planner/share/teb_local_planner/package.sh'
[1686.073s] INFO:colcon.colcon_core.shell:Creating package script '/home/allen/rm_ws/install/teb_local_planner/share/teb_local_planner/package.bash'
[1686.075s] INFO:colcon.colcon_core.shell:Creating package script '/home/allen/rm_ws/install/teb_local_planner/share/teb_local_planner/package.zsh'
[1686.078s] Level 1:colcon.colcon_core.environment:create_file_with_runtime_dependencies(/home/allen/rm_ws/install/teb_local_planner/share/colcon-core/packages/teb_local_planner)
[1686.080s] DEBUG:colcon.colcon_parallel_executor.executor.parallel:closing loop
[1686.081s] DEBUG:colcon.colcon_parallel_executor.executor.parallel:loop closed
[1686.082s] DEBUG:colcon.colcon_parallel_executor.executor.parallel:run_until_complete finished with '0'
[1686.082s] DEBUG:colcon.colcon_core.event_reactor:joining thread
[1686.116s] INFO:colcon.colcon_core.plugin_system:Skipping extension 'colcon_notification.desktop_notification.terminal_notifier': Not used on non-Darwin systems
[1686.116s] INFO:colcon.colcon_core.plugin_system:Skipping extension 'colcon_notification.desktop_notification.win32': Not used on non-Windows systems
[1686.116s] INFO:colcon.colcon_notification.desktop_notification:Sending desktop notification using 'notify2'
[1686.160s] DEBUG:colcon.colcon_core.event_reactor:joined thread
[1686.162s] INFO:colcon.colcon_core.shell:Creating prefix script '/home/allen/rm_ws/install/local_setup.ps1'
[1686.164s] INFO:colcon.colcon_core.shell:Creating prefix util module '/home/allen/rm_ws/install/_local_setup_util_ps1.py'
[1686.167s] INFO:colcon.colcon_core.shell:Creating prefix chain script '/home/allen/rm_ws/install/setup.ps1'
[1686.188s] INFO:colcon.colcon_core.shell:Creating prefix script '/home/allen/rm_ws/install/local_setup.sh'
[1686.190s] INFO:colcon.colcon_core.shell:Creating prefix util module '/home/allen/rm_ws/install/_local_setup_util_sh.py'
[1686.191s] INFO:colcon.colcon_core.shell:Creating prefix chain script '/home/allen/rm_ws/install/setup.sh'
[1686.201s] INFO:colcon.colcon_core.shell:Creating prefix script '/home/allen/rm_ws/install/local_setup.bash'
[1686.202s] INFO:colcon.colcon_core.shell:Creating prefix chain script '/home/allen/rm_ws/install/setup.bash'
[1686.213s] INFO:colcon.colcon_core.shell:Creating prefix script '/home/allen/rm_ws/install/local_setup.zsh'
[1686.215s] INFO:colcon.colcon_core.shell:Creating prefix chain script '/home/allen/rm_ws/install/setup.zsh'
